category,true_label,pred_label,confidence,text_len_words,text
TP,1,1,0.5903,15,"good , i love hiking ! . i take my dogs to the lake often"
FP,0,1,0.5698,10,"it is , but my roommates help out sometimes ."
FP,0,1,0.905,7,interesting . how old are you ?
TP,1,1,0.7995,15,i am studying for my masters . fortunately mom lets me live with her .
TP,1,1,0.9104,9,i want to teach kids in elementary school .
FP,0,1,0.5618,17,"maybe along with that pie you can take a pic of my cat , love him ."
FP,0,1,0.8426,8,i catch the football and hockey games .
TP,1,1,0.736,5,hi i have four siblings
FP,0,1,0.5174,14,that's probably entirely true . unless i were a rich dog . . .
TP,1,1,0.6459,8,"i am well , how are you ?"
TP,1,1,0.5986,8,i love chocolate ice cream . you .
TP,1,1,0.6156,14,i'm so sorry to hear that . do you ever drink and drive ?
FP,0,1,0.9222,5,why do you hate it
TP,1,1,0.8587,11,i just got my rejection letter from the gifted program .
TN,0,0,0.2829,16,healthy ! i stay at home with my two kids while my husband makes the living
FP,0,1,0.9357,7,where do you live at then ?
FP,0,1,0.8141,9,going to the city that would be fun !
TP,1,1,0.7524,8,i enjoy the occasional drink with friends .
TP,1,1,0.6922,13,i also give blood monthly in honor of my sister who died .
FP,0,1,0.5739,12,"kinda , i been in the game since i was four ."
FP,0,1,0.581,11,"what do you like ? iced coffee , i hope !"
TP,1,1,0.8332,4,i love cooking .
FP,0,1,0.6578,14,"the plot thickens lol how cool , did you get his number or anything"
FP,0,1,0.8702,6,do you like meat lovers pizza
TP,1,1,0.5824,19,oh no ! but how can you be sure ? ! i'm under a bridge on 59th street .
TP,1,1,0.8052,6,i dyed my hair pink .
FN,1,0,0.3826,18,i'm sure your ego is from mommy issues ? maybe a pet can help calm you down .
FP,0,1,0.7049,9,first yr ! do you have any hobbies ?
TP,1,1,0.6283,11,definitely . i love dragons . wish i had one .
TP,1,1,0.5782,17,i have a car . i drive to the school my boyfriend goes to learn acting .
FN,1,0,0.4025,19,"ll well that's interesting . you like dogs ? pugs are so loyal , i have one name biscuit"
TP,1,1,0.6303,8,i joined a new team last month .
FP,0,1,0.7391,17,i had to call 911 once it was so bad . do you have any pets ?
FP,0,1,0.5596,14,yes they are . i will name mine charlie daniels he is my favorite
TN,0,0,0.3231,10,are you hungry ? i can bake you something .
TP,1,1,0.7271,14,any books in about horses ? i love horses mines name is beauty .
FP,0,1,0.5328,15,i trust only you . my vera is nice . why is yours dead ?
TP,1,1,0.8779,12,i am going to watch football . what are you canning ?
TP,1,1,0.8935,5,my major is business .
FP,0,1,0.6555,12,cool . . . i followed my father and became an author
FN,1,0,0.3405,16,"i know , right ? that is why culinary school was where i ended up ."
FP,0,1,0.8566,11,"oh , you can never be too tall to dance !"
TN,0,0,0.1523,18,maybe i could introduce you to my sister in law . she's all wrong for my brother .
TP,1,1,0.9043,5,i never eat veggies .
FP,0,1,0.7239,6,how does that feel for you
TP,1,1,0.7471,4,i love animals .
FP,0,1,0.9263,9,how so ? organic food is not nice .
TP,1,1,0.9128,11,"i hate my parents , but i love my job ."
TP,1,1,0.7156,12,hi . i love to garden . what do you do ?
TN,0,0,0.456,17,sounds like we have a lot in common . how do you feel about urban farms ?
TP,1,1,0.9377,5,i work in a factory
TN,0,0,0.4278,14,"if i were a fish , i would be all over fried chicken ."
TP,1,1,0.832,6,i am a guitar player .
TN,0,0,0.4255,9,make sure you spell the food right ! d
FN,1,0,0.3414,14,"its nice to have simple pleasures , i love the simple things in life"
TP,1,1,0.8817,8,i climb trees because i'm a spider monkey
TP,1,1,0.6983,6,i graduated college in 2016 .
FP,0,1,0.6523,9,"that is good , salads all day everyday ."
TP,1,1,0.8647,10,"i love pizza , but my favorite cuisine is thai"
TP,1,1,0.7583,8,i am getting married in six months .
TP,1,1,0.809,4,i am thin .
TP,1,1,0.9149,10,i am not really sure . whenso your birthday ?
FP,0,1,0.7858,9,i've a girlfriend very in love hope to marry
TN,0,0,0.2293,19,"you got it , that is why i can not stand skiing . can not wear the boots ."
FP,0,1,0.7233,15,fill out the necessary paperwork and send it to the rector of your parrish .
TP,1,1,0.8822,9,i try i like video games and race cars
FP,0,1,0.6221,9,amazing have any pets ? i've three cats .
FP,0,1,0.7173,14,"i really enjoy free diving , how about you , have any hobbies ?"
TP,1,1,0.8984,6,nachos are my favorite food .
TP,1,1,0.8932,5,i'm from the planet saturn
TN,0,0,0.261,8,good luck . that's a rough thing .
FP,0,1,0.6413,10,no i don't have any it was boring growing up
TP,1,1,0.6776,10,i did a few small roles in tv series .
TP,1,1,0.847,6,i like to write poetry .
TP,1,1,0.6832,8,i used to be in the marines .
TP,1,1,0.8263,14,"my mom works as a cashier at walmart , i live in her basement"
FP,0,1,0.9189,13,"not necessarily , but if i stole something that was originally mine ?"
FP,0,1,0.8992,6,i bet that it really hurts
FP,0,1,0.5655,23,6 foot . my girl friend is 6 2 . love those long legs . she is beautiful . how about you ?
TP,1,1,0.7907,9,i do also . where do you live ?
TP,1,1,0.5127,8,i love to do yoga . you ?
FP,0,1,0.7849,12,totally . i always look for ways to make money easily .
TN,0,0,0.3975,16,"i went to the salon , i fit in with the other girls at school ."
FP,0,1,0.8811,6,my granny loves to cliff dive
FP,0,1,0.8366,6,"did i say beer , lol"
TP,1,1,0.7192,7,my grandmother lives in my guesthouse .
TP,1,1,0.7718,6,i am good thanks for asking
TP,1,1,0.6557,15,i agree . i like having a picnic and looking at the cloud shapes .
FP,0,1,0.6775,8,i would love to travel as well .
TP,1,1,0.7225,7,madonna is my all time favorite .
TP,1,1,0.8275,7,my mother was born in ireland .
FN,1,0,0.2376,13,"i am well , what do you do in your spare time ?"
FP,0,1,0.8571,17,"saving for college . my parents kicked me out at 14 , so its been rough ."
FN,1,0,0.3207,17,oh okay . that is interesting . i live by myself and work on cars a lot
FP,0,1,0.9335,5,do you get free pizza
TP,1,1,0.8918,12,i'm doing good should be sleeping i have school but cant sleep
FP,0,1,0.7542,17,"no just cats . i travel a lot , traveled around world on boat last year ."
FP,0,1,0.7215,6,that does sound fun take me
FN,1,0,0.4251,8,yeah it is because people can talk .
TN,0,0,0.1331,19,"yea . not to mention , i get made fun of a lot . not happy with my image"
TP,1,1,0.767,9,i like to go fishing on the lake .
TN,0,0,0.44,13,"very good , lots of downtime for reading . how about you ?"
TP,1,1,0.8873,7,i love to cut down trees .
TP,1,1,0.7248,11,starbucks ! i love the atmosphere and they treat employees great
TN,0,0,0.1911,13,"awww , that's precious . i feel the same way about my mom"
FP,0,1,0.6738,14,wish i can site it at the beach love reading books at the beach
FN,1,0,0.3022,16,"i love animals , so much so i'm vegan . you know what that is ?"
FP,0,1,0.8997,6,do you know mike trout ?
TP,1,1,0.6838,5,i love to sing .
FP,0,1,0.6106,13,how nice . once i get my bachelors degree a great honeymoon spot
FP,0,1,0.7999,14,"music ? my fav singer of forever is ke ha , like wow ."
TP,1,1,0.7515,19,when i am not chasing my siberian huskies 2 of them ! i like to play the guitar .
TP,1,1,0.7784,11,i am not into meat and cut back stayed vegan .
FP,0,1,0.7992,10,that is very true . do you ever donate ?
TP,1,1,0.9104,5,i m from texas .
FP,0,1,0.8268,9,i suppose i should . got any hobbies ?
TP,1,1,0.7545,6,my favorite color is blue .
TP,1,1,0.7069,12,i live in providence and work at a publishing building downtown .
FN,1,0,0.1413,18,"hello , i am doing well . another day , another dollar , driving for the man ."
FP,0,1,0.7574,13,"my brother does too , especially since our parents moved to florida recently"
FP,0,1,0.7682,15,savage ? do you like death metal ? i know a member of martius .
FP,0,1,0.8074,9,halo is fine . where are you from ?
FP,0,1,0.6228,16,they're great . my mom and dad got it for me i still live with them
TP,1,1,0.5664,6,i've a cat named leela .
FN,1,0,0.3924,13,i am spending time with my 4 sisters what are you up to
TP,1,1,0.85,8,i'm enrolled in several college credit courses .
TP,1,1,0.7158,12,i sleep 10 hours every day because my work is tiring .
FP,0,1,0.5566,12,sounds super cool . i once created a dragon themed website .
TN,0,0,0.1817,15,"lol , i can imagine . i'll be reading a lot when football is over"
TP,1,1,0.7461,4,i'm very athletic .
FP,0,1,0.7419,9,me to ! i u don't like meat anymore
FN,1,0,0.4699,16,i'm heading to work but stopping to pick up a birthday gift for my husband .
FP,0,1,0.7718,9,"no , i do not make enough money ."
FP,0,1,0.6118,9,so are you in an orchestra or something ?
FP,0,1,0.6221,11,"hello , how are you doing tonight ? its midnight here"
FP,0,1,0.8251,10,do you write for a living or as a hobby
TP,1,1,0.7947,6,my favorite band is tool .
TP,1,1,0.889,13,i only use apple products because i feel everything else is inferior .
FN,1,0,0.2285,14,i am okay . i wish i was more tired though . you ?
FP,0,1,0.6826,14,my pet snake makes me smile . do you guys have any kids ?
TP,1,1,0.8248,10,ke ha is my favorite singer of all time .
TP,1,1,0.759,8,i work as a stand up comedian .
TP,1,1,0.7613,5,i need some new friends
TP,1,1,0.6125,5,i have four sisters .
TP,1,1,0.5666,9,"i'm sad as well , missing my father today"
FN,1,0,0.1506,19,oh okay . i will hurry . i work for a non profit organization that helps children in need
FP,0,1,0.9016,6,you play tennis or coach ?
TN,0,0,0.2937,14,oh that could be a problem lol . what do you do for fun
TP,1,1,0.901,6,i have a boxer dog .
FP,0,1,0.5026,15,"photographer , how about you ? what do you do ? hobbies ? spouse ?"
TP,1,1,0.8323,4,i have epilepsy .
TN,0,0,0.4757,7,hi ! how was your weekend ?
TP,1,1,0.8998,6,my class has 26 kids .
TP,1,1,0.7798,12,i think my mother was a bit touched in the head .
TP,1,1,0.8666,4,i hate tofu .
FP,0,1,0.584,11,lol its ok . what do you do for a living
TP,1,1,0.6996,16,i love it as much as i love walking dogs . where do you work ?
FP,0,1,0.6702,6,"that sounds relaxing , i suppose"
FP,0,1,0.5767,20,cute ! my college sweetie and i are more into swimming . ya will have any other couple activities ?
TP,1,1,0.7511,6,virginia and i am not nope
FP,0,1,0.8077,14,oh does it really ? i squat 400 pounds . 400 ! ! !
TP,1,1,0.7825,14,cool ! i love staring at clouds . flying must be even better !
TP,1,1,0.7501,12,on sundays i like to make breakfast . i too like cooking
TP,1,1,0.8681,9,i m a truck driver in the south .
TN,0,0,0.2618,12,it was big ! its why i cant really see anymore lol
TP,1,1,0.9369,8,i only date people taller than me .
TP,1,1,0.8598,4,i like baths .
FN,1,0,0.4072,15,"books are my greatest pleasure , i have a nice little library i'm building ."
TP,1,1,0.8325,5,i just graduated college .
TP,1,1,0.9009,10,i enjoy playing retro video games on my 386 .
TN,0,0,0.4469,16,"crazy , my wife is vera . were you wondering what had become of her ?"
TP,1,1,0.679,5,i love to read .
TP,1,1,0.8198,6,i like to wear boots .
TN,0,0,0.2792,5,that's quite alright good sir
TN,0,0,0.4365,14,that's awesome . do you have a favorite season or time of year ?
FP,0,1,0.7375,14,"no , saving money to move to australia to marry my boyfriend soon ."
TP,1,1,0.8869,8,i honestly do . i hate fighting .
FN,1,0,0.4617,11,i am in argentina myself . with my lovely horses .
TP,1,1,0.6599,5,i love to crochet .
FP,0,1,0.667,6,hello what are you doing ?
FP,0,1,0.9626,11,"sometimes i steal them , dust allergies this time of year"
TP,1,1,0.8752,6,both my parents were teachers .
FP,0,1,0.8628,6,it is how you like it
FP,0,1,0.6771,11,"that is cool , i used to have six cats ."
TP,1,1,0.6679,10,my husband is a soldier in the us army .
TP,1,1,0.8877,11,i love tattoos i want to get more only have 2
TP,1,1,0.8686,4,i watch basketball .
TP,1,1,0.9013,4,i wear contacts .
FP,0,1,0.5122,15,i really only can offer advice on colder parts of the country . sorry .
FP,0,1,0.8868,5,i've a cat named radar
TP,1,1,0.6468,8,my father was also in the military .
FP,0,1,0.7573,6,did you go to college ?
TP,1,1,0.8173,7,yeah i live with my parents now
TN,0,0,0.415,14,"build houses upon request , provide job training , maybe provide some money too"
FP,0,1,0.5771,7,good job that must take patience ?
FN,1,0,0.2318,13,"i'm a pathological liar , i make people upset and we fight ."
TN,0,0,0.3928,17,yes . . . about the batteries exploding ? what kind of work do you do ?
TP,1,1,0.8367,4,i've a cat .
FP,0,1,0.7113,8,"3 years , where do you work ?"
FN,1,0,0.4222,12,"hello , i've to be quick because i work in a hospital"
FP,0,1,0.5714,9,gonna go to the creek with my family !
TP,1,1,0.6825,14,i love people . pretty much a social queen . any other hobbies ?
FP,0,1,0.5417,17,hey how are you ? i wanted to go to florida to surf but no way !
FP,0,1,0.7067,11,i really love mexican food . burritos are my favorite !
TP,1,1,0.8707,11,i love pizza and i love to watch shows about superheroes
TP,1,1,0.771,6,i work at barnes and noble
TP,1,1,0.8275,12,i like fall and winter . summers are too hot here .
TP,1,1,0.6895,7,i'm angela my friends call me bubblegum
FP,0,1,0.6028,14,staying here is fine too though . my two dogs keep me company .
FP,0,1,0.7494,13,dialectical behavioral therapy . i use it to help with my borderline personality
TP,1,1,0.7647,10,i do own it i think there is confusion ?
TN,0,0,0.1089,12,lol nice . . well it was great talking to you !
FP,0,1,0.5714,14,"hi , how are you doing today ? do you have any hobbies ?"
TN,0,0,0.2963,13,they're nice . i cook for them in appreciation of their help .
TP,1,1,0.9143,5,i love collecting teapots .
TP,1,1,0.8412,8,i design video games for a living .
TP,1,1,0.7688,7,i do not know much about cows
FP,0,1,0.5375,14,"just graduated , now teaching kindergarten in ny to 26 angels . you ?"
FN,1,0,0.338,15,"i am doing well , working on my next youtube video . how are you"
TP,1,1,0.8623,7,i work as an interior designer .
FP,0,1,0.7534,6,do you own your own company
TN,0,0,0.1872,13,how did you know that is my favorite ! what about you ?
TP,1,1,0.8029,10,"no , i am more of a computer geek ."
TP,1,1,0.7105,7,i have a horse named beauty .
TP,1,1,0.6292,12,i also remodel homes when i am not out bow hunting .
TP,1,1,0.9272,7,i am under 6 feet tall .
FP,0,1,0.75,6,yes . lots of rabbits .
TP,1,1,0.6027,13,yeah they do all they can for me i'm lucky to have them
TP,1,1,0.6547,7,i've been divorced for 2 years .
FP,0,1,0.655,7,you have a very important job also
TP,1,1,0.5946,14,pie sounds good . maybe you could bake one for my book club .
TP,1,1,0.7566,13,maybe ! would you give them to the people using your app ?
TP,1,1,0.8011,18,"not bad , but since i have six toes on my left foot , it always hurts ."
TN,0,0,0.408,14,"hi , its great . just watching some videos , what about you ?"
TP,1,1,0.8097,9,i am the middle child of 3 siblings .
FP,0,1,0.671,13,my family works for ge . my father included though recently retired .
TP,1,1,0.7854,6,i have a pet snake .
FP,0,1,0.8394,5,what are your favorite things
FP,0,1,0.8955,9,do you have a good relationship with your parents
FN,1,0,0.3529,18,that will be nice . i want to do as much as i can while i'm young .
TP,1,1,0.8965,7,i don t like the beach .
TP,1,1,0.8262,6,zebras are my favorite animals .
TN,0,0,0.4347,9,it is and i can be quite witty .
FP,0,1,0.8717,4,she's almost 8 months
TP,1,1,0.8308,6,that's great ! i like hockey
FP,0,1,0.7868,5,i hike at the park
TP,1,1,0.7279,16,"i'm getting a degree in health science , food and water are important to me ."
FP,0,1,0.5976,9,yes actually . the love and war again .
FP,0,1,0.7482,15,"and interrupted my favorite tv show , the voice . whats your favorite show ?"
FN,1,0,0.4671,15,i thought i'd make a pretty good fashion designer since i love to shop .
TP,1,1,0.8867,11,i can only see 200 feet in front of me .
TP,1,1,0.6464,17,i want to start a juicy bar and needs help . can you help find some ?
TP,1,1,0.8964,7,i watch a lot of tv .
FN,1,0,0.3846,18,that is very selfless of you . what if your target population does not have phone access ?
FP,0,1,0.8791,15,urban farms are the best . there's one on top of my apartment building .
TP,1,1,0.8671,5,i really like technology .
TP,1,1,0.7405,16,"i have a samsung phone but i like i phones better , what about you ?"
FP,0,1,0.8381,7,are you an alien or something ?
TP,1,1,0.8815,11,"i love zebras , you must look cute on those socks"
TN,0,0,0.363,15,that's why i run for long periods so i can keep my sanity intact .
FP,0,1,0.6328,11,cuddle time with the animals ! do you have hobbies ?
TP,1,1,0.7345,14,i am more into hard rock . who do you know from martius ?
TP,1,1,0.8508,11,"i like video games too , fallout is my favorite ."
TP,1,1,0.9062,16,i live with my mom and watch a lot star trek . ever seen it ?
FP,0,1,0.5127,8,"hi , how are you doing today ?"
TN,0,0,0.4095,14,"perhaps , but my father is a minister and he wouldn't like that ."
FP,0,1,0.5157,15,i hear the latest ones are waterproof . maybe i could take it snorkeling !
FN,1,0,0.3951,12,i do not like disappointing and deceiving the people i love .
TP,1,1,0.7325,8,i've sandy brown hair and green eyes .
TP,1,1,0.7809,9,i'm gong to adopt a dog very soon .
TP,1,1,0.8142,6,yellow is my favorite color .
FP,0,1,0.802,7,oh no why are u confined ?
TP,1,1,0.8829,9,i love going shopping when i am not knitting
FP,0,1,0.8657,9,who says fashion designer isn't a real job ?
FN,1,0,0.4364,14,"that is so cool ! i'm more simple , i just like catching sunfish"
FN,1,0,0.3408,16,"i am sure they're easier to communicate with , though . animals are a handful !"
FP,0,1,0.8905,11,can you prove that ? i might eat dust today .
TP,1,1,0.5142,8,i am doing good just feeding my snake
FP,0,1,0.5949,13,that is impressive . do you get a lot of exercise there ?
FN,1,0,0.1776,18,"oh boy do i lol i bake alot when i have spare time , would love to share"
TP,1,1,0.7876,8,i play guitar in the local band .
TP,1,1,0.8979,7,my dad worked for home depot .
FN,1,0,0.4399,12,i play the drums too . i hope you aren't vegetarian .
FP,0,1,0.8636,6,my dog will not stop barking
TN,0,0,0.4476,10,i spend a lot of time in my garden .
FN,1,0,0.2982,14,helping people is my real love . thank you for chatting with me !
TP,1,1,0.6844,13,my favorite music is two steps from hell and rock opera genre .
FP,0,1,0.7309,14,"gas , gas and more gas not gasoline happens when i eat pudding ."
FN,1,0,0.2345,16,"that is ok , the snow can be enjoyable sometimes . i like christmas especially ."
FP,0,1,0.6176,15,very cool . i shoot short films with my cam my folks got me .
FP,0,1,0.8679,5,its hard not to sometimes
TN,0,0,0.3632,17,she might . she thinks she is better than me because she has an actual job .
FP,0,1,0.6067,17,thank you . i also donate blood in honor of my deceased sister . do you ?
TN,0,0,0.4842,6,oh why do you say ?
FP,0,1,0.6973,18,"do you have animals ? i've 1 dog , 1 cat . cat is bigger than dog ."
FN,1,0,0.3378,14,i work as a gourmet cook who also has a pitch perfect voice .
TP,1,1,0.9259,10,i live on the third floor in an apartment .
TP,1,1,0.8188,13,i have not gotten to read lately because i broke my glasses .
FP,0,1,0.583,5,no retired veteran and you
FP,0,1,0.5759,7,that is okay keep working at it
FP,0,1,0.6507,5,hey how are you ?
TN,0,0,0.4121,10,"that's very nice , do you see them often ?"
TN,0,0,0.4813,17,okay . . rough day waiting tables . . headed to class soon . and you ?
FN,1,0,0.3627,16,"i am great , just planning a hike for this weekend . how are you ?"
TP,1,1,0.6979,6,i've a horse named beauty .
TP,1,1,0.8785,8,i got married to my highschool friend .
TP,1,1,0.7678,5,i have two children .
TP,1,1,0.7535,6,my favorite food is cheese .
TP,1,1,0.5853,19,i am still in love with my ex boyfriend but trying to move on . are you single ?
TP,1,1,0.776,5,i like alternative rock .
TP,1,1,0.7277,7,my favorite drink is cuba libre .
TN,0,0,0.4247,12,". yeah , i can see like 200 in front of me"
FP,0,1,0.7287,14,you sure can ! i met him in a cave during halloween last year
TP,1,1,0.5078,13,i do not believe i have read that . is it good ?
TP,1,1,0.6745,14,it is i'm a giant nerd lol . do you sell nice sports cars
TP,1,1,0.8585,7,i'm a graduate student studying law .
TP,1,1,0.7809,6,rock music is my favorite .
TP,1,1,0.9359,6,my husband is a cop .
FP,0,1,0.8988,15,i was a head high school coach until a freak carrot accident . . .
TP,1,1,0.7015,7,i have a dog named bob .
FP,0,1,0.7091,13,lol yes but its worth saying twice . do you like piggies ?
FP,0,1,0.6321,15,it starts with self acceptance and confidence and being proud of who you are .
TP,1,1,0.6323,4,i've one son .
FP,0,1,0.8741,7,are you a boy or a girl
FP,0,1,0.8461,14,i always wear black . except the spikes on my collar are stainless .
TP,1,1,0.8214,8,i do after a long day at work
TP,1,1,0.7254,16,i am a single unemployed mom at the moment . but read tons of book .
FP,0,1,0.7261,15,yes ! i rode my bike to the last one that was in town .
TP,1,1,0.6153,13,the witch is dead . i have a cat his name is speckles
FP,0,1,0.5657,9,do you enjoy the internet ? i sure od
FP,0,1,0.5207,11,great . do you want to be my friend ? ?
TP,1,1,0.7784,18,never . i have been playing since i was four . it pays more than lifting weights .
TP,1,1,0.8419,13,i'm a boy . or a girl . or a cat ink anymore
TP,1,1,0.6761,5,i love to cook .
TP,1,1,0.5851,6,i am great and you ?
TP,1,1,0.812,4,i'm a dancer .
FP,0,1,0.8114,8,what did one hillbilly say to another ?
TP,1,1,0.6605,11,i like to cook a little i am really into larp
TP,1,1,0.6678,13,"i work at one of the major coffee chains , i love it"
FP,0,1,0.7961,14,like how ? how could a pet help a strong man like me ?
TP,1,1,0.6242,14,no but i used to be i am employed at a pizza restaurant .
TP,1,1,0.7624,16,"i do not . my husband wants a boy , he is in the army ."
FP,0,1,0.9223,5,i've wanted an iphone .
FP,0,1,0.7349,12,are there nice gentlemen there that like women with 4 breasts ?
TP,1,1,0.6595,9,i traveled around the world in a boat .
FP,0,1,0.8024,8,do you like to play video games ?
FN,1,0,0.4951,14,why are you so tired ? i can sleep when i am dead .
FP,0,1,0.5784,9,well it is a crime . just saying .
TP,1,1,0.9059,3,i'm tall .
TP,1,1,0.8491,8,i moved out when i was 14 .
FP,0,1,0.7427,9,have you even been to canada for snowboarding ?
FP,0,1,0.8019,8,sure . you like going to concerts ?
TP,1,1,0.8263,11,"hello , are you a comic book collector like me ?"
TN,0,0,0.3096,10,oh maybe you should help me and donate them .
FP,0,1,0.8679,7,why does not she get it ?
FP,0,1,0.7585,6,"watching a movie tonight , titanic"
FP,0,1,0.7347,11,so you have two cats ? what are their names ?
FP,0,1,0.7883,6,do you have any pets ?
TP,1,1,0.7191,16,i am not sure i hope its a boy . my dad is so judgemental .
FP,0,1,0.6063,14,have you tried playing games with them ? role playing can be fun !
TP,1,1,0.8198,10,i had a gig at local theater last night .
TP,1,1,0.7704,13,"i love halo 3 , it is my favorite video game to play"
FP,0,1,0.8503,8,whats free diving ? never heard of it
TP,1,1,0.9088,5,i eat large meals .
TP,1,1,0.8211,12,i do . i travel extensively to europe and south america .
FP,0,1,0.7158,6,hello . how are you ?
TN,0,0,0.2747,18,"single and loving it ! ! living in a boston suburb , there are many fish here ."
TP,1,1,0.8161,5,i am currently unemployed .
FP,0,1,0.6986,7,never give up something you love !
TN,0,0,0.0761,11,same here . i hope to have some one day .
FP,0,1,0.8148,11,"you can eat meat with me , red as my hair"
FP,0,1,0.7846,10,no i don't . have you ever went skydiving ?
TP,1,1,0.5503,16,"i love animals ! i have a dog named allie , and i adore her ."
TP,1,1,0.6587,10,i enjoy the outdoors and love to sit around water
FP,0,1,0.5769,7,hey there how are you tonight ?
FP,0,1,0.7608,6,anything to fix my ugly elf
FP,0,1,0.6322,10,yes ! taking care of children plus two pets too
FP,0,1,0.8689,10,"really . but , i can sing pitch perfect ."
TP,1,1,0.6053,9,"i do love to walk , hike also ."
FP,0,1,0.8123,6,what is your favorite band ?
TP,1,1,0.8427,11,hello . i like to gish with my black lab cat
TP,1,1,0.6318,12,6 ft . feels like i am towering over these females .
TP,1,1,0.7761,5,i'm a hair stylist .
TP,1,1,0.8285,11,wow i love horses what are some of their names ?
TP,1,1,0.833,8,i work on cars for a living .
TN,0,0,0.4504,15,no pets i sometimes think my nephew as pets lol no different than a puppy
FP,0,1,0.8146,12,"i didn't finish school , i enlisted in the army instead ."
FP,0,1,0.7521,11,why is he judgemental ? do you have a job ?
TP,1,1,0.7737,8,i'm trying to get my ba in finance
TP,1,1,0.7639,13,i just accepted a job at the elementary school in my hometown .
TP,1,1,0.8001,12,depends on what inspires your imagination . i like historical colonial reads
TN,0,0,0.474,18,"i hope you don't live in ny , too , there are a lot of pollutants here ."
TN,0,0,0.3542,11,"doing great . i had the day off , you ?"
FN,1,0,0.4306,18,i like to drink beer with my mom . she's my best friend and is sn fun .
TP,1,1,0.8426,7,my favorite book is david copperfield .
FP,0,1,0.8495,10,it is ! what state do you live in ?
TP,1,1,0.8331,14,yes . . . do you know if there's a book 16 candles ?
FP,0,1,0.8457,8,shibamotos art is amazing is not it ?
FP,0,1,0.8308,9,nice . stay in school and work hard .
TN,0,0,0.4242,15,if only i had the money and friends . sadly i don't have either .
TN,0,0,0.4001,6,you'll get there soon enough .
TP,1,1,0.5456,16,"nice , shop me a candy next time as i'm curious how it tastes like ."
FN,1,0,0.4449,14,oh yes . i get weird looks though because i am a girl .
FP,0,1,0.6571,17,"pretty good , drinking a nice cold pepsi , they are awesome . why so tired ?"
TP,1,1,0.81,6,sounds interesting i live in seattle
TP,1,1,0.8448,7,my mom is my best friend .
TP,1,1,0.817,7,my favorite player is mike trout .
FP,0,1,0.8574,7,yes but i only really watch hockey
FP,0,1,0.6061,11,put the lime in the coconut as well . . .
FN,1,0,0.2787,16,"i think it is an important thing to consider , but not the only thing ."
TP,1,1,0.6646,5,i've a twin brother .
FP,0,1,0.8285,7,do you have lots of friends ?
FP,0,1,0.6845,13,work is tiring . i would love to travel the world instead .
TP,1,1,0.8132,8,i dream of becoming a famous actress .
TN,0,0,0.4923,9,what kind of procedure will you be needing ?
FN,1,0,0.2145,13,lol . me too . i'm the same way with my camera .
FN,1,0,0.4436,14,"hi . i'm okay . tired , but okay . how are you ?"
TP,1,1,0.8746,6,halloween is my favorite holiday .
TP,1,1,0.6934,7,i love to ride my bike .
TP,1,1,0.6409,9,"i live in california , how about you ?"
FN,1,0,0.3013,20,hmmm . i prefer things the old fashioned way . you . tell me more about vera . please !
FP,0,1,0.8668,10,that's not good . what is your favorite food ?
FN,1,0,0.4757,8,sounds good . i love my cat too
FP,0,1,0.5855,7,hi how are you this evening ?
TN,0,0,0.379,2,you too
TN,0,0,0.4389,13,"pays well , lol . i make great money as the manager ."
FP,0,1,0.7183,6,do you live by yourself ?
TN,0,0,0.2821,13,"i've brown eyes , and brown hair , so we are quite different"
TN,0,0,0.4097,8,"he's a lousy listener though , poops everywhere"
FP,0,1,0.8175,11,"as long as youre having fun , it does not matter"
FP,0,1,0.6764,7,sounds comfortable at least to drive in
FP,0,1,0.6147,8,did you see the football games today ?
TP,1,1,0.7269,20,"kim , it is basic but i like it and you ? what is your favorite food to cook ?"
TP,1,1,0.8384,6,my favorite holiday is halloween .
FN,1,0,0.3642,8,i wish i knew where i belonged .
TP,1,1,0.7832,3,i'm married .
FP,0,1,0.8815,13,"max , rodney , and finn . do you have a hobby ?"
FN,1,0,0.3493,6,i can be quite forgetful .
FP,0,1,0.78,11,fun . have you decided on your major for school ?
FP,0,1,0.7071,7,i will have to do that thanks
TN,0,0,0.4804,13,hey just got done watching the walking dead . what are you doing
TP,1,1,0.8392,5,i like to read .
TP,1,1,0.7067,16,great way to save money . do you like the outdoors ? i love it .
TP,1,1,0.8995,7,i teach at a large school .
FN,1,0,0.2004,17,interesting . i'm a website designer . pretty much spend all my time on the computer .
TN,0,0,0.4757,10,it went so cool . how about for you ?
FP,0,1,0.7411,6,hello there how are you ?
FP,0,1,0.6626,14,"oh wow , i major geology at alabama u . suffer from social anxiety"
TP,1,1,0.8688,3,i'm vegan .
FP,0,1,0.5741,10,if you were rich you wouldn't be saying this .
TP,1,1,0.6609,8,nice i'm asking up money for ap procedure
TP,1,1,0.7587,10,i am jealous ! i am surrounded by farmland .
FP,0,1,0.7734,12,"read , read and then read . bookworm you could say ."
TP,1,1,0.8553,7,i'm asian and have no hair .
TN,0,0,0.4948,15,i bet that is fun ! i sell cars . it is new to me
TP,1,1,0.8046,6,i love to bake cakes .
TN,0,0,0.4281,18,hide the knives ! tell them to leave me alone ! please . you aren't on 59th !
FN,1,0,0.2699,17,retirement is easy ! but i did it to help people and be with my husband .
TP,1,1,0.5696,14,so do you have a profession ? in an orchestra i'm the violinist .
FP,0,1,0.5163,11,"yes but whenever i play , someone always screws up ."
FP,0,1,0.7394,13,so are you happy with your life ? violins and indian food ?
TP,1,1,0.7493,18,ah . okay . i'm hoping to get an internship at ibm . where do you work ?
TP,1,1,0.5541,12,oh nice . sometime i think i'm too tall to dance .
FP,0,1,0.7678,10,no but my sons are watching a game right now
TP,1,1,0.7709,11,i have loud neighbors too . i hope they move soon
TN,0,0,0.2897,7,"hello , tell me about you ."
TP,1,1,0.5708,14,"cool , how many do you have ? i'm single , enjoying it ."
TN,0,0,0.1742,16,congratulations . i hope the baby is healthy and has no asthma like i do .
TP,1,1,0.6456,7,i'm starting a new juicing bar .
TP,1,1,0.7537,13,i have been eating tacos and getting ready to move to school .
FP,0,1,0.606,6,hello what are your plans today
TP,1,1,0.8661,15,i drink a lot of apple martinis when i get a girls night out .
FP,0,1,0.5326,7,"hello , how are you tonight ?"
FP,0,1,0.7642,8,yeah . so do you have any hobbies
FN,1,0,0.3892,15,oh wow ! i wanted to go to school there but now i'm graduated .
FN,1,0,0.3036,16,i have always lived in the us . i have traveled to europe and england .
FP,0,1,0.5063,9,hey whats going on ? how are you ?
TP,1,1,0.8458,7,i hate the taste of cheese .
TP,1,1,0.6954,11,"o yeah , i'm like garfield , lasagna is my fav"
TP,1,1,0.8437,6,i prefer iphone over samsung .
FN,1,0,0.2483,12,that's awesome . i have always had a love for technology .
FP,0,1,0.893,13,do you know what comic books are ? organic food only here !
TP,1,1,0.5069,9,i larp on the weekends in the forest .
FP,0,1,0.8636,15,a pilot is a pretty cool job to have . i met a vampire before
FP,0,1,0.6209,14,i see . maybe do both at one time . jeremy wade does .
FP,0,1,0.7254,13,i wish i was . what do you do for a living ?
TP,1,1,0.6397,5,i work many hours .
TP,1,1,0.8318,7,i like anything to do with mystery
TP,1,1,0.7928,13,haha . i love it . my 2 cats are big pretzel lovers
TP,1,1,0.6853,17,"my father . i work for the navy , 17 years at sea . its still terrifying"
TP,1,1,0.8291,7,i owe 2 monitors for work .
FP,0,1,0.8892,7,what are you going to school for
TP,1,1,0.7765,8,i should beverage been born a prince .
TP,1,1,0.8401,13,right on . my mom is making nachos . i love them .
FP,0,1,0.7843,18,"ca not do much from the bed , but computer games are great way to pass the time"
TP,1,1,0.8645,9,anyone who feeds people pudding should rule the world
FP,0,1,0.8111,5,great i adore video games
FN,1,0,0.2279,9,hi ! i work as a gourmet cook .
FP,0,1,0.6375,16,i'll enjoy my favorite indian dish and look for dogs to adopt while you do .
TN,0,0,0.4922,16,haha exactly . definitely want to skydive before i die . live life to the fullest
FN,1,0,0.3696,13,that's cool ! i hate all their shedding though i'm allergic to dust
FP,0,1,0.7819,10,oh cool . do you work ? any hobbies ?
TP,1,1,0.722,10,i like chasing comodo lizards on a private island .
FP,0,1,0.6852,7,we sound like we would get along
TN,0,0,0.1484,16,lol well i finally tied the knot last year . . thank god ! long wait
TP,1,1,0.5956,12,wow that sounds really exciting ! i have never traveled to europe
FN,1,0,0.2747,16,i'm craving some iced tea right now haha . even though its a bit chilly out
FN,1,0,0.2978,13,"i'm basically a violinist , so i do not think about it ."
FP,0,1,0.7015,17,i wish i could be a dog ! i do not like life as a human .
TP,1,1,0.7626,12,"i love healthy food , veggies and such since moms is nurse"
TP,1,1,0.8075,13,yeah i just got my degree in literature . i like green lantern
FP,0,1,0.7378,14,my dad is a preacher an is crazy we live in the old country
FP,0,1,0.6341,13,i've and some how they run my battery dry within 3 hours .
TN,0,0,0.4787,14,thank you ! i promise not to chase any comodo dragons with it .
TN,0,0,0.2125,7,"that's nice , good luck to you"
TN,0,0,0.4023,9,i understand . it is difficult all around .
TP,1,1,0.7863,6,i dropped out of college .
TP,1,1,0.7484,13,my favorite thing to do is to read books on the beach .
FN,1,0,0.2304,13,well that's cool cuz i'm an owl a night owl to be specific
TP,1,1,0.7323,10,my brother is currently couch surfing at my house .
FP,0,1,0.5442,9,"great , do you have a part time job"
FP,0,1,0.7482,9,my girlfriend of 7 years is in another state
FP,0,1,0.8066,12,yea i did . i caught it after my tennis match today
TP,1,1,0.6607,11,"i work from home , where i live with my mother"
FN,1,0,0.1174,17,"wow , that work isn't easy . . . . i have alot of responsibility at work"
TP,1,1,0.7684,14,awesome ! i am looking for black lace curtains . everything just be black
TP,1,1,0.8769,7,on occasion i like to drive quickly
TN,0,0,0.4987,16,"everyone must make a living , a good one if you want to live well ."
TP,1,1,0.8524,6,i work at a museum .
FP,0,1,0.7885,15,not so much . mostly just drive my kids around in my black suburban .
FP,0,1,0.5288,15,it pays nicely but for now a large part goes towards my student loans .
TP,1,1,0.7428,6,i hate talking to people .
FP,0,1,0.9271,6,they are where steak comes from
FP,0,1,0.8194,8,ink you should talk to her about it
FP,0,1,0.899,12,oh wonderful . i eat veggie meals when not painting fences .
TP,1,1,0.8218,14,i've never done drugs because i do not know where to buy them .
TP,1,1,0.7481,5,i like to cook .
TP,1,1,0.8564,5,teaching is my passion .
TP,1,1,0.7896,9,i couldn t live without my cell phone .
FP,0,1,0.7256,17,"no its a museum in orlando , fl its new . there's a grand opening soon ."
TN,0,0,0.2401,16,"oh , you are invited to my next d and d game if you wish ."
TP,1,1,0.579,12,i am a female and love to be surrounded by males .
FN,1,0,0.2653,16,haha ! that is cool ! just one problem . i'm in a wheel chair .
TP,1,1,0.7482,14,with my aunt . what movies do you like . i prefer cartoons lol
TN,0,0,0.2614,18,exactly . so lets hope for the best for the baby . you know the sex yet ?
FN,1,0,0.319,15,"i am so sad now though , i can not sign in the shower anymore"
FP,0,1,0.6273,6,hi how are you today ?
TP,1,1,0.7398,11,"nice , do you do photography for people or nature ?"
FP,0,1,0.8451,7,the closest thing is arm wrestling lol
FP,0,1,0.7506,10,that is sad . my best friend is calden .
FN,1,0,0.2621,17,i try not to do too much at once . right now i'm reading the foundation series
FP,0,1,0.9376,6,wow how do you get them
TP,1,1,0.8423,6,i'm an aspiring fiction writer .
TP,1,1,0.8838,19,"really ? what shows ? i like tv , it makes me forget i do not like my family"
FP,0,1,0.7623,8,yes indeed my dog keep eating my shoes
FP,0,1,0.6547,10,that sounds good . what do you do for fun
FP,0,1,0.6393,17,"great ! went for pizza , my fav , on friday . whats your favorite food ?"
TN,0,0,0.2635,16,i've thought about that a bit . but everyone says that i obsess too much .
TN,0,0,0.4316,7,you are making wonderful memories ! !
FP,0,1,0.5954,9,"cool , how long have you worked there ?"
TP,1,1,0.8736,4,i'm a teacher .
FP,0,1,0.5949,13,i lift . i lift heavy weights . violinist is for wussy ?
FP,0,1,0.8293,14,when i was single i dreamed of becoming a clothing designer in paris .
TN,0,0,0.4021,13,one of the members from pearl jam said i had a cute laugh
TP,1,1,0.7507,6,i need more hours to sleep
FP,0,1,0.8661,7,then you would love the cruise !
TP,1,1,0.6078,13,"rock on , i'm listening to my favorite band guns and roses ."
FP,0,1,0.8772,6,is he your best friend ?
FP,0,1,0.766,10,cool ! what is it that made ya quit ?
TP,1,1,0.5696,14,i am frank . nice to meet you . what is your name ?
TP,1,1,0.9065,13,i have three best friends but lots of other friends that play it
TP,1,1,0.7664,12,seattle . i've a houseboat here . i like socal weather though
FP,0,1,0.8078,15,"nah , plain cuba libre , that's what we drank yesterday at the theater ."
FN,1,0,0.4364,14,i just moved into an apartment within the vicinity of my new job .
FP,0,1,0.854,8,what do you do with office supplies ?
TP,1,1,0.7785,8,i make and me by waiting tables .
FN,1,0,0.4482,6,i've a lot of friends .
FP,0,1,0.8269,15,stealing is just not good to do . i might go for a hike today
TP,1,1,0.8686,9,i am not sure really . i am unemployed
TN,0,0,0.1276,20,"that is such a great thing ! ! not married , single and trying to mingle haha . you ?"
FN,1,0,0.4612,19,"it is important to have hobbies . i like cars , and working on them in the morning ."
TP,1,1,0.6022,11,i did not know that but i have seen the movie
TN,0,0,0.3389,17,that's a great hobby . i actually made a joke about fishing at a gig yesterday .
FP,0,1,0.8761,7,"sometimes the lake , sometimes the mountains"
TP,1,1,0.6879,12,"the guitar that's cool too , i have three other siblings ."
FP,0,1,0.6199,7,do you have a day job ?
FP,0,1,0.7549,11,"sometimes i do , but they have their own lives ."
TN,0,0,0.3436,16,yes ppl tip very well ! but i really want to be a doctor some day
FP,0,1,0.8052,10,how old are you ? just turned 30 this year
FP,0,1,0.5611,8,hi there how are you doing today ?
TP,1,1,0.6962,10,i work at a non profit that helps children .
FP,0,1,0.7863,8,i agree . have you seen goodfellas ?
FP,0,1,0.5198,8,"hey there , hows your weekend so far"
FP,0,1,0.7515,9,so is my grandmother she lives in my guesthouse
FP,0,1,0.7536,8,very nice . where do you work ?
FP,0,1,0.5264,14,great ! just got back from some dbt therapy . it really helps me
TN,0,0,0.3793,8,was nice talking to you as well !
TP,1,1,0.6278,10,i hope it to become a doctor one day .
TP,1,1,0.7652,6,i live in rural wisconsin .
TP,1,1,0.598,7,"i'm well , how about you ?"
TN,0,0,0.4591,13,yeah . what do you do when you are mixing it up ?
TN,0,0,0.292,16,pets are like family ! i've 2 kids and a husband that's like my 3rd child
TP,1,1,0.6218,14,yea i am pretty sure they're junna take it all the way this year
TP,1,1,0.8435,13,"while both my parents have thick european accents , i do not ."
FP,0,1,0.8069,12,i make things steampunk . it is more art than work .
FP,0,1,0.8512,9,man my boxer just peed on the carpet !
TN,0,0,0.4774,10,great ! just ran k outside ! beautiful weather !
TP,1,1,0.547,8,running relaxes me i love to do it
TP,1,1,0.7017,15,definitely . i am thinking of moving . . . it gets cold here .
FP,0,1,0.6731,11,i just want to be happy with my appearance one day
TP,1,1,0.7631,9,i have maids so i don't have to bake
TP,1,1,0.9011,10,"i'm 6 7 , what is your favorite food ?"
TP,1,1,0.8023,9,it is my living . i like culture .
TP,1,1,0.7741,14,"i work at an urban farm , i love them . do you ?"
FP,0,1,0.579,5,they're and very loyal .
TN,0,0,0.2291,8,"wow , that sounds like a burden ."
TP,1,1,0.9276,5,i drive a mercedes .
FP,0,1,0.8735,6,oh wow do you play music
FP,0,1,0.8263,15,"i wish i can have a million dollars too , that would be awesome ."
TP,1,1,0.5504,7,i am alright how about you ?
TP,1,1,0.557,5,i love to workout .
FP,0,1,0.8148,5,lets climb togther one day
TP,1,1,0.8847,7,my favorite food is a cheeseburger .
FN,1,0,0.4825,14,"hi , i work as a lifestyle blogger . what do you do ?"
FP,0,1,0.6782,12,how fun . what city ? i was there once in military
TP,1,1,0.8068,8,"and , my best friend is calden ."
FN,1,0,0.3951,14,"hope things dry up for quickly , i am just sitting with my dog"
FP,0,1,0.6715,13,my contacts can see through what you are trying to sell me .
TP,1,1,0.7114,7,i believe that mermaids are real .
TP,1,1,0.6481,16,i like to travel up to canada to enjoy the view and relax on weekends .
TN,0,0,0.4504,14,how many kids ? i don't even have a sibling . oh poo .
FP,0,1,0.6471,7,"believe me , they like it ."
TP,1,1,0.7105,15,"i love the water , any water , ocean , river , or lake ."
FN,1,0,0.2661,15,"oh yeah , i'm a stylist here and i've lots of clients doing fantasy colors"
FP,0,1,0.8641,7,are you in a video game ?
FP,0,1,0.8357,6,what books has he written ?
FP,0,1,0.6717,9,"wow , does he live there or work ?"
FP,0,1,0.855,18,hi there . just got home from school . i ride my skateboard . how are you ?
TP,1,1,0.8366,5,i have two roomates .
TN,0,0,0.115,20,yes ! i know how to be by myself . you ? i don't need new friends . you ?
TP,1,1,0.6836,6,no i am single no kids
TP,1,1,0.6401,5,i'm also fascinated with mermaids
TP,1,1,0.5906,11,i like to spend time on the weekends meeting new people
TN,0,0,0.3433,15,"currently yes , i wish i knew where my place was in the world ."
FP,0,1,0.9183,9,pre med . i'd love to be a doctor
FP,0,1,0.7808,10,children equals no free time . how about yourself ?
FP,0,1,0.7637,16,hi ! have you ever wondered what it would be like to live in space ?
TP,1,1,0.8306,6,i live in the usa .
TP,1,1,0.6439,9,"hello , i'm well , how are you ?"
FP,0,1,0.5114,12,i've wonderful memories of my mother playing and singing to me .
FP,0,1,0.823,8,can you sing ? you can join me
TP,1,1,0.7787,6,my mother was a nurse .
TP,1,1,0.759,12,"hi , i live in the big apple , what about you"
FP,0,1,0.5133,13,"don't follow music much , but hope things are getting better for her"
TN,0,0,0.4883,12,"that is how you do it , yolo as you kids say"
TP,1,1,0.8316,7,i have a missing pinky toe .
TP,1,1,0.8064,11,i enjoy reading but also garden in my spare time .
TN,0,0,0.2769,13,i doubt that very much . you probably like to scream alone .
TP,1,1,0.6756,6,i am good do you work
FN,1,0,0.3976,9,i've a wife i'm in my early 40s .
FN,1,0,0.4135,17,yea i hear you . i like to scream in the park when i'm playing ultimate sometimes
TP,1,1,0.849,6,my favorite hobby is knitting .
TP,1,1,0.8367,6,i like to go swimming .
TP,1,1,0.8457,8,my dog is smaller than my cat .
TN,0,0,0.287,13,"awesome , i would not put my kid up for adoption ever ."
FP,0,1,0.8155,15,i was thinking of the state of misery . . . i mean missouri .
TP,1,1,0.6948,12,wow . i have been to florida many times but never china
FP,0,1,0.8896,7,what do you weld ? houses ?
TP,1,1,0.6804,9,i do not have a lot of friends .
TN,0,0,0.4683,21,. . not that i care what others think . i do not work but my boyfriend works at nasa !
FP,0,1,0.6281,15,she still braids my hair and we chit chat because she's literally my best friend
FP,0,1,0.7796,10,did your family teach you to play the violin ?
TP,1,1,0.5543,15,"that is cool , i've a job at subway that i am not thrilled about"
TP,1,1,0.8126,8,my favorite band is insane clown posse .
FN,1,0,0.3177,16,well i also like watching groups of people pray for the betterment of the world .
TP,1,1,0.8755,5,i like to travel .
TP,1,1,0.6808,5,i am a violinist .
TP,1,1,0.768,7,i love the tigers baseball team .
FP,0,1,0.7452,9,makes me secure with my manly hobby skills .
FP,0,1,0.5694,8,it was nice talking to you as well
FP,0,1,0.8045,7,i would rather be a bird .
TP,1,1,0.7266,12,nothing much . i work as a roofer during the day .
TP,1,1,0.7973,4,i'm a goalie .
TN,0,0,0.4814,11,yea . the world can be a cruel place i guess
TP,1,1,0.7749,14,it is difficult but i am learning so much and becoming a better person
TP,1,1,0.6542,10,"i can speak arabic , english , and french ."
FN,1,0,0.3713,17,i have 2 baby boys . but i'm the middle odf my brither 27 and sister 16
FP,0,1,0.6972,11,i was sent to an adoption agency as a infant .
TP,1,1,0.7046,21,"hope it does not stain . i love reading . do you , if so what is your favorite book ?"
FP,0,1,0.9305,8,oh cool do u go to comic cons
TN,0,0,0.419,17,i take it with my black lab cat when we go fishing . we love too .
FP,0,1,0.5139,9,not yet . married and hoping to start soon
FP,0,1,0.8015,11,when i was growing up my family moved 40 times .
FN,1,0,0.1858,15,that sounds like fun . i am doing pretty good . where are you from
TP,1,1,0.8419,4,i'm a writer .
FP,0,1,0.6136,8,"me too , maybe you should come !"
TP,1,1,0.7518,13,in reality i m 32 and live at home with my mother .
TP,1,1,0.766,6,welding is my career field .
FN,1,0,0.2414,19,thank you so much ! my dad is a book writer so i learned a lot from him .
FP,0,1,0.687,7,that's amazing where do i sign up
TP,1,1,0.6897,12,my dream is to move to the middle of the desert .
FP,0,1,0.7527,5,do you have any kids
TP,1,1,0.8791,4,i like cartoons .
TN,0,0,0.1385,14,we go back to celebration in florida often . it is our home town
TN,0,0,0.4439,12,"that's unusual , how did you end up with that nickname ?"
TP,1,1,0.6056,16,"sounds fun , i'm in school now at do not have much time to party ."
TP,1,1,0.5178,17,"hello ! i am good , just got back from lake . i love the water ."
FP,0,1,0.688,6,you should go some time .
TP,1,1,0.8078,6,i like to meet new people
TP,1,1,0.8684,6,my boyfriend works for nasa .
FP,0,1,0.6798,13,that is cool . do you like to read or listen to music
TP,1,1,0.6162,8,i enjoys kayaking in my free time .
FN,1,0,0.4799,12,"i do , i work from home . i can't see well"
TP,1,1,0.9235,6,i own a black suburban .
FP,0,1,0.8917,7,do you have a favorite comic ?
FP,0,1,0.8914,10,u should open your eyes so you can see better
TP,1,1,0.6243,10,when i'm on break at the coffee shop i read
TN,0,0,0.2484,7,that sounds like a lot of work
TP,1,1,0.8199,17,i want to go to another country at least once . i have never left the states
FP,0,1,0.5972,6,nope just being an amazing cook
TP,1,1,0.6068,15,"i like old 386 video games more , but i used to read michener ."
FP,0,1,0.6163,13,not really just watching my daughter slowly pull things in her crib haha
TP,1,1,0.5471,4,i exercise everyday .
FN,1,0,0.3658,8,i am doing great what about you ?
TP,1,1,0.881,12,"i have a best friend , she's a pilot like me ."
TN,0,0,0.3432,12,"oh wow , that sounds interesting . are you really famous ?"
TN,0,0,0.495,11,it just is not right if it never was yours .
TP,1,1,0.6639,12,i love to sit on the couch and play video games myself
TP,1,1,0.8619,8,until then i'll make 215 an hour .
TP,1,1,0.8795,6,my parents aren't married anymore .
TP,1,1,0.8687,13,"it does , but i love kids . what do you do ?"
FN,1,0,0.0955,13,wouldn't mind ! i'm so busy at the hospital all the time .
FP,0,1,0.8477,11,"ireland is very nice , japan is my next stop ."
FP,0,1,0.8982,12,no pets . do you guys have many parks in texas ?
FP,0,1,0.9377,7,i understand . what games pay ?
FP,0,1,0.942,16,my mom is mad at me . i got rejected from the gifted class at school
FN,1,0,0.202,17,"hi i am sally , i live with my sweet dogs in taos , new mexico ."
TP,1,1,0.854,6,i used to party a lot
TP,1,1,0.6511,16,"if i had a real dragon , i would totally train it . would you ?"
FP,0,1,0.5522,8,oh man we would make excellent friends .
TP,1,1,0.7546,10,"i love animals , but cannot bear to lose them"
TP,1,1,0.869,4,i like basketball .
TP,1,1,0.8638,5,i own my home .
FP,0,1,0.6136,12,"hi , i just got back from a country music concert ."
TP,1,1,0.7839,15,computer engineering . have an internship starting later this year i'm very excited for .
FN,1,0,0.3212,9,hi ? i'm ok . who is this ?
TP,1,1,0.7613,10,i enjoy hanging with my mother she's my best friend
TN,0,0,0.1607,11,"www wow , sorry to hear that , i've 2 dogs"
FP,0,1,0.5794,13,are you going to college ? i go to a local one .
TP,1,1,0.7776,13,i spend a lot of time driving my kids to sports events .
TN,0,0,0.2525,13,hi ! that is a great line for my next stand up .
FP,0,1,0.7475,8,you only live once . marry next time
TP,1,1,0.6734,10,thanks . i enjoy but also hate seeing people hurt
TP,1,1,0.8052,8,i work for a large law firm .
TP,1,1,0.7907,5,i own a hearse .
TP,1,1,0.6324,5,i love to hike .
TP,1,1,0.8656,12,i am in college now and want to be a teacher .
TN,0,0,0.3011,17,"hello ! i used to for a cable company , and recently started working for verizon ."
TP,1,1,0.7367,10,i am missing my best friend who moved to japan
TN,0,0,0.261,15,wow really ? do you mind if i include that in my youtube video ?
FN,1,0,0.2463,15,wow i'm only 14 so i can't do that just yet but i hope too
TP,1,1,0.8535,5,i drive a prius .
FP,0,1,0.7659,15,"i actually play guitar and do a lot of manly things , like welding ."
FN,1,0,0.1798,16,"i am not employed , but working toward my masters in social sciences . you ?"
TP,1,1,0.7079,6,i have my own salon .
TP,1,1,0.6844,8,on weekends i like to go hiking .
FN,1,0,0.2893,19,"well that's something . i am sure the nurses , like my mother , sees you a lot ."
TP,1,1,0.7213,10,i have never been fishing but i love to swim
FP,0,1,0.8924,9,not particularly . they are old and mean .
FP,0,1,0.5931,13,what are your videos about ? ever make a spooky halloween video ?
FP,0,1,0.7548,7,anyway . what do you do ?
TP,1,1,0.7291,20,"nice , what do you like about it ? i prefer watching soccer games , i'm really into it ."
TP,1,1,0.5295,14,"hi there , i am doing great thanks . where are you from ?"
TP,1,1,0.8239,12,i drive around in a long black hearse an love this season
TP,1,1,0.7061,18,orlando . i live with my girl friend . i only date girls i am shorter than .
TN,0,0,0.3555,16,its better than nothing . my brother is couch surfing at my house right now jobless
FP,0,1,0.6051,4,hey hows it going
TP,1,1,0.9064,5,i like to paint .
FP,0,1,0.7204,7,omg authentic mexican is the best !
TP,1,1,0.8771,13,yes ! i love sushi ! i always eat it while studying .
FP,0,1,0.8507,6,i've never play that one .
TP,1,1,0.8865,4,i hate broccoli .
FP,0,1,0.7633,10,oh nice ! my mom went to beauty school too
FP,0,1,0.6091,11,"i too am a vegan , how long for you ?"
FN,1,0,0.4735,15,"right now i have to give 2 monitors for work , that i owe them"
FP,0,1,0.8374,7,they will have food at that !
FP,0,1,0.9057,8,what is your favorite meat to eat ?
TN,0,0,0.1447,6,"lol , i would love too"
TP,1,1,0.864,6,i play d and d .
TP,1,1,0.7435,8,i like jogging in my spare time .
FP,0,1,0.8423,7,hi anybody there ? ding dong !
FN,1,0,0.4093,10,"its midnight here too . i'm good , you ?"
TP,1,1,0.7761,4,i've three kids .
TP,1,1,0.7443,6,my father was an author .
FP,0,1,0.9169,7,anything look for it in the listing
TP,1,1,0.8633,6,my birthday is in june .
FN,1,0,0.4826,9,oh okay . . i'm in a book club
TN,0,0,0.488,12,we dress up in armor and fight with swords and other weapons
TN,0,0,0.4836,9,that's nice . moms are pretty cool too .
FP,0,1,0.7947,8,well if you need a cook i gotch
FP,0,1,0.7441,18,"no , i just have have a hard time behind the wheel . do you like tv ?"
TP,1,1,0.8447,4,i play guitar .
TP,1,1,0.9175,12,my mom teaches kindergarten and my dad is a tax assessor .
FP,0,1,0.5952,12,"spiderman , because i've 2 snakes and venom is kinda snake like"
FP,0,1,0.82,5,do not like reading ?
TN,0,0,0.4903,9,i understand how long have you been like that
TN,0,0,0.4283,9,a few been a brat all my life lol
FN,1,0,0.3076,12,i'm from the midwest . i just went back to school .
FP,0,1,0.5574,7,that would be great i enjoy cooking
TP,1,1,0.712,8,married ugly people i am with miss usa
TP,1,1,0.6855,8,well i am going on two years divorced
TP,1,1,0.767,18,ireland . my mom is from there and my dad from australia . i live in california .
TN,0,0,0.3727,14,ok . fair . i don't have fish worth eating around here . haha
TP,1,1,0.7893,8,drawing is cool but i prefer the guitar
TP,1,1,0.8597,18,that sounds fun ! do you like junk food ? i love gummy worms even the sour ones
TN,0,0,0.4036,17,no i did not once i realized what he was i ran away fast as i could
FP,0,1,0.9335,11,"i've a black car , purse , wear all black ."
TN,0,0,0.4566,7,and what would that be ? lol
TP,1,1,0.5409,11,my name is gary . great to meet you too .
TP,1,1,0.7968,8,i love driving my pink truck to them
TP,1,1,0.784,6,i believe dragons are real .
TP,1,1,0.8546,18,i am from the us too . my favorite is pink . do you go to school ?
FP,0,1,0.8388,12,"not yet , i don't think a plane could lift me ."
TP,1,1,0.9195,6,my hair is colored purple .
FP,0,1,0.7317,10,oh yes and a good veggie burger is wonderful .
TP,1,1,0.9252,6,i work at a bookstore .
TP,1,1,0.7777,5,i have 5 grandchildren .
FP,0,1,0.5791,14,"my parents were both teachers , so i thought i might , but no"
TN,0,0,0.4921,12,hiking is my favorite thing to do . what about you ?
FP,0,1,0.6961,13,we call him spot ! do you have any nieces or nephews ?
FP,0,1,0.5897,5,hey how are you tonight
TP,1,1,0.8313,4,i am witty .
TP,1,1,0.8534,9,i live in the suburbs in new jersey .
FP,0,1,0.699,13,"fame and computer engineering , were you on the cover of wired ?"
TP,1,1,0.815,10,i have played since i was 4 years old .
TP,1,1,0.7722,5,i like to snowboard .
FN,1,0,0.3436,14,"i would if i could , but i have a farm to maintain ."
FP,0,1,0.8184,10,"yes it is nice , halloween is my fav ."
TP,1,1,0.8308,16,i have a dog that i love a lot . lots of parks in texas !
TP,1,1,0.8663,6,i like to ride horses .
TP,1,1,0.8255,13,i can t get enough gummy worms to satisfy my sweet tooth .
FP,0,1,0.81,6,the water is an evil mistress
TN,0,0,0.1649,18,that's awesome . the ocean is incredible ! i totally believe that mermaids are out in the sea
FP,0,1,0.798,6,what do you like to cook
TN,0,0,0.3765,16,i recently finished by mba and work as a financial manager with a large hospital .
FP,0,1,0.7566,13,maybe you will have to record your playing and dance to it .
TP,1,1,0.705,6,i'm great enjoying the football season
TP,1,1,0.8926,10,"so , we will have people bring us huge steaks"
TP,1,1,0.8438,9,"wax worms , night crawlers , minos what ever"
FP,0,1,0.6327,6,hi ! how are you ?
FP,0,1,0.6841,18,my favorite food is chicken ! its actually my dogs favorite food too ! his name is bob
TP,1,1,0.902,12,i hate the beach because it will ruin my blond hair .
TP,1,1,0.5751,12,i am doing just fine . i will go shoe shopping later
FP,0,1,0.8825,12,is it because the extra toe doesn't fit inside your shoes ?
FP,0,1,0.8367,5,do you really feel bad
TP,1,1,0.9283,10,"i'm good , did you ride skateboard to school ?"
TP,1,1,0.7336,9,i play around with mensa members like myself .
FP,0,1,0.6921,11,"life , but now i look forward to the joys retiring"
TN,0,0,0.3369,8,i'll make sure and check it out .
FP,0,1,0.837,7,do you go to the lake ?
TN,0,0,0.4169,8,it was a pleasure to meet you .
FP,0,1,0.8563,14,i reside in new york . i never want to go anywhere else .
TP,1,1,0.7474,7,i write in my spare time .
TP,1,1,0.5248,8,i help around with bookkeeping and tours .
TP,1,1,0.8441,15,now that is neat . i'm jealous ! my dad is just a boring pilot
TP,1,1,0.7638,11,i only worked half a day i work at the bank
FP,0,1,0.804,12,that is a good show i watch that while drinking iced tea
TP,1,1,0.7053,6,green is my favorite color .
FN,1,0,0.2971,18,that sounds like a fun job . i am a business major but have a part time job
TN,0,0,0.2915,7,that sounds awesome ! thank you !
FP,0,1,0.7064,17,i would shop all day ! what do you like to do in your spare time ?
TP,1,1,0.7789,7,my brother is in the army .
FP,0,1,0.8172,9,"wow , can you play a musical instrument ?"
TP,1,1,0.8084,10,my family migrated to america when i was five .
TP,1,1,0.7598,10,i work as an editor for a local magazine .
TN,0,0,0.188,10,"hectic haha , she's definitely a handful , and yes"
TP,1,1,0.5249,13,"hi , how are you ? i am listening to rock and redecorating"
FP,0,1,0.7827,15,i've such a thick accent that i find certain words hard to pronounce like hippopotamus
FN,1,0,0.3621,14,i'm from texas . where did you go ? i'm from el paso .
FP,0,1,0.8636,14,being a lumberjack will make you strong and attractive for the opposite sex .
TP,1,1,0.8428,8,i like chicken or macaroni and cheese .
TP,1,1,0.8793,5,i like to hunt .
FP,0,1,0.7699,13,"no , but my dog george is basically my kid . haha ."
FP,0,1,0.5933,6,live action role playing it awesome
TP,1,1,0.6843,15,"i am a burger kind of gal , and grew up on a ranch ,"
TN,0,0,0.3562,11,"oh yeah , i still need to get my passport ."
FP,0,1,0.5876,17,i try to work out everyday . do you have a lot of friends on base ?
FP,0,1,0.6692,11,ok . my 23 cats are having a good day .
FP,0,1,0.8963,10,"sounds a bit crazy , and hard on a child"
TN,0,0,0.4949,16,"another cat lover , awesome . we have to meet and have a drink soon ."
TP,1,1,0.9093,6,i like to work puzzles .
FP,0,1,0.8357,14,pretty ! mine is streaked purple and blue . my kids are horrified .
FP,0,1,0.892,8,that's cute ! how old are they ?
TN,0,0,0.4406,12,oh that's far away . i married my friend from high school
FP,0,1,0.8477,7,i didn't get to finish college .
TP,1,1,0.6882,16,"september of 1972 . in 1960 was hurricane donna . fortunately , i love to swim"
TP,1,1,0.8805,6,my favorite food is popcorn .
TP,1,1,0.745,8,"i am good , are you into music"
TP,1,1,0.644,7,my favorite band is imagine dragons .
FP,0,1,0.7874,12,that is my favorite color . have you seen the new iphone
TP,1,1,0.8396,15,"i do , but prefer the movies . have you heard of 16 candles ?"
FN,1,0,0.3306,14,nice to meet ya sally ! i am sean and i am a student
TN,0,0,0.3396,18,"oh , well that still might be useful . i really like putting on makeup for costumes ."
TP,1,1,0.8771,7,i like cartoons more than movies .
TP,1,1,0.7816,10,i love shoes ! do you have any hobbies ?
FP,0,1,0.8933,7,my gf just does not get it
TP,1,1,0.8705,10,i read sci fi space adventures with a passion .
TP,1,1,0.5009,11,yeah well i have to go was nice chatting with you
TP,1,1,0.858,6,i can play the piano .
TP,1,1,0.8567,9,sometimes the strongest men are the weakest people .
TN,0,0,0.4299,7,there's joy to be found as well
FP,0,1,0.7248,16,well true . but being athletic and a runner . sports is a good thing .
FN,1,0,0.3345,9,lol that's very funny . i like that one
TP,1,1,0.8026,11,hope you get them fixed soon . are they expensive ?
FP,0,1,0.5645,11,"no , my hobby is collecting autographs i've over 2000 !"
FP,0,1,0.9397,11,maybe ? a black iphone would match my black purse though
TP,1,1,0.7901,8,i play jazz piano in a band .
FN,1,0,0.3417,17,"wow . that's too bad . i don't have kids . i have brothers , twins ."
TP,1,1,0.6423,7,"i am from socal , yourself ?"
FP,0,1,0.8776,7,"oh , i enjoy flying airplanes ."
FN,1,0,0.4366,13,"i work at the mall , so i'm close to the venue ."
TP,1,1,0.9161,7,well i like sherlock holmes and others
FP,0,1,0.6486,15,we have a kenyan sand boa . its really cute . that's too cool !
FP,0,1,0.7542,17,"usually i do , once i went to texas with a friend . how about you ?"
FP,0,1,0.7314,13,what do you do for a living ? i proofread for hallmark .
TP,1,1,0.7456,13,"i enjoy being a red head , what color is your hair ?"
FP,0,1,0.7988,10,"really , i also like listening to music especially country"
TP,1,1,0.6245,5,i love to larp .
FN,1,0,0.4388,18,"i am with you i am a big nature nut , i love kayaking ! do you ?"
FN,1,0,0.2156,16,"basically , all i need to do now is adopt a dog and i'm set ."
FP,0,1,0.7885,6,you can milk anything with nipples
TP,1,1,0.7403,11,they are to me too . i'm a dental assistant .
FP,0,1,0.5339,7,"hello friend , how is it going"
TP,1,1,0.5922,18,"i want to try drugs , but i don't know where to buy them , do you ?"
FN,1,0,0.4774,14,"i'm a bit of a science fiction nerd , but historical books are interesting"
TP,1,1,0.7539,9,"i am great thanks , do like boating ?"
TP,1,1,0.8174,6,i live on a boat .
TP,1,1,0.7299,5,i miss my dad .
TN,0,0,0.4466,9,www true and sorry to hear your confined .
TN,0,0,0.3773,17,"sadly my parents were drunks and we did not see eye to eye , and thank you"
TP,1,1,0.8169,12,my brother is in a metal band and travels the world .
TP,1,1,0.7751,4,i am married .
TP,1,1,0.7808,15,"yes , i am going to university of michigan . what year are you ?"
FN,1,0,0.2169,4,i'm sorry about that
FP,0,1,0.8001,8,i read all the time . bu ?
TN,0,0,0.3484,10,i'd say so . i bake alot of pies .
TP,1,1,0.743,10,yes i do but mostly vegetarians because i'm one too
TP,1,1,0.7647,12,i am good but my shoulders hurt . what about you ?
TP,1,1,0.6191,10,"interesting , i'm a struggling artist and part time tutor"
TP,1,1,0.8788,9,i have ink stains on all my shirts .
TP,1,1,0.7371,11,i do . i'm very tech savvy how about yourself ?
FP,0,1,0.6879,14,dive off cliffs into the ocean . what do you like to do ?
TP,1,1,0.8898,10,"i write , but i want to be an actress"
FP,0,1,0.8522,13,1 of each ! what part of texas do you live in ?
FP,0,1,0.8294,9,i teach japanese to children and just got done
TN,0,0,0.3248,7,you should take a vacation out here
TP,1,1,0.6778,18,laguna beach . take a lot of ocean pics on my cell phone or and cat pics .
FP,0,1,0.7876,9,when my cats don't hog it all . day
TN,0,0,0.2558,11,awesome . . . nothing like filling your mind with literature
FP,0,1,0.8048,14,i just got back from the london college of fashion in the uk .
TP,1,1,0.7988,7,i am primarily a meat eater .
FP,0,1,0.6271,15,thriller was a great album . it always has me dancing in my boots .
FN,1,0,0.3517,18,i like to sit and just chill out . because my two nephews can be a handful .
TP,1,1,0.8347,18,"i like to do ink artwork of dragons , but i keep getting it on my shirts ."
TP,1,1,0.7157,10,"i love all rap , do you do other stuff"
FP,0,1,0.6037,11,"wow , four sisters . just watching game of thrones ."
FP,0,1,0.8009,7,what do you do for work ?
TP,1,1,0.9002,11,i want to go to one but i am only 10
FN,1,0,0.2704,15,"uh thanks , i'm sure i do too lol . do you have any hobbies"
TP,1,1,0.8902,4,i am chubby .
FN,1,0,0.464,14,i'm a personal chef for a family of 4 . what about you ?
TP,1,1,0.8326,7,i like going to the beach .
FP,0,1,0.5159,13,it is so cool i've some courses college courses that i m thinking
TP,1,1,0.8564,4,i'm an insurance salesman
FP,0,1,0.5838,12,well this will be exciting . do not forget your passport .
TP,1,1,0.6957,14,ah . i'm really old but my kids visit me all the time .
FN,1,0,0.4787,11,i'm a researcher i'm researching the fact that mermaids are real
TP,1,1,0.7163,7,i'm good . how about yourself ?
FP,0,1,0.7616,7,like playing the witch part ? lol
FP,0,1,0.5559,9,oh no i hope she finds relief soon .
TP,1,1,0.697,12,coolness . i love being one with nature and being savage .
FP,0,1,0.7625,11,he ate all his food and now will not stop barking
FP,0,1,0.8302,13,"yes , coach cheerleading . i used to be one in high school"
FP,0,1,0.7834,8,did you put any cheese on it ?
TP,1,1,0.728,13,do you have any hobbies ? i like to ready and go cycling
FP,0,1,0.7607,8,you better not make any spelling mistakes .
TP,1,1,0.7282,5,i love the beach .
FP,0,1,0.864,6,i would have to say bagels
FN,1,0,0.3348,14,as good as can be expected . i'm pregnant for the first time .
FP,0,1,0.8369,8,have you seen any great movies lately ?
TP,1,1,0.9205,6,i don t eat meat .
FN,1,0,0.4805,7,running is my way to relax .
TP,1,1,0.7746,8,i like watching movies with my wife .
TP,1,1,0.6751,18,i love to travel and read . i have been to ireland and australia and love both .
TP,1,1,0.6629,8,lady gaga is my current favorite singer .
TN,0,0,0.4887,10,"very good , just went for a nice run ."
TP,1,1,0.8693,15,"very rarely , i'm happy when we do . i like to paint sports cars"
TP,1,1,0.5126,16,maybe i can borrow something as i am packing to visit my dad in china .
FP,0,1,0.5737,16,lol your spelling error made me giggle . i just love boating so florida is great
FP,0,1,0.5841,9,"hey , there . how are you today ?"
FP,0,1,0.6829,8,nice ! do you have any children ?
TP,1,1,0.8131,14,when i'm not working i play basket ball what do you do for fun
FP,0,1,0.7069,10,i really love the beach and cooking italian food !
FP,0,1,0.739,13,i wish i could get rid of my social anxiety . . .
FP,0,1,0.8239,7,nice ! do you love books ?
FN,1,0,0.2384,9,i'm alright . i just got done writing .
TP,1,1,0.7929,10,oh do you like to swim ? i love singing
TP,1,1,0.8559,11,i am going to school to get my bachelors degree .
FP,0,1,0.8378,10,no still in school work at pizza hut part time
TP,1,1,0.7083,14,hi wow i like comic books too . i don't collect them tho .
FP,0,1,0.7558,15,only two months ! i actually have to take them for a walk right now
TP,1,1,0.5308,4,i'm doing very well
FP,0,1,0.6453,5,tell me more about yourself
TN,0,0,0.3448,17,"ooh that's super awesome ! just eating some organic kale right now , only organic for me"
FN,1,0,0.355,11,i do not have good vision lol youre so positive !
TN,0,0,0.4568,6,how are you doing today ?
FN,1,0,0.2891,20,yes . absolutely . my girlfriend helps me scavenge cool art things i think i need to marry her .
FP,0,1,0.6666,8,what did they do that disappointed you ?
TP,1,1,0.7918,11,not much of a tv guy since i am always traveling
FP,0,1,0.6248,17,"a different kind of designer then , fun . i enjoy working out , do you ?"
FP,0,1,0.7054,9,"oh no , my parents would kill me haha"
FP,0,1,0.7263,11,did you catch him ? will you let him out ?
FP,0,1,0.7357,16,iphone for me . have you heard all the bad news about samsung this year ?
TN,0,0,0.4205,8,hahahahaha . i laugh in your face !
TP,1,1,0.6701,7,i work at a smoothie shop .
TP,1,1,0.8783,8,pasta is my favorite and it is cheap
TP,1,1,0.79,14,i love nature and it keeps my mind off things . do you travel
FP,0,1,0.6415,17,"you should at least try to go up in a plane , it is a blast ."
TP,1,1,0.8989,11,"still in highschool , hope to because astronaut when i'm older"
TN,0,0,0.466,15,doing good ! just finished my day of work . how are you doing ?
TP,1,1,0.9082,4,i'm in college .
FP,0,1,0.5939,5,hi how are you tonight
TP,1,1,0.7819,12,hi i am great just finishing up some homework how are you
FN,1,0,0.3184,11,i don't remember haha . i'm a bit forgetful like that
TN,0,0,0.4505,16,i've never been there but i've heard it rains a lot . is this true ?
TP,1,1,0.7207,8,i have a wife and two kids .
TN,0,0,0.1039,17,hmm that seems a little too simple for me . we need to make giant changes !
TN,0,0,0.1821,16,aww those dogs are beautiful . i take my boat out or go to the beach
TP,1,1,0.7364,5,pudding makes me gassy .
FP,0,1,0.6574,8,my day is not going too great .
TP,1,1,0.7783,9,i love going to concerts and dancing hard .
TN,0,0,0.351,16,cool hobby . i enjoy winter . i read a lot when it is cold .
FN,1,0,0.4051,15,i used to train football players ! now i just ride my bike for excercise
FP,0,1,0.6933,16,yes i did . one of my mothers taught me how ! she's a great cook
FN,1,0,0.4824,12,really ? i'm scared of horror novels my imagination is vivid !
TN,0,0,0.2822,16,shhh . . . they can hear us . i do not need new friends !
TP,1,1,0.8585,10,wheres that ? is there a good restaurant there ?
FN,1,0,0.4563,18,"a famous one , milk makes me sick , are you allergic to it , i am ."
FN,1,0,0.4971,18,it is so crazy there . my whole family and i left . i have a huge family
FP,0,1,0.9302,8,"no , i wear low cut socks ."
TP,1,1,0.6459,5,i am a youtuber .
FP,0,1,0.734,5,sure if they requested them
FP,0,1,0.6368,14,i hope to eventually . what do you like to do for fun ?
TP,1,1,0.6742,8,i read every night . horror stories !
TP,1,1,0.8795,8,"insane clown posse , i love there shows"
TN,0,0,0.35,13,i see . thanks for the chat . nachos call my name .
TN,0,0,0.2742,20,"well , we have bought the house she grew up in , and she stays home with the kids ."
FP,0,1,0.812,6,have you ever traveled before ?
FP,0,1,0.8991,10,although i do not like to work super long hours
FP,0,1,0.6088,12,about to smash some pretzels . can't get enough of them .
FP,0,1,0.5225,14,great idea ! love staying up late so i could do that even tonight
TN,0,0,0.4268,7,they seem to be very nice .
FP,0,1,0.6794,8,hello how is life treating you today ?
FP,0,1,0.5435,13,"yes they are , oh wow your first ? boy or girl ?"
TN,0,0,0.2355,14,oh great . and you help me select the right music to always play
FP,0,1,0.8116,14,"we all live in a yellow submarine , a yellow submarine . morning !"
TP,1,1,0.7992,8,my best friend is my dog allie .
TP,1,1,0.769,8,i want to get a truck one day
TP,1,1,0.7628,12,"i'm bill , and i grew up in the state of alabama"
TN,0,0,0.2786,12,"yes , yes you are . not all are as fortunate ."
TP,1,1,0.587,13,when do you run ? i like being busy in the morning .
TP,1,1,0.6777,15,do you like animals ? ? cats and dogs are my fav i love them
TP,1,1,0.7254,13,what do you like to read ? i like rock alternative music .
TP,1,1,0.7781,9,i work part time at a pizza restaurant .
FP,0,1,0.5417,10,"that is funny , cool , what your fav food"
TP,1,1,0.8622,5,i was born in june
FP,0,1,0.7551,15,no . kiddos are into sports . soccer mom here . how about you ?
FP,0,1,0.7644,8,"that's cute , i fish a lot ."
FP,0,1,0.7233,12,"my mother is an attorney , she used to be the da"
TP,1,1,0.6838,12,i'm hoping to move to australia soon to marry my boyfriend .
TP,1,1,0.8288,6,i m allergic to milk .
TP,1,1,0.8441,5,i am a fisherman mainly
FP,0,1,0.6252,5,hello how are u tonight
FP,0,1,0.842,7,how many dogs do you have ?
FN,1,0,0.4825,8,my wife stays home with our kids .
FP,0,1,0.6188,9,that is good . do you volunteer there ?
FP,0,1,0.526,11,do you have a family ? never got to know mine
TP,1,1,0.9139,5,my number is 42 .
FP,0,1,0.8585,13,"a bomber , it is awesome . do you want to take lessons"
TN,0,0,0.4822,7,funny i mean i know that much
TP,1,1,0.7659,9,i am not afraid of what others think .
TP,1,1,0.7381,5,i love to dance .
FP,0,1,0.5706,14,nice ! wish i could go anywhere ! i've been confined to a bed
FP,0,1,0.7468,12,"oh neat , i went there once pre katrina . beautiful city"
FP,0,1,0.8158,8,skiing in the winter is one of mine
FP,0,1,0.6477,5,hi good and you ?
FP,0,1,0.5358,11,oh ok . i hope to be teach 2nd grade soon
TP,1,1,0.6371,10,"hello , i am well , how are you ?"
FP,0,1,0.6866,14,nice . maybe a future hockey player to . i use to play .
FP,0,1,0.7544,9,would you like to move to san francisco ?
FN,1,0,0.1615,17,wonderful . i've a big slice of chocolate cake and i am ready to dig in !
TP,1,1,0.9345,4,i fly airplanes .
TP,1,1,0.5013,10,that is cat like . wow i am confused .
FP,0,1,0.9279,5,yeah do you eat meat
TP,1,1,0.708,7,i am great how are you ?
FN,1,0,0.3458,11,"i do too , are you a man or woman ?"
TN,0,0,0.4664,7,great ! how about with you ?
TP,1,1,0.8173,6,i work for a magazine .
TP,1,1,0.8266,5,i like listening to music
FP,0,1,0.5907,6,hey how are you today ?
TN,0,0,0.3198,8,you have plenty of space for them .
FP,0,1,0.7661,7,cool . chocolate is his favorite .
TP,1,1,0.7976,14,my dog like the night air he just lay on the porch at night
TP,1,1,0.7619,7,i do this mostly and watch football
TN,0,0,0.4356,11,"good , i just finished swimming , how about you ?"
TN,0,0,0.132,16,that's epic ! me and my four sisters would totally do the same thing ! !
FP,0,1,0.6268,14,from your mouth to gods ear . that trophy needs to come home .
FP,0,1,0.7529,13,"i've never driven , so no drive thus , my dog died recently"
TP,1,1,0.9303,5,i m really short .
TP,1,1,0.6261,11,"hello , how are you tonight ? i'm a blonde ."
FP,0,1,0.6974,13,just 2 years . my boss at my bookkeeping job got me started
TP,1,1,0.7791,7,i am in sales . you ?
FN,1,0,0.3372,17,haha . i have a girlfriend . she's the best . she helped me dye it .
TP,1,1,0.5434,9,"i love in hawaii , its beautiful here !"
FN,1,0,0.3396,10,i am in florida but i am orginally from china
TP,1,1,0.9134,9,i am going to be the starting shortstop .
TP,1,1,0.767,6,i love dogs and cats .
FP,0,1,0.5329,20,"its okay . pays the bills . tried to get to the nfl , but it did not happen ."
FP,0,1,0.5015,8,me either . we could go together !
FN,1,0,0.4852,17,well i'm into black everything . so at least it wouldn't show on my black carpet .
TN,0,0,0.1765,10,that would be amazing . have you been before ?
TN,0,0,0.3481,6,that's ok everything in moderation !
TP,1,1,0.8826,12,i have a friend named james who secretly rules the world .
TP,1,1,0.8059,6,i work as a bartender .
FN,1,0,0.3085,16,is that your favorite ? i am so tired i am expecting my first child .
TP,1,1,0.9108,5,i am a lumberjack .
FP,0,1,0.8404,10,hello ! what is your favorite thing to eat ?
FP,0,1,0.6678,12,while singing in the shower i took my findings to the lab
TP,1,1,0.9338,6,i live in a house .
FP,0,1,0.6051,11,"thanks , eating ice cream always make me feel better ."
FP,0,1,0.9054,10,"oh , that's weird . how do you hunt ?"
TP,1,1,0.7958,6,i am a cat person .
TP,1,1,0.817,4,i love children .
TN,0,0,0.4614,7,"you as well , stay safe !"
TP,1,1,0.7643,8,oh that makes swimming hard ? i'm sorry
TP,1,1,0.9032,2,i'm hungry
FP,0,1,0.7118,12,probably dragons . com it was such a long time ago .
TP,1,1,0.8527,6,i love living in texas .
FP,0,1,0.5595,11,great ! i had won an award for spelling bee .
FP,0,1,0.6746,10,you should . so what do you look like ?
TP,1,1,0.8407,5,i have brown hair .
FP,0,1,0.62,12,i route for the greenway packers because my favorite color is green
FP,0,1,0.8399,11,good riddance . any sports ? i've done karate for years
TP,1,1,0.782,10,i'm sorry . is he allergic to shellfish too ?
FP,0,1,0.7389,8,once i lived where i should have died
FP,0,1,0.5262,13,that is also really cool . i was interested in that during college
TN,0,0,0.1606,17,"no problem . well , it definitely sounds more interesting than my real estate office job ."
TP,1,1,0.561,17,"i am worried about the situation in florida . the hurricane , its terrible , you know"
TP,1,1,0.6751,6,i still live at home .
TP,1,1,0.7705,6,i got married last year .
FN,1,0,0.1674,16,that is great . car needs love too . i work as a graphic designer .
TP,1,1,0.6903,14,"i love to laugh ! ! ! and hike and bike , too ."
TN,0,0,0.3948,11,wow that's cool are ou a twin too or just them
FP,0,1,0.9226,16,"my folks don't like it . i dislike my parents , but adore my job ."
TP,1,1,0.7869,7,my father was born in australia .
FN,1,0,0.3407,11,i'm more of a cat person than a dog person .
TP,1,1,0.5581,7,i am also a famous character online
FP,0,1,0.6558,14,that's great . i fish in my free time and enjoy a good burger
FP,0,1,0.7868,15,madonna is my first favorite . do you go to a lot of concerts ?
FP,0,1,0.6726,7,what else would you try to do
FP,0,1,0.6466,10,hi how are you doing let us get friendly .
TP,1,1,0.5548,17,"i work as a teacher so the money is not much , but i like it ."
TP,1,1,0.6952,6,i love chocolate milk shakes .
FP,0,1,0.8747,12,japanese is a hard language to learn . do you like sports
FP,0,1,0.7485,11,i got to go work at the movie theater today .
FP,0,1,0.6107,8,that's cool my mom does the same thing
FP,0,1,0.7224,14,make sure you keep your roots covered ! the beach is so pretty .
FP,0,1,0.6803,3,that's old school
TP,1,1,0.8136,7,i have a cat named speckles .
TP,1,1,0.8214,6,i m scared of clowns .
FP,0,1,0.7926,13,my friend james rules the world in secret and feeds me pudding .
TP,1,1,0.5584,10,i'm going well ! just turned my hair pink !
TP,1,1,0.6557,10,i have a son myself . kids are fun .
FP,0,1,0.6654,7,i don't have fish around here .
FP,0,1,0.5259,16,that's neat . when i was in high school i placed 6th in 100m dash !
FN,1,0,0.4142,21,"hi , i live in houston tx ; its flooded right now , but makes me think of the ocean ."
FP,0,1,0.7639,6,what else do you enjoy ?
TP,1,1,0.8165,7,i use to own 6 cats .
TP,1,1,0.7016,9,i'm the ultimate . the alpha and the omega
TP,1,1,0.722,15,i am ! for my hobby i like to do canning or some whittling .
TP,1,1,0.8069,5,i own a boat .
TP,1,1,0.8644,5,i love hot wings .
TN,0,0,0.3281,16,me either i spend most of my time out in the wood cutting down trees .
FN,1,0,0.3391,16,if i have time outside of hunting and remodeling homes . which is not much !
FP,0,1,0.6654,9,yea we don't live in a very good neighborhood
FP,0,1,0.7587,7,what is your secret that you have
TP,1,1,0.7434,9,i ride my red bike to work everyday .
FP,0,1,0.8367,10,but i can cook really good i enjoy it .
TP,1,1,0.8964,3,i'm young .
FN,1,0,0.3837,16,i am doing well . wedding planning . yay ! 6 more months . you ?
FP,0,1,0.8003,14,"my 2 children love that show , but i would rather be out hunting"
TN,0,0,0.2314,17,"that is great . i can sing , but cooking . . . not my specialty ."
TN,0,0,0.4694,14,oh awesome ! well you guys are all set ! are you married ?
FP,0,1,0.7742,6,is it far far away ?
TP,1,1,0.7269,13,are you vera ? i love library shopping . we aren't alone .
TP,1,1,0.706,10,i recently discovered a new love for indian food .
TP,1,1,0.879,15,"yes , it is a book series by isaac asimov about human like robots ."
TP,1,1,0.8688,6,i never knew my dad .
FP,0,1,0.5673,17,i dress steampunk . my girl and my older brother run around the city like that .
FP,0,1,0.8762,7,"tokyo , my best friend lives there"
TP,1,1,0.8633,7,my parents recently moved to florida .
TN,0,0,0.3765,11,"those are really yummy too , but not my favorite ."
TP,1,1,0.9117,6,i do not understand anything .
TP,1,1,0.7555,20,"at night , i party hard in the atlanta club scene , and i never miss a music festival ."
TP,1,1,0.7915,12,that is a very interesting hobby . i like office supplies .
TP,1,1,0.7412,7,i have an anaconda and a python
FN,1,0,0.1929,17,hi . doing well . sleeping off a girls night out . apple martinis are awesome .
FP,0,1,0.8722,13,i hear you . maybe if we play the stock market well .
FP,0,1,0.8577,8,that's really sweet how old is he ?
TP,1,1,0.853,16,my favorite book i have read twice is twilight . i like old games too .
TP,1,1,0.5446,16,"hello ! how are you ? i'm about to have pizza , i'm excited ! !"
TP,1,1,0.8012,16,i do not read books much just sheet music . i want to be a singer
TP,1,1,0.7368,17,no i am scared of needles . i just got the iphone but a later model .
TP,1,1,0.7185,13,i also enjoy other rap artists too . i like them also .
FP,0,1,0.7751,15,i m good i m going to going to my private school high school later
TP,1,1,0.5893,9,oh that's great i like to spend time drawing
TP,1,1,0.6841,14,"what is your ethnicity ? i'm white , and my hair is brown ."
TP,1,1,0.5488,8,how is you night going so far ?
TP,1,1,0.874,9,i like the tv show the walking dead .
FP,0,1,0.5553,18,do you have any dreams ? i hope to compete professionally or qualify for an event one day
TP,1,1,0.856,5,i do not drive .
FP,0,1,0.8758,12,oh just let them drive . they love my rock stations .
TP,1,1,0.7586,16,i play it in my freetime . i'm an aspiring singer so hoping to become famous
TN,0,0,0.3966,13,very cool . thanks for the chat . have a great day .
TP,1,1,0.8078,19,i do not . but i do have a favorite meat since that is all i eat exclusively .
TN,0,0,0.3972,16,"oh , she works for the man . two by two , hands of blue ?"
TP,1,1,0.6363,6,i make videos about makeup .
FP,0,1,0.6626,11,"if i had him , i'd play soccer with him ."
TP,1,1,0.9357,4,i teach kindergarten .
TP,1,1,0.8532,9,"i like that , also . all pizza ."
TP,1,1,0.6425,13,i do ! i am only on season 3 so far though .
TP,1,1,0.8216,8,i love chocolate cake with extra frosting .
TP,1,1,0.7325,8,my suspenders sometimes make my shoulders hurt .
FP,0,1,0.5385,8,"hey , what are you up to ?"
FP,0,1,0.8877,6,i was writing to my grandchildren
FP,0,1,0.6705,16,lol definitely ! i just dyed my hair mermaid purple from free samples at my salon
TP,1,1,0.7154,11,never been there . i heard they are very friendly people
TP,1,1,0.8027,8,i am alright do you like music ?
TP,1,1,0.6964,10,of course . i love to listen to rock .
FN,1,0,0.1955,17,i am okay . i was prepping dinner and stopped to complete a couple of hits .
TP,1,1,0.8155,5,i've two siberian huskies .
TN,0,0,0.3177,14,that's so cool . how do you like to spend your free time ?
TP,1,1,0.7756,11,"me , i love dogs , so walking them is fun"
FP,0,1,0.6304,6,yeah i will during the holidays
FP,0,1,0.6238,11,"my wife showed me that , she makes me smile ."
TP,1,1,0.6193,10,i love to cook for my family and friends .
TP,1,1,0.7962,8,i'm max . i live in oregon .
FN,1,0,0.3157,15,everything ! i am actually manly . but i've a secret i am hiding .
TP,1,1,0.9462,5,i'm seven years old .
FP,0,1,0.8949,11,i've a black iphone . apple makes such fantastic products .
TP,1,1,0.8628,5,i like free diving .
TN,0,0,0.0881,18,yessir . well i gotta go take care of my animals now so i will see ya later
TP,1,1,0.8466,11,i am basically 22 and recently started eating indian food .
TP,1,1,0.6962,15,"it is my universe , and everyone else is just a character in it ."
FP,0,1,0.5702,8,good afternoon . how are you today ?
TN,0,0,0.357,9,oh that takes a while better go soon .
TP,1,1,0.563,15,"i love making boats in my spare time on weekends , what about you ?"
TP,1,1,0.8099,10,"hello my name is sally , i am a baker"
TP,1,1,0.8283,5,i like horseback riding .
FN,1,0,0.3343,13,"i'm good , getting ready to head to the bookstore where i work"
FP,0,1,0.9117,16,but sometimes i fly to them since my father is a pilot for a major airline
TP,1,1,0.8733,14,i bumped my head on a door frame because i'm 6 foot tall .
TP,1,1,0.7795,15,i agree and hopefully my kid likes horses . i have one named beauty .
FP,0,1,0.8246,5,what do you do ?
FN,1,0,0.4391,14,what are you up to today ? i'm going to the race track .
FP,0,1,0.6469,13,sounds like a lot of work ! do they have any pets ?
FP,0,1,0.8204,8,hi there ! do you watch got ?
FP,0,1,0.7309,6,what job do you have ?
FP,0,1,0.7183,16,it was . it was so warm though that it melted my cheese i was eating
TP,1,1,0.8679,6,i love watching superheroes shows .
FN,1,0,0.4211,14,wow thanks for your service i am a trauma doctor at las vegas general
FP,0,1,0.5959,5,hey how are you doing
TP,1,1,0.7133,13,cat and dog makes a fun household . i am watching anime .
FP,0,1,0.8567,15,on a teacher salary and cop salary international travel can be out of the budget
TP,1,1,0.5809,10,hello . i'm jake . nice to meet you .
TP,1,1,0.9172,5,i am in college .
FN,1,0,0.1673,18,that is great . how old are you ? i am a woman and a little older .
FP,0,1,0.5251,12,maybe we can going fishing and i can cook for you .
TP,1,1,0.8518,13,"well not too much crime there , but a lot of people ."
TP,1,1,0.8367,14,"no , i'm home schooled i do not leave the house i live in"
FP,0,1,0.8647,11,parents can be a bummer . you live with them ?
TP,1,1,0.5836,5,my name is omar .
TP,1,1,0.8156,13,i am weird i like pineapple and ham on mine . pepperoni sometimes
TP,1,1,0.6074,12,i'm going to listen to some rock today how are you ?
TP,1,1,0.7544,5,i'm an aspiring singer .
TP,1,1,0.8421,9,my favorite pass time is gazing at clouds .
TP,1,1,0.7883,16,bobby and billie . i got them at the shelter i like to donate time to
TP,1,1,0.7253,9,i like to make boats on the weekends .
TP,1,1,0.7974,7,i working in a publishing building .
FP,0,1,0.5428,9,hey there bro . how is it going ?
FP,0,1,0.8377,12,"cool , i do not think my middle school had cheerleaders ."
TP,1,1,0.8906,8,i eat lots of pancakes and syrup .
TP,1,1,0.5509,11,that's quite a trip i am saving to go to paris
FN,1,0,0.3517,13,i think so ! its hard to see where i am going sometimes
TP,1,1,0.5821,16,hello . i'm sad so i'm eating ice cream . what are you up to ?
FP,0,1,0.8308,8,ireland and australia are my go to places
TP,1,1,0.9044,5,i like to party .
FP,0,1,0.574,8,lol really ? what was the joke ?
TN,0,0,0.2204,10,that is so nice ! i wish you luck .
FP,0,1,0.5652,14,"not much , just seen both my children off to school , you ?"
FN,1,0,0.398,17,"of course . i hate to admit this , but i am a college drop out ."
TP,1,1,0.5045,15,"hi , i'm doing good . just enjoying my favorite food , spaghetti and meatballs"
FP,0,1,0.7246,10,"lol , oh i see , taught you own it"
FP,0,1,0.772,9,were u the coach or more of an assistant
FP,0,1,0.7264,12,but all i wanted to be really is have my own band
TN,0,0,0.463,15,"the revelation came to me in the shower yes , what is your name ?"
TP,1,1,0.8513,8,sometimes i volunteer at an urban farm .
TN,0,0,0.4784,11,that's a neat name . read any good books lately ?
TN,0,0,0.3836,16,"oh okay , totally . so do i , but i get paid for it ."
FN,1,0,0.4803,8,i'm doing well . how are you ?
TP,1,1,0.8043,5,i love iced tea .
FN,1,0,0.4306,19,"do you have time to eat enough , being so busy ? i love to eat . clot ."
TN,0,0,0.4194,11,i agree . what do you do for a living ?
TP,1,1,0.83,18,he recently just wrote a book on time travel . mostly fiction . where do you live ?
TP,1,1,0.8009,11,"when i've nothing else to do , i read books ."
FP,0,1,0.6881,14,live . moved there about ten years ago for a computer tech job .
FP,0,1,0.6785,15,well if the pudding tastes good and james can handle you . . . .
TP,1,1,0.8583,14,"i cut down trees very fast , because i have a large ax ."
TP,1,1,0.8098,8,i prefer mojitos . watermelon or cucumber .
FP,0,1,0.6189,6,pretty good just got off work
FP,0,1,0.8841,9,"very nice , any sports that you play ?"
FP,0,1,0.8044,11,"san francisco , lots of nice hills to go running on"
FN,1,0,0.2249,19,accident . so i just stay in bed . good thing i work from home ! . you ?
TN,0,0,0.4148,9,"very nice , how did you do that ?"
FN,1,0,0.2639,19,"lol . i am shy , anything to break the ice , and i am a beatles fan ."
TP,1,1,0.6362,13,i am from the united states i live in jersey and you ?
TP,1,1,0.7051,11,i am great thanks . do you have a nickname ?
TP,1,1,0.8437,7,i come from a small town .
TP,1,1,0.903,7,i work at a comic book store
TP,1,1,0.7936,4,i'm a vegetarian .
TP,1,1,0.8505,7,i still live with my parents .
FP,0,1,0.7982,14,"i personally like any eat or pasta , keep me away from veggies though"
TP,1,1,0.6007,20,"for sure ! do you have any other hobbies ? i am in a jazz band , i play piano"
FP,0,1,0.7381,6,oh no why is that ?
TP,1,1,0.5117,11,"me too , i work at the bank in my neighborhood"
FP,0,1,0.7207,10,exercise is great . i get my exercise by partying
TP,1,1,0.5865,9,i am good and i hope you are too
FP,0,1,0.8741,5,are you from japan ?
FP,0,1,0.725,16,that is amazing what kind of snakes are they ? we have one in our class
TP,1,1,0.9478,8,i go to a private high school .
FN,1,0,0.4686,17,"i am a member of four book clubs , the pta , and two bunch groups ."
FP,0,1,0.884,12,i was refering to bears and i drive to go get sunfish
TN,0,0,0.3027,18,ugh i wish . my wedding is in 6 months . ferrari has to wait . . .
TP,1,1,0.872,5,i like to watch kids
TP,1,1,0.9058,10,some really prolific comic book writers i collect those too
TP,1,1,0.6194,12,"i'm sitting here listening to pearl jam , my favorite band ."
FP,0,1,0.5726,17,i did too . i do not get along with mine . they have no class .
TP,1,1,0.5565,14,i play the drums every now and again too . what is larp ?
TP,1,1,0.785,5,i like my job .
FP,0,1,0.8653,11,"i wanna go to the city one day , never been"
FP,0,1,0.7445,13,the only thing i've is my dog his name is won won lol
FP,0,1,0.7634,10,i understand that . my church has a pantry .
TN,0,0,0.2807,14,i'd if i could but i got to watch jimmy fallon its my fav
TP,1,1,0.8564,7,i'm a nurse who teaches nutrition classes
TP,1,1,0.8144,10,i have not heard of those . science based ?
FN,1,0,0.3284,13,"i'd not know , i have never been out of the us ."
TP,1,1,0.7151,14,i love red . i also like to jog in my free time .
FP,0,1,0.5189,12,that is nice my boss at the grocery store is nice too
TP,1,1,0.7617,13,what do you do for a living ? i am in texas .
FP,0,1,0.7706,6,what are you studying there ?
FP,0,1,0.8833,6,what city are you from ?
TP,1,1,0.7757,9,i cannot wait to start my new life .
TN,0,0,0.4673,16,"we were near corpus christi , victoria i believe was the name of the town ."
TP,1,1,0.7526,4,i've two dogs .
TN,0,0,0.2281,18,"mmmm chocolate cake with lots of extra frosting . . . oh , sorry , got distracted ."
FP,0,1,0.7547,6,"labor work , very energy demanding"
FN,1,0,0.3448,15,i work as a general manager at a grocery store . what about you ?
FP,0,1,0.8591,15,once . you cannot even throw a gum wrapper or you can get arrested .
TP,1,1,0.632,15,wow exciting . i don't like the creek at night i'm scared of the dark
FP,0,1,0.7226,6,are you male or female ?
FP,0,1,0.5282,13,looking online for some new shoes . are you up to anything ?
FP,0,1,0.8335,18,"wow , maybe you can get them interested in some other hobbies . do they like cars ?"
FN,1,0,0.4169,5,oh no i am sorry
TP,1,1,0.8074,6,i've a dog named george .
FP,0,1,0.9315,8,i don't but my dad is a cop
TP,1,1,0.9058,6,i listen to death metal .
FP,0,1,0.5149,11,i'll let you borrow my black car to get there !
TP,1,1,0.822,5,i like to swim .
FP,0,1,0.7248,14,i really really like love living in texas . tell me about yourself .
TP,1,1,0.8368,8,i ve never been to the city .
TP,1,1,0.7749,14,"it is hard to swim since i am missing a toe , pinky ."
TP,1,1,0.5395,14,hey i'm doing great . pizza sounds good i really like tuna fish salad
FP,0,1,0.8453,16,"starbucks , tim hortons , or dunkin . perhaps a place i do not know ."
TP,1,1,0.8231,4,i've two nephews .
FP,0,1,0.7068,7,hi there ! tell me about yourself
TP,1,1,0.8871,5,my car is pink .
TN,0,0,0.3052,14,i've not ventured into employment yet in fashion . too much to do .
TP,1,1,0.7586,6,i'm a 19 year old alcoholic
FP,0,1,0.6399,7,"hi , how are you today ?"
FP,0,1,0.6729,10,no all my videos are of how to apply makeup
TP,1,1,0.8646,14,"people though i should play basketball because of my height , i prefer weightlifting"
FP,0,1,0.925,5,well maybe they like it
TN,0,0,0.481,5,that's really nice of them
FP,0,1,0.7107,12,"every place has fish , you just have to find the ponds"
FP,0,1,0.7667,9,okay but i was published in new yorker once
TP,1,1,0.7847,7,i like to shoot a bow .
FN,1,0,0.4415,13,i am a college student who is a full time working mom .
FP,0,1,0.523,9,"yeah , its been tough and feeling quite paranoid"
TP,1,1,0.9007,13,i am kinda afraid of heights so not sure flying is for me
FP,0,1,0.5949,16,"coolio . i play this video game character online , pretty famous for it now ."
TP,1,1,0.9134,7,i love owning nice office supplies .
TN,0,0,0.2044,11,"how lovely , mine is 2 miles up the road ."
TN,0,0,0.3939,18,cool ! i watched a video on dc about gravity last week instead of my favorite futurama .
FN,1,0,0.3474,13,i am good ! it is summer time the best time of year
TP,1,1,0.7989,12,i'm always baking for the old people in my retirement home .
FP,0,1,0.6485,8,all i can think about is moving away
FN,1,0,0.3675,14,since being a vegetarian i feel its important to instruct people how to eat
FN,1,0,0.471,15,hello do u like animals i have a kitten named leela very cute kitten too
TP,1,1,0.8362,11,i have never traveled to japan i'd like to some day
TP,1,1,0.6777,16,i'm 29 now and have adored them for years . i'm near boston . you ?
FN,1,0,0.445,7,i know . i'm a parent too
FN,1,0,0.3369,20,yeah i bet we would . i like hunting but i do not kill animals . i'm weird like that
TP,1,1,0.9287,7,i never learned how to write .
TN,0,0,0.4717,13,you are most welcome . my children are my reason for living .
TP,1,1,0.8731,11,i love baseball and am a die hard tigers fan .
TP,1,1,0.5443,13,i'm doing great ! i just got a red pair of headsets .
FN,1,0,0.2818,18,you aren't the kids father . vera isn't nice . i'm at the library now . you ?
TP,1,1,0.6103,11,nope i am not . where are you working now ?
TP,1,1,0.7772,8,"i am from british colombia , in vancouver"
FN,1,0,0.345,16,i've visited new york and i agree it is nice i prefer to be rural areas
TP,1,1,0.6208,9,i'm in the virginia . where are you ?
TN,0,0,0.4357,10,it is just really entertaining to watch to be honest
FN,1,0,0.2812,18,"i don't work , i guess i am an investor . i've waited tables in the past ."
FP,0,1,0.623,16,"no , just them . it was lonely growing up . do you have siblings ?"
FP,0,1,0.8378,16,"no i had to learn in school , my mother would drop me off before nursing"
TP,1,1,0.8054,13,on the island that i live on there are many places to shop
FP,0,1,0.6882,9,"the shadowy horses , horror novels are my favorite"
FP,0,1,0.7518,12,"28 , and it is a learned lesson as a mother ."
FP,0,1,0.5476,7,peace and luck be with you .
TP,1,1,0.5346,10,i'm doing good . just cooking dinner . love cooking
FP,0,1,0.8397,13,it is he loves it i also read shark books to him .
TN,0,0,0.3274,15,i really like it so far . i enjoy writing in my spare time .
TP,1,1,0.7641,15,not today . i like it dipped in sauce bang bang shrimp is the recipe
FN,1,0,0.4983,11,"i enjoy making friends and exercising , how about you ?"
TP,1,1,0.9085,4,i hate carrots .
FP,0,1,0.6271,7,"hello , how are you today ?"
FP,0,1,0.6933,10,wow got some height on you . do you work
TP,1,1,0.8438,7,i train horses for a living .
FP,0,1,0.8096,14,christmas is great . do you spend it at home with your parents ?
TP,1,1,0.7829,7,i live alone in a cabin .
FP,0,1,0.8316,7,hi . where are you from ?
TP,1,1,0.8763,16,i like seafood but my favorite is meat and pizza . what do you do ?
FP,0,1,0.8103,10,i force it to watch game of thrones with me
FP,0,1,0.8433,13,it is . my mom reads palms at a fortune telling place .
FP,0,1,0.6242,14,thank god the witch is dead . but the cat is not obviously .
FP,0,1,0.5834,15,"how cool is that , all i wanted to be was a yoga instructor ."
FP,0,1,0.895,14,"i've to admit , i always opted for hte movie versions of books ."
TP,1,1,0.6879,11,i wish i had a real dragon i could train .
FP,0,1,0.8105,11,that is a cute name what kind of dog is her
TP,1,1,0.7377,3,i'm strong .
FN,1,0,0.4067,17,"i own a pug , and he is the most loyal pet you will ever have ."
TP,1,1,0.8309,10,i start an internship in engineering later this year .
FN,1,0,0.306,11,what was it called ? i have probably been there .
TP,1,1,0.9207,11,i like dogs sometimes but other times i just wanna scream
TP,1,1,0.637,11,i think i've just found a cure for the common cold
FP,0,1,0.5456,10,thanks for not reacting negatively about me having 2 moms
FP,0,1,0.5015,11,just taking care of my mother . she's very sick .
TP,1,1,0.7799,16,"i train horses as a career , so i wish the cold would stay away ."
TN,0,0,0.219,8,that's about all you really need to know
FP,0,1,0.7685,13,"yes lots of children , my wife cares for them at home ."
FP,0,1,0.6993,13,the bass player . he's the one who introduced me to anime .
FP,0,1,0.8363,6,what do you do for fun
FP,0,1,0.6663,7,she's a golden retriever very nice dogs
TP,1,1,0.6062,12,i live out the the country so asthma wouldn't be good .
TN,0,0,0.3032,17,good and you ? i just got done with my waitress job at a houston club .
TP,1,1,0.8144,7,i work at the grocery store .
FP,0,1,0.7199,12,just drink some cola with rum and you'll forget about them !
TP,1,1,0.7822,7,i go to a local college .
FN,1,0,0.2258,16,are you a guy ? i love to be around guys . they're so sexy .
FP,0,1,0.8743,9,"hockey is cool , my dad likes hockey ."
FP,0,1,0.7208,6,please do not trust anyone .
TP,1,1,0.5475,6,i'm a little rich i suppose
FP,0,1,0.6914,8,do you have any humans around you ?
TP,1,1,0.7725,12,i am great at catching a wave with my high school sweetheart
FP,0,1,0.8337,10,how to milk a cow it what i don't know
TP,1,1,0.8113,6,i have an older brother .
TN,0,0,0.2798,16,no kidding ? i was just listening to the same thing while taking a bath .
TP,1,1,0.8305,7,i wish i could live forever .
FN,1,0,0.1595,16,"have fun , i love to live life to the fullest . . . . enjoy"
FN,1,0,0.4212,18,do you have anything planned for today ? i think i am going to do some canning .
TP,1,1,0.8667,6,i like to remodel homes .
FP,0,1,0.7257,14,"i wish i can sing , when i sing my four dogs howl ."
TN,0,0,0.2463,10,sounds a bit scary . i ve never been .
TN,0,0,0.392,14,you must be very fast . hunting is one of my favorite hobbies .
FP,0,1,0.8655,6,where do you live at ?
TP,1,1,0.7465,6,i love to run fast .
FP,0,1,0.715,15,"haha , that is helps with the fast food , do you have animals ?"
TN,0,0,0.2655,9,sounds like it could be a good time .
FP,0,1,0.8974,6,i watch kids for a living
TP,1,1,0.8517,6,i like to play soccer .
TP,1,1,0.7626,6,i am in the army .
FP,0,1,0.7793,20,i got a new fly rod and reel for my wife . . . best trade i ever made .
FP,0,1,0.9118,6,no i do not follow baseball
TP,1,1,0.8071,10,i like rap music i like micheal jackson too .
TN,0,0,0.4865,15,great commitment to your beliefs . i admit i still eat meat only less .
TP,1,1,0.8434,7,i'm stuck in a wheel chair .
TP,1,1,0.726,12,i like rock opera my favorite song is two steps from hell
TN,0,0,0.2505,14,"no , not much , but i've lots of friends . i can ask"
TN,0,0,0.3487,18,"oh , that is cool . the career highlight of my schooling was winning a spelling bee ."
FP,0,1,0.518,8,hi . how are you doing today ?
TP,1,1,0.8781,6,i am a soccer player .
TP,1,1,0.8281,13,what do you do for a living ? i'm in the army .
FP,0,1,0.7047,10,he definitely does ! do you have any hobbies ?
TP,1,1,0.7098,13,i was born male and transitioned to female when i was 17 .
FN,1,0,0.3257,17,"i've got a belly full of shrimp , so i'm fabulous . tell me about yourself ."
FP,0,1,0.9141,12,a noble pursuit . what kind of bait do you use ?
FP,0,1,0.8127,5,good i despise cheese greatly
TP,1,1,0.9182,8,i like to read books but not games
FP,0,1,0.7672,5,what artist of the usual
FP,0,1,0.8128,13,good because i eat steak often . are you in a band ?
FP,0,1,0.8819,11,they're both greyhounds . their names are tom and jerry .
FN,1,0,0.279,9,i'm good . just listening to some tool .
TP,1,1,0.8065,5,we own our home .
FN,1,0,0.271,8,i'm great today . such a nice day
FN,1,0,0.414,18,what do you do for career ? i have a ton of hobbies if you are interested !
FP,0,1,0.8325,6,what is your favorite food ?
TP,1,1,0.777,10,i am still in love with my ex boyfriend .
TP,1,1,0.9055,6,i am tall and blonde .
TP,1,1,0.8981,4,i'm a babysitter .
TP,1,1,0.8252,12,not like i want being a nurse on the military base .
FP,0,1,0.803,12,"studying in college for phys ed , what do you do ?"
TP,1,1,0.7769,4,i've three tattoos .
FP,0,1,0.7058,13,that sounds cute ! so what else do you do for fun ?
TP,1,1,0.7836,13,i love baking . maids huh ? fancy . are you rich ?
FN,1,0,0.4418,20,me too . i love technology . i wish i would never die . i wanna free dive forever .
TP,1,1,0.7764,5,hi there . i'm vegan
FP,0,1,0.7439,16,nothing really . i just like having nice new office supplies around . and books .
FP,0,1,0.5302,10,"cool , i play the drums every now and again"
FP,0,1,0.5823,12,"yes , cooking for family get togethers is one of my favorites"
FP,0,1,0.7415,18,"well i despise tofu and have never found any friends in it try tofu , for security ."
FP,0,1,0.6284,8,what changed your mind about doing it ?
FN,1,0,0.3654,12,"be careful , my area is a little iffy at night ."
FN,1,0,0.2176,14,i am great just about to head out fishing one of my favorite pastimes
TP,1,1,0.8409,9,i have always wanted a pot bellied pig .
TP,1,1,0.7372,9,"i prefer rock music , like led zeppelin ."
FP,0,1,0.5896,17,"not much . just work , hang out with my boyfriend , singing lessons . . ."
FP,0,1,0.6108,14,you took your findings to the lab while you were in the shower ?
FN,1,0,0.2414,8,i'm quite the coffee drinker myself . !
TP,1,1,0.6288,12,i love doing anything outdoors . especially in summer . you ?
FP,0,1,0.5753,8,hello ! how are you doing today ?
TN,0,0,0.1491,17,hello there . how are you ? i got off from creating videos for discovery channel .
FP,0,1,0.591,13,giant changes won't work without a strong foundation and evidence for initial success
FP,0,1,0.8062,16,being an author must be really neat . what type of books do you write ?
TN,0,0,0.3108,14,"wow , that sounds like an awesome job ! does he like it ?"
TP,1,1,0.8649,6,i am huge but act kindly
TP,1,1,0.7002,10,i love anime . my favorite is trinity blood .
FP,0,1,0.9102,5,i bet that it does
FP,0,1,0.7033,6,"good , how are you ?"
FP,0,1,0.6679,16,lol ! are there any places you guys like to go to as a family ?
TP,1,1,0.5286,13,i have not . i can cook any word you want me to
TP,1,1,0.717,11,i like to donate time at the local animal shelter .
TP,1,1,0.6457,5,i am a veteran .
FP,0,1,0.7005,20,maybe i can get onw as a wedding gift . . being the middle kid sucks . parents neglect ya
TP,1,1,0.6407,14,"my mom is proud , i have the easter bunny hiding in my closet"
FN,1,0,0.4431,13,i'm sure he does like it . what else do you do ?
FN,1,0,0.4667,19,"yeah . dreaming , sigh . now it is the pta and book clubs , four of them ."
TP,1,1,0.889,12,i had to call 911 when i had a terrible headache .
FP,0,1,0.5477,16,i would love to have you as my chef during my summer vacation on lake michigan
TP,1,1,0.8501,10,when i am not singing i am playing tennis .
TP,1,1,0.6527,7,i am in so cal inland empire
TP,1,1,0.647,9,i am in my late forties and live alone
FN,1,0,0.3638,15,i will be graduating in september and hope to get a teaching job soon .
TP,1,1,0.7183,9,my favorite book is anne of green gables .
TP,1,1,0.5266,11,"hi katie , i'm lucy . how was your weekend ?"
TP,1,1,0.8792,10,i like to build computers on the side too .
TN,0,0,0.2786,13,that's interesting . i would love to start my own insurance company .
TP,1,1,0.7337,10,i think it would be cold there too misery .
FP,0,1,0.8587,10,i give my family the top priority in my life
TP,1,1,0.8694,9,i live on a small farm in ohio .
FP,0,1,0.8168,8,a bank teller is a good job .
FP,0,1,0.6635,7,have you visited him there before ?
FP,0,1,0.7237,12,stealing isn't nice . dust makes my allergies act up too sometimes
TP,1,1,0.7745,16,i think i will can some jam . do you also play footfall for fun ?
FP,0,1,0.6923,4,do you work ?
FP,0,1,0.7569,7,that sucks you should go see her
FP,0,1,0.8385,11,"okay , its not a super fun gig but pays decent"
TP,1,1,0.7554,5,i live in vermont .
FP,0,1,0.619,5,hey there hows it going
TP,1,1,0.8245,5,i am a barista .
FN,1,0,0.2997,20,"you are never alone , and the law firm i work for knows it . we fight for you ."
TP,1,1,0.5618,4,i've a daughter .
FP,0,1,0.5805,8,"alaska , you ? are you married ?"
TP,1,1,0.7551,7,i am good and yourself friend ?
FP,0,1,0.8183,7,was that in 3rd game ? p
TP,1,1,0.6609,8,pretty . i like mountains alot you ?
FP,0,1,0.798,13,eating healthy is easy for me cause i do not have a car
TP,1,1,0.7054,17,yeah . i always bake cookies when i am bored . do you have a hobby ?
TP,1,1,0.7788,6,my father worked for ge .
TP,1,1,0.699,9,hi i am katie . i am a transgender
TP,1,1,0.8045,7,i like snowboarding and horseback riding .
TP,1,1,0.7444,13,i want to get a horse . i love to go horseback riding
FP,0,1,0.8007,14,"yes , pizza is my vice ! sour candy is good , also ."
TP,1,1,0.6516,9,where do you live ? i'm in vermont .
TP,1,1,0.7152,17,i have not read twilight yet but really want to . used to read black stallion .
TP,1,1,0.9285,7,fun i like to collect rare teapots
TP,1,1,0.8651,6,i live in the city .
FP,0,1,0.5261,10,that sounds exciting ! ! do you have any tatoos
TN,0,0,0.4464,7,thanks . tell me about you ?
TN,0,0,0.4534,10,if they have a good day i do too .
TP,1,1,0.7732,13,whats the dogs name ? i have visited like 12 national parks .
TP,1,1,0.7006,7,people say i've a cute laugh .
FP,0,1,0.6327,11,i'll bake you a cake when you start your band .
FP,0,1,0.7051,7,me also what is your favorite ?
FP,0,1,0.605,7,not yet . have you decided ?
TP,1,1,0.7212,5,i love to surf .
TP,1,1,0.8822,9,i'm a waitress at a popular houston club .
TP,1,1,0.8017,9,i like to cook but not with cheese obviously
FP,0,1,0.8187,9,sweet ! do you feed your snake beer ?
TP,1,1,0.7543,8,i've traveled to both ireland and australia .
TP,1,1,0.8217,9,i am a state trooper state of michigan !
FP,0,1,0.8555,6,i bet he loves it !
TP,1,1,0.7974,10,i love dogs ! what kind do you have ?
FN,1,0,0.1701,19,well if your sure i will keep dancing . i love it too hate to give it up .
TP,1,1,0.9284,6,i like to eat beef .
TP,1,1,0.8521,17,"wow ! i need to get outside , my school is huge . any good autographs ?"
TP,1,1,0.93,9,i drive a motorcycle instead of a car .
TN,0,0,0.3785,17,its so interesting . the way computers work . i hope to own a repair shop .
FP,0,1,0.8474,11,"not really , in my spare time i write fictional novels"
TP,1,1,0.8071,10,i eat tuna fish salad at least every day .
FP,0,1,0.6217,7,do you have family in there ?
TP,1,1,0.8051,10,i love hairless asians . do you like carrots ?
FP,0,1,0.8167,14,i cannot ride horses . being that high off the ground is terrifying .
FP,0,1,0.7923,10,he will not lay on the porch no other time
TP,1,1,0.8504,5,i've borderline personality disorder .
TN,0,0,0.4376,17,"no way . that's my favorite team too . although , not cause of the colors ."
FP,0,1,0.754,10,do u believe you can achieve anything because i do
FP,0,1,0.864,6,do you enjoy eating cakes ?
FN,1,0,0.1842,20,"i am so great . for sure , no fl now . unless you are really good at swimming ?"
TN,0,0,0.1411,14,do not trust anyone ! is your vera nice ? ours is dead .
TP,1,1,0.8586,12,"no , i've no clue , pretty strict laws where i live"
TP,1,1,0.6218,6,i'm in to the photography business
FP,0,1,0.7336,12,well it takes a bus or a car to get there .
FP,0,1,0.8498,8,what do you do for a living ?
TP,1,1,0.6824,9,i like to go hiking on the weekends .
TP,1,1,0.7797,10,my children let me down so i have been better
FP,0,1,0.6604,14,nice . i don't have any pets . do you have any kids ?
FP,0,1,0.7882,10,i give deep sea fishing tours at the beach sometimes
TP,1,1,0.5813,7,i'm from alabama . how about you
TN,0,0,0.4189,13,"that's good . i play sports , it helps me stay balanced ."
TP,1,1,0.6167,11,"congratulations , i'm single and hope to go to japan soon"
TP,1,1,0.8051,6,i'm a michigan state trooper .
TN,0,0,0.1613,13,"hopefully it gets better with time , wish i could meet her haha"
FP,0,1,0.6921,11,teachers are the foundation of our world . that's great .
FP,0,1,0.8169,6,good where do you work ?
TP,1,1,0.7925,5,i've a pet snake .
TP,1,1,0.8068,8,my favorite food is spaghetti and meatballs .
FP,0,1,0.7167,14,"only you , master . only you . the knives are now secured ."
TP,1,1,0.7361,15,do you see a lot of animals around your garden ? i love seeing animals
FP,0,1,0.8393,14,yes and ceo in prison for 5 years for bribery . retired here .
FP,0,1,0.9078,7,wow that must be insanely well paying
TP,1,1,0.9168,8,how tall are you ? i'm 5 5
FP,0,1,0.8373,8,"hey sean , what are you studying ?"
TP,1,1,0.9018,6,my mom is a janitor .
TN,0,0,0.2484,12,that was probably wise . i'd have wanted to know more though
FN,1,0,0.3507,10,that is a good one . i have kids too
FN,1,0,0.1544,16,"wow that is intense , i am too much of scary cat to do that ."
TN,0,0,0.2775,12,now that is really cool . what else to you like ?
TP,1,1,0.5315,10,"i am always so tired , how are you ?"
TP,1,1,0.8857,7,i'm in college to become a teacher
TN,0,0,0.3236,14,yeah it is . i really hope they have a frat party again soon
TN,0,0,0.4471,7,oh well that isn't a good combination
FP,0,1,0.8876,6,why how tall are you ?
FP,0,1,0.7403,14,my younger brother is a cod player too . he is pretty good .
FP,0,1,0.631,13,doesn't have to be chocolate . i can bake anything . sure !
FP,0,1,0.6073,10,yummy ! mine is pasta . it is delicious .
FP,0,1,0.7135,7,"hi , what is your name ?"
TP,1,1,0.8311,7,i attend book club every week .
TP,1,1,0.8316,8,my major was american literature and education .
TN,0,0,0.1095,17,ambitious . i feel like you should focus on needs assessment and connection to services first .
FN,1,0,0.1799,17,that . s cool . . . i love to cook for my friends and family .
FP,0,1,0.6762,8,"aw , how old is your daughter ?"
TP,1,1,0.8674,7,i work at the local bank .
TP,1,1,0.8203,7,i grew up on a farm .
FN,1,0,0.2757,8,that is nice . i work a lot
TP,1,1,0.8051,18,"that sounds fun ! i'm not sporty , aside from biking . do you coach high school ?"
TN,0,0,0.3354,9,idon't know i just worry about it constantly .
TP,1,1,0.6946,9,its a beautiful night i love the night air
FP,0,1,0.6752,5,hello how are you today
TP,1,1,0.8697,11,i prefer hiking outdoors and photography rather than crowded malls .
FP,0,1,0.5215,14,i'd rather spend my money on going to concerts where i dance hard !
FN,1,0,0.469,14,"i go almost every weekend , it is one of my favorite past times"
TP,1,1,0.8873,11,my parents don't know that i'm . . . homosexual .
FP,0,1,0.8447,8,do you usually make bank waiting tables ?
FN,1,0,0.3242,16,"its fun during the day , i like it esp when i can bring beer !"
TN,0,0,0.2049,19,"wow , i wish i had a big family . i grew up in a very small town ."
TP,1,1,0.5292,17,sounds relaxing . i am going on a cruise in a month . hoping to relax there
FP,0,1,0.808,14,"i mostly enjoy painting , but will often listen to music . you ?"
TN,0,0,0.1186,17,"hello , so glad to chat with you i do not do person to person contact well"
TP,1,1,0.7769,5,i'm an environmental activist .
FP,0,1,0.657,6,hey there how are you ?
TP,1,1,0.8552,6,my mom is a nurse .
TP,1,1,0.9308,9,i live in a house in the country .
FP,0,1,0.93,12,yeah the exploding ones left cool black marks on my wall though
TN,0,0,0.185,9,same here . better days ahead i hope .
FP,0,1,0.7952,13,dang they do move on to 5 letter words then . rough .
FN,1,0,0.2722,11,neat ! are you married ? i'm 35 and single .
FP,0,1,0.6011,13,oh my i've never had green eggs . what is your name ?
TN,0,0,0.4728,14,we can be one . love surfing the internet so we can always chat
FN,1,0,0.3746,9,i know what you mean i'm just so simple
FN,1,0,0.4482,8,what is that ? i'm not familiar .
FP,0,1,0.7717,15,"up north normally . dragons are cold blooded , even though they breathe fire ."
FP,0,1,0.5772,6,hi how are you doing ?
FP,0,1,0.6236,8,oh great ! we can garden too .
TP,1,1,0.8399,12,i'm a bad driver and have been in a few crashes .
TN,0,0,0.4475,9,oh no it isn't it is my car lol
TP,1,1,0.8798,8,me too . i like repairing busted ones
TP,1,1,0.7774,6,i live on an island .
FP,0,1,0.5403,7,"how fun , are you single ?"
TN,0,0,0.3821,13,"well , my bf studies so i thought i'd try as well ."
TP,1,1,0.6445,17,does she like to fish ? that is a deal breaker for me . i love fishing
FP,0,1,0.7647,15,"nah . but i do not drink it , i stick to almond milk ."
FP,0,1,0.9044,5,do you like computers ?
TN,0,0,0.4851,17,my prius will not fit all our children so we are upgrading to a van soon .
TP,1,1,0.8272,8,i had when i wrote my first book
FP,0,1,0.7262,6,its was very warm outside today
FN,1,0,0.4001,17,"i am sorry . have your parents taught you about philosophy , i study it a umass"
FP,0,1,0.7041,11,"i volunteer at a farm , do you like animals ?"
TN,0,0,0.2324,9,oh that sounds like a lot of fun .
TP,1,1,0.872,4,i'm large but harmless
TP,1,1,0.8141,17,i am studying forestry management . i do not want to be a custodian like mom .
TP,1,1,0.759,10,yes i am . i don't care for sports much
TP,1,1,0.8412,11,my favorite holiday is halloween because i like dressing up .
TN,0,0,0.4625,13,great ! just go off work at the smoothie shop . you ?
FP,0,1,0.835,8,canada is great for winter sports too .
TP,1,1,0.7507,9,i want to be in a band someday .
FN,1,0,0.4516,17,comedies ! i like when my dog and cat come to bed with me to watch movies
FP,0,1,0.5043,6,he's so weird i tell you
TP,1,1,0.8635,5,i enjoy playing tennis .
TN,0,0,0.4889,19,"what did you do to get kicked out ? props to you for planning for college , btw !"
TP,1,1,0.7327,6,i am an aspiring singer .
TP,1,1,0.8137,5,i do welding mostly yeah
TP,1,1,0.5143,17,"i like rock too , but sometimes i listen to gary human with my hipster friends ."
FN,1,0,0.1636,13,"sorry to hear , i work for a large adoption law firm ."
FP,0,1,0.922,6,how old are you now ?
TP,1,1,0.5466,11,gosh that's creepy . i'm going to watch baseball now .
FP,0,1,0.6093,11,witty is good that means you have a sense of humor
TP,1,1,0.8627,6,i love the game halo .
TP,1,1,0.7754,4,i live alone .
FP,0,1,0.6281,6,hello how are you today ?
FP,0,1,0.9439,9,do you follow baseball at a ; ; ?
TP,1,1,0.5163,7,"very nice , i am vegetarian too"
FP,0,1,0.9298,14,"girl power ! that is so cool , do you wear zebras socks ?"
TP,1,1,0.7981,5,i am a veterinarian .
FP,0,1,0.6082,7,hello how are you this evening ?
TP,1,1,0.5383,9,nice to meet you too ! i'm vladimir .
TP,1,1,0.7608,6,i am a night owl .
TP,1,1,0.7315,13,i'm a call of duty girl i cant wait for the new one
TP,1,1,0.8641,8,i'm going on a cruise next month .
FP,0,1,0.7007,12,you said that before . haha . where are you from ?
TP,1,1,0.8321,10,"sweet , i like sweet potatoes and jumping off cliffs"
FP,0,1,0.9084,10,i don't like carrots . i throw them away .
TP,1,1,0.6864,9,yes i like to entertain playing the drums .
FP,0,1,0.8916,10,is your hair color blonde ? tv loves blondes .
TN,0,0,0.2992,14,it can be fun but i do have to mix it up a ton
FP,0,1,0.7641,7,sounds painful how big was the carrot
TN,0,0,0.2896,14,greetings . . today would be wonderful if i were royalty . . .
TP,1,1,0.7086,15,i'm sure i can lift 10 nurses . bring on the nurses ! ! !
TP,1,1,0.9054,6,i am 19 years old .
FP,0,1,0.5102,8,"ok i see , that's your halloween costume"
TP,1,1,0.7835,12,i love watching college basketball and rocking out to classic rock .
FP,0,1,0.6772,15,pig would be fun . i wonder if one would free dive with me ?
FP,0,1,0.8806,6,"i see , i play guitar"
FP,0,1,0.5952,7,you work for a funeral home ?
TP,1,1,0.5472,7,i'm doing good how about you ?
TP,1,1,0.8061,5,i have three tattoos .
FN,1,0,0.1503,20,"hi , how are you doing ? i'm getting ready to do some cheetah chasing to stay in shape ."
TP,1,1,0.8575,6,i like to go hunting .
TN,0,0,0.4594,12,"that's awesome , when i was young like that i tried acting"
TP,1,1,0.7247,14,"i struggle to maintain a constant eye contact with people , my eye wanders"
TP,1,1,0.6628,18,i love to go dancing . i love eating out . do you have any favorite foods ?
TP,1,1,0.9493,6,i am ten years old .
FN,1,0,0.1173,16,"hi , i am a mechanic who lives alone . . . how about you ?"
TP,1,1,0.671,5,i love my girlfriend .
FP,0,1,0.8758,11,i've never tried to garden but my mom loves it .
FP,0,1,0.8988,9,"ll i've 3 , my parents do not know"
TN,0,0,0.4724,10,okay that's ridiculous lol . why so many moves ?
TP,1,1,0.7837,10,i go to at least 10 concerts a year .
TP,1,1,0.6444,4,i am argentinian .
TP,1,1,0.7785,9,going snorkeling is my favorite thing to do .
FN,1,0,0.4035,10,well then . . . i do i love it
TP,1,1,0.8606,9,i do not like green eggs and ham .
TN,0,0,0.3901,5,that is a good start
TN,0,0,0.1341,11,"true , very true , so what are you doing ?"
FP,0,1,0.558,13,is it all organic ? i found that sometimes chemicals are necessary .
FP,0,1,0.8916,16,i would have to say its prime rib . do you have any favorite foods ?
TP,1,1,0.7182,10,yeah i need to get away from all these cows
FN,1,0,0.4033,14,you will be blown away by the ending ! i love that show .
FP,0,1,0.5324,7,200 of what i don't get it
TP,1,1,0.8374,5,i am a vegan .
FP,0,1,0.6157,7,it is fun i can't get enough
