model,threshold,precision,recall,f1
LSG,0.085,0.5344,1.0,0.6966
LSG,0.087,0.5347,1.0,0.6968
LSG,0.096,0.535,1.0,0.6971
LSG,0.103,0.5348,0.999,0.6966
LSG,0.108,0.5351,0.999,0.6969
LSG,0.114,0.5354,0.999,0.6971
LSG,0.115,0.5351,0.9979,0.6967
LSG,0.117,0.5354,0.9979,0.6969
LSG,0.117,0.5352,0.9969,0.6964
LSG,0.117,0.5355,0.9969,0.6967
LSG,0.129,0.5358,0.9969,0.6969
LSG,0.132,0.5361,0.9969,0.6972
LSG,0.135,0.5364,0.9969,0.6975
LSG,0.135,0.5367,0.9969,0.6977
LSG,0.136,0.5364,0.9958,0.6972
LSG,0.138,0.5367,0.9958,0.6975
LSG,0.145,0.5364,0.9948,0.697
LSG,0.149,0.5367,0.9948,0.6973
LSG,0.15,0.5365,0.9938,0.6968
LSG,0.152,0.5368,0.9938,0.697
LSG,0.152,0.5371,0.9938,0.6973
LSG,0.153,0.5374,0.9938,0.6976
LSG,0.157,0.5371,0.9927,0.6971
LSG,0.158,0.5374,0.9927,0.6973
LSG,0.159,0.5377,0.9927,0.6976
LSG,0.159,0.5375,0.9917,0.6971
LSG,0.159,0.5378,0.9917,0.6974
LSG,0.162,0.5381,0.9917,0.6976
LSG,0.162,0.5384,0.9917,0.6979
LSG,0.168,0.5381,0.9906,0.6974
LSG,0.17,0.5384,0.9906,0.6977
LSG,0.172,0.5382,0.9896,0.6972
LSG,0.173,0.5379,0.9886,0.6967
LSG,0.173,0.5376,0.9875,0.6962
LSG,0.174,0.5374,0.9865,0.6957
LSG,0.174,0.5377,0.9865,0.696
LSG,0.174,0.5374,0.9854,0.6955
LSG,0.175,0.5377,0.9854,0.6958
LSG,0.181,0.538,0.9854,0.696
LSG,0.182,0.5383,0.9854,0.6963
LSG,0.182,0.5381,0.9844,0.6958
LSG,0.187,0.5384,0.9844,0.6961
LSG,0.187,0.5381,0.9834,0.6956
LSG,0.188,0.5378,0.9823,0.6951
LSG,0.188,0.5382,0.9823,0.6954
LSG,0.19,0.5379,0.9813,0.6949
LSG,0.191,0.5376,0.9802,0.6944
LSG,0.191,0.5374,0.9792,0.6939
LSG,0.194,0.5371,0.9782,0.6934
LSG,0.197,0.5374,0.9782,0.6937
LSG,0.201,0.5377,0.9782,0.694
LSG,0.205,0.5374,0.9771,0.6935
LSG,0.213,0.5378,0.9771,0.6937
LSG,0.214,0.5375,0.9761,0.6932
LSG,0.216,0.5372,0.9751,0.6928
LSG,0.218,0.537,0.974,0.6923
LSG,0.218,0.5373,0.974,0.6925
LSG,0.22,0.5376,0.974,0.6928
LSG,0.221,0.5379,0.974,0.693
LSG,0.223,0.5382,0.974,0.6933
LSG,0.224,0.5379,0.973,0.6928
LSG,0.226,0.5382,0.973,0.6931
LSG,0.227,0.538,0.9719,0.6926
LSG,0.227,0.5383,0.9719,0.6928
LSG,0.228,0.538,0.9709,0.6924
LSG,0.228,0.5383,0.9709,0.6926
LSG,0.228,0.5386,0.9709,0.6929
LSG,0.228,0.5384,0.9699,0.6924
LSG,0.229,0.5381,0.9688,0.6919
LSG,0.23,0.5378,0.9678,0.6914
LSG,0.231,0.5382,0.9678,0.6917
LSG,0.236,0.5379,0.9667,0.6912
LSG,0.237,0.5376,0.9657,0.6907
LSG,0.241,0.5373,0.9647,0.6902
LSG,0.242,0.5377,0.9647,0.6905
LSG,0.242,0.5374,0.9636,0.69
LSG,0.244,0.5377,0.9636,0.6902
LSG,0.244,0.538,0.9636,0.6905
LSG,0.249,0.5377,0.9626,0.69
LSG,0.251,0.5381,0.9626,0.6903
LSG,0.252,0.5384,0.9626,0.6905
LSG,0.254,0.5381,0.9615,0.69
LSG,0.254,0.5378,0.9605,0.6896
LSG,0.257,0.5376,0.9595,0.6891
LSG,0.259,0.5379,0.9595,0.6893
LSG,0.262,0.5382,0.9595,0.6896
LSG,0.262,0.5385,0.9595,0.6898
LSG,0.263,0.5382,0.9584,0.6893
LSG,0.263,0.5386,0.9584,0.6896
LSG,0.264,0.5383,0.9574,0.6891
LSG,0.266,0.538,0.9563,0.6886
LSG,0.266,0.5377,0.9553,0.6881
LSG,0.268,0.5381,0.9553,0.6884
LSG,0.271,0.5384,0.9553,0.6886
LSG,0.272,0.5381,0.9543,0.6882
LSG,0.273,0.5384,0.9543,0.6884
LSG,0.273,0.5381,0.9532,0.6879
LSG,0.274,0.5385,0.9532,0.6882
LSG,0.274,0.5382,0.9522,0.6877
LSG,0.274,0.5385,0.9522,0.6879
LSG,0.275,0.5382,0.9511,0.6875
LSG,0.276,0.538,0.9501,0.687
LSG,0.276,0.5377,0.9491,0.6865
LSG,0.277,0.538,0.9491,0.6867
LSG,0.277,0.5383,0.9491,0.687
LSG,0.28,0.5386,0.9491,0.6872
LSG,0.281,0.539,0.9491,0.6875
LSG,0.282,0.5393,0.9491,0.6878
LSG,0.282,0.5396,0.9491,0.688
LSG,0.283,0.5393,0.948,0.6875
LSG,0.284,0.5396,0.948,0.6878
LSG,0.284,0.54,0.948,0.688
LSG,0.285,0.5397,0.947,0.6875
LSG,0.285,0.5394,0.9459,0.6871
LSG,0.285,0.5397,0.9459,0.6873
LSG,0.285,0.5395,0.9449,0.6868
LSG,0.286,0.5392,0.9439,0.6863
LSG,0.286,0.5395,0.9439,0.6866
LSG,0.286,0.5398,0.9439,0.6868
LSG,0.289,0.5402,0.9439,0.6871
LSG,0.289,0.5399,0.9428,0.6866
LSG,0.289,0.5396,0.9418,0.6861
LSG,0.29,0.5399,0.9418,0.6864
LSG,0.292,0.5397,0.9407,0.6859
LSG,0.292,0.54,0.9407,0.6861
LSG,0.292,0.5403,0.9407,0.6864
LSG,0.293,0.5406,0.9407,0.6866
LSG,0.294,0.5403,0.9397,0.6861
LSG,0.294,0.5401,0.9387,0.6856
LSG,0.297,0.5404,0.9387,0.6859
LSG,0.297,0.5401,0.9376,0.6854
LSG,0.298,0.5404,0.9376,0.6857
LSG,0.3,0.5402,0.9366,0.6852
LSG,0.301,0.5405,0.9366,0.6854
LSG,0.301,0.5408,0.9366,0.6857
LSG,0.304,0.5411,0.9366,0.686
LSG,0.304,0.5409,0.9356,0.6855
LSG,0.305,0.5412,0.9356,0.6857
LSG,0.306,0.5409,0.9345,0.6852
LSG,0.308,0.5406,0.9335,0.6847
LSG,0.308,0.541,0.9335,0.685
LSG,0.309,0.5407,0.9324,0.6845
LSG,0.31,0.5404,0.9314,0.684
LSG,0.311,0.5407,0.9314,0.6842
LSG,0.311,0.5411,0.9314,0.6845
LSG,0.312,0.5408,0.9304,0.684
LSG,0.315,0.5405,0.9293,0.6835
LSG,0.316,0.5402,0.9283,0.683
LSG,0.317,0.5406,0.9283,0.6832
LSG,0.318,0.5403,0.9272,0.6827
LSG,0.319,0.5406,0.9272,0.683
LSG,0.32,0.5409,0.9272,0.6833
LSG,0.321,0.5407,0.9262,0.6828
LSG,0.323,0.5404,0.9252,0.6823
LSG,0.323,0.5407,0.9252,0.6825
LSG,0.324,0.5404,0.9241,0.682
LSG,0.326,0.5408,0.9241,0.6823
LSG,0.329,0.5405,0.9231,0.6818
LSG,0.329,0.5402,0.922,0.6813
LSG,0.329,0.5399,0.921,0.6808
LSG,0.332,0.5402,0.921,0.681
LSG,0.332,0.5406,0.921,0.6813
LSG,0.333,0.5409,0.921,0.6815
LSG,0.333,0.5412,0.921,0.6818
LSG,0.333,0.541,0.92,0.6813
LSG,0.334,0.5413,0.92,0.6816
LSG,0.335,0.541,0.9189,0.681
LSG,0.338,0.5407,0.9179,0.6805
LSG,0.339,0.5411,0.9179,0.6808
LSG,0.339,0.5414,0.9179,0.6811
LSG,0.339,0.5411,0.9168,0.6806
LSG,0.34,0.5408,0.9158,0.68
LSG,0.341,0.5405,0.9148,0.6795
LSG,0.342,0.5409,0.9148,0.6798
LSG,0.343,0.5406,0.9137,0.6793
LSG,0.343,0.5409,0.9137,0.6796
LSG,0.345,0.5413,0.9137,0.6798
LSG,0.346,0.5416,0.9137,0.6801
LSG,0.346,0.5419,0.9137,0.6803
LSG,0.347,0.5416,0.9127,0.6798
LSG,0.348,0.5414,0.9116,0.6793
LSG,0.348,0.5411,0.9106,0.6788
LSG,0.348,0.5408,0.9096,0.6783
LSG,0.349,0.5405,0.9085,0.6778
LSG,0.352,0.5402,0.9075,0.6773
LSG,0.352,0.5406,0.9075,0.6775
LSG,0.352,0.5409,0.9075,0.6778
LSG,0.353,0.5406,0.9064,0.6773
LSG,0.353,0.5403,0.9054,0.6768
LSG,0.354,0.5407,0.9054,0.677
LSG,0.355,0.5404,0.9044,0.6765
LSG,0.356,0.5401,0.9033,0.676
LSG,0.357,0.5398,0.9023,0.6755
LSG,0.359,0.5395,0.9012,0.675
LSG,0.361,0.5399,0.9012,0.6752
LSG,0.362,0.5396,0.9002,0.6747
LSG,0.363,0.5399,0.9002,0.675
LSG,0.363,0.5402,0.9002,0.6752
LSG,0.365,0.54,0.8992,0.6747
LSG,0.366,0.5397,0.8981,0.6742
LSG,0.368,0.5394,0.8971,0.6737
LSG,0.369,0.5397,0.8971,0.674
LSG,0.369,0.5394,0.896,0.6734
LSG,0.371,0.5398,0.896,0.6737
LSG,0.372,0.5401,0.896,0.674
LSG,0.372,0.5398,0.895,0.6734
LSG,0.372,0.5402,0.895,0.6737
LSG,0.372,0.5399,0.894,0.6732
LSG,0.373,0.5396,0.8929,0.6727
LSG,0.373,0.5399,0.8929,0.6729
LSG,0.373,0.5403,0.8929,0.6732
LSG,0.374,0.54,0.8919,0.6727
LSG,0.375,0.5397,0.8909,0.6722
LSG,0.375,0.5394,0.8898,0.6716
LSG,0.376,0.5391,0.8888,0.6711
LSG,0.377,0.5388,0.8877,0.6706
LSG,0.377,0.5391,0.8877,0.6709
LSG,0.377,0.5395,0.8877,0.6711
LSG,0.378,0.5392,0.8867,0.6706
LSG,0.379,0.5395,0.8867,0.6709
LSG,0.381,0.5399,0.8867,0.6711
LSG,0.381,0.5396,0.8857,0.6706
LSG,0.381,0.5399,0.8857,0.6709
LSG,0.382,0.5403,0.8857,0.6711
LSG,0.384,0.54,0.8846,0.6706
LSG,0.386,0.5403,0.8846,0.6709
LSG,0.387,0.54,0.8836,0.6703
LSG,0.389,0.5397,0.8825,0.6698
LSG,0.39,0.5394,0.8815,0.6693
LSG,0.391,0.5391,0.8805,0.6688
LSG,0.393,0.5395,0.8805,0.669
LSG,0.395,0.5398,0.8805,0.6693
LSG,0.397,0.5395,0.8794,0.6688
LSG,0.397,0.5399,0.8794,0.669
LSG,0.398,0.5402,0.8794,0.6693
LSG,0.399,0.5406,0.8794,0.6696
LSG,0.399,0.5403,0.8784,0.669
LSG,0.402,0.5406,0.8784,0.6693
LSG,0.402,0.541,0.8784,0.6696
LSG,0.405,0.5407,0.8773,0.669
LSG,0.405,0.541,0.8773,0.6693
LSG,0.406,0.5414,0.8773,0.6696
LSG,0.406,0.5411,0.8763,0.669
LSG,0.407,0.5408,0.8753,0.6685
LSG,0.407,0.5411,0.8753,0.6688
LSG,0.408,0.5408,0.8742,0.6683
LSG,0.411,0.5412,0.8742,0.6685
LSG,0.411,0.5409,0.8732,0.668
LSG,0.412,0.5406,0.8721,0.6675
LSG,0.412,0.5409,0.8721,0.6677
LSG,0.413,0.5406,0.8711,0.6672
LSG,0.414,0.5403,0.8701,0.6667
LSG,0.414,0.5401,0.869,0.6661
LSG,0.415,0.5398,0.868,0.6656
LSG,0.415,0.5401,0.868,0.6659
LSG,0.415,0.5398,0.8669,0.6653
LSG,0.416,0.5395,0.8659,0.6648
LSG,0.416,0.5392,0.8649,0.6643
LSG,0.416,0.5396,0.8649,0.6645
LSG,0.417,0.5399,0.8649,0.6648
LSG,0.417,0.5396,0.8638,0.6643
LSG,0.417,0.54,0.8638,0.6645
LSG,0.418,0.5397,0.8628,0.664
LSG,0.419,0.54,0.8628,0.6643
LSG,0.42,0.5404,0.8628,0.6645
LSG,0.421,0.5407,0.8628,0.6648
LSG,0.421,0.5404,0.8617,0.6643
LSG,0.423,0.5401,0.8607,0.6637
LSG,0.425,0.5398,0.8597,0.6632
LSG,0.426,0.5402,0.8597,0.6635
LSG,0.426,0.5405,0.8597,0.6637
LSG,0.427,0.5409,0.8597,0.664
LSG,0.427,0.5412,0.8597,0.6643
LSG,0.428,0.5416,0.8597,0.6645
LSG,0.43,0.5419,0.8597,0.6648
LSG,0.43,0.5423,0.8597,0.6651
LSG,0.432,0.5427,0.8597,0.6653
LSG,0.432,0.543,0.8597,0.6656
LSG,0.433,0.5434,0.8597,0.6659
LSG,0.438,0.5437,0.8597,0.6661
LSG,0.439,0.5434,0.8586,0.6656
LSG,0.439,0.5438,0.8586,0.6659
LSG,0.441,0.5441,0.8586,0.6661
LSG,0.442,0.5438,0.8576,0.6656
LSG,0.442,0.5442,0.8576,0.6659
LSG,0.442,0.5446,0.8576,0.6661
LSG,0.442,0.5443,0.8565,0.6656
LSG,0.443,0.544,0.8555,0.6651
LSG,0.443,0.5443,0.8555,0.6653
LSG,0.444,0.5447,0.8555,0.6656
LSG,0.444,0.545,0.8555,0.6659
LSG,0.444,0.5454,0.8555,0.6661
LSG,0.446,0.5458,0.8555,0.6664
LSG,0.446,0.5455,0.8545,0.6659
LSG,0.446,0.5458,0.8545,0.6661
LSG,0.447,0.5455,0.8534,0.6656
LSG,0.447,0.5452,0.8524,0.665
LSG,0.448,0.5456,0.8524,0.6653
LSG,0.448,0.5459,0.8524,0.6656
LSG,0.448,0.5456,0.8514,0.665
LSG,0.448,0.5453,0.8503,0.6645
LSG,0.449,0.5457,0.8503,0.6648
LSG,0.449,0.5454,0.8493,0.6642
LSG,0.45,0.5451,0.8482,0.6637
LSG,0.451,0.5455,0.8482,0.664
LSG,0.452,0.5458,0.8482,0.6642
LSG,0.453,0.5462,0.8482,0.6645
LSG,0.457,0.5459,0.8472,0.664
LSG,0.458,0.5462,0.8472,0.6642
LSG,0.459,0.5459,0.8462,0.6637
LSG,0.46,0.5463,0.8462,0.6639
LSG,0.46,0.546,0.8451,0.6634
LSG,0.46,0.5464,0.8451,0.6637
LSG,0.461,0.5467,0.8451,0.6639
LSG,0.461,0.5471,0.8451,0.6642
LSG,0.462,0.5468,0.8441,0.6637
LSG,0.465,0.5472,0.8441,0.6639
LSG,0.465,0.5475,0.8441,0.6642
LSG,0.465,0.5479,0.8441,0.6645
LSG,0.466,0.5483,0.8441,0.6648
LSG,0.466,0.5486,0.8441,0.665
LSG,0.467,0.549,0.8441,0.6653
LSG,0.467,0.5494,0.8441,0.6656
LSG,0.469,0.5491,0.843,0.665
LSG,0.469,0.5495,0.843,0.6653
LSG,0.47,0.5492,0.842,0.6648
LSG,0.471,0.5488,0.841,0.6642
LSG,0.471,0.5492,0.841,0.6645
LSG,0.472,0.5496,0.841,0.6647
LSG,0.473,0.55,0.841,0.665
LSG,0.473,0.5503,0.841,0.6653
LSG,0.473,0.5507,0.841,0.6656
LSG,0.473,0.5504,0.8399,0.665
LSG,0.473,0.5508,0.8399,0.6653
LSG,0.474,0.5512,0.8399,0.6656
LSG,0.474,0.5515,0.8399,0.6658
LSG,0.474,0.5519,0.8399,0.6661
LSG,0.476,0.5516,0.8389,0.6656
LSG,0.476,0.5513,0.8378,0.665
LSG,0.478,0.5517,0.8378,0.6653
LSG,0.478,0.5514,0.8368,0.6647
LSG,0.479,0.5511,0.8358,0.6642
LSG,0.479,0.5514,0.8358,0.6645
LSG,0.48,0.5511,0.8347,0.6639
LSG,0.483,0.5515,0.8347,0.6642
LSG,0.483,0.5512,0.8337,0.6636
LSG,0.484,0.5509,0.8326,0.6631
LSG,0.484,0.5513,0.8326,0.6634
LSG,0.484,0.5517,0.8326,0.6636
LSG,0.485,0.5513,0.8316,0.6631
LSG,0.486,0.551,0.8306,0.6625
LSG,0.486,0.5514,0.8306,0.6628
LSG,0.486,0.5511,0.8295,0.6622
LSG,0.486,0.5508,0.8285,0.6617
LSG,0.488,0.5512,0.8285,0.662
LSG,0.491,0.5516,0.8285,0.6622
LSG,0.492,0.5512,0.8274,0.6617
LSG,0.493,0.5516,0.8274,0.662
LSG,0.493,0.552,0.8274,0.6622
LSG,0.495,0.5524,0.8274,0.6625
LSG,0.495,0.5521,0.8264,0.6619
LSG,0.495,0.5525,0.8264,0.6622
LSG,0.498,0.5529,0.8264,0.6625
LSG,0.499,0.5532,0.8264,0.6628
LSG,0.499,0.5536,0.8264,0.6631
LSG,0.499,0.554,0.8264,0.6633
LSG,0.499,0.5537,0.8254,0.6628
LSG,0.501,0.5534,0.8243,0.6622
LSG,0.501,0.5538,0.8243,0.6625
LSG,0.502,0.5542,0.8243,0.6628
LSG,0.502,0.5538,0.8233,0.6622
LSG,0.503,0.5542,0.8233,0.6625
LSG,0.505,0.5546,0.8233,0.6628
LSG,0.505,0.5543,0.8222,0.6622
LSG,0.505,0.554,0.8212,0.6616
LSG,0.506,0.5544,0.8212,0.6619
LSG,0.506,0.5541,0.8202,0.6614
LSG,0.507,0.5538,0.8191,0.6608
LSG,0.508,0.5541,0.8191,0.6611
LSG,0.508,0.5545,0.8191,0.6614
LSG,0.509,0.5542,0.8181,0.6608
LSG,0.51,0.5539,0.817,0.6602
LSG,0.511,0.5543,0.817,0.6605
LSG,0.512,0.5547,0.817,0.6608
LSG,0.513,0.5551,0.817,0.6611
LSG,0.514,0.5548,0.816,0.6605
LSG,0.514,0.5552,0.816,0.6608
LSG,0.514,0.5548,0.815,0.6602
LSG,0.515,0.5545,0.8139,0.6596
LSG,0.516,0.5549,0.8139,0.6599
LSG,0.516,0.5553,0.8139,0.6602
LSG,0.516,0.5557,0.8139,0.6605
LSG,0.517,0.5561,0.8139,0.6608
LSG,0.517,0.5565,0.8139,0.661
LSG,0.517,0.5569,0.8139,0.6613
LSG,0.517,0.5573,0.8139,0.6616
LSG,0.521,0.5577,0.8139,0.6619
LSG,0.523,0.5574,0.8129,0.6613
LSG,0.523,0.5578,0.8129,0.6616
LSG,0.523,0.5575,0.8119,0.661
LSG,0.524,0.5571,0.8108,0.6605
LSG,0.524,0.5575,0.8108,0.6607
LSG,0.526,0.5579,0.8108,0.661
LSG,0.527,0.5583,0.8108,0.6613
LSG,0.527,0.5587,0.8108,0.6616
LSG,0.528,0.5584,0.8098,0.661
LSG,0.528,0.5588,0.8098,0.6613
LSG,0.528,0.5592,0.8098,0.6616
LSG,0.529,0.5589,0.8087,0.661
LSG,0.529,0.5593,0.8087,0.6613
LSG,0.53,0.559,0.8077,0.6607
LSG,0.531,0.5594,0.8077,0.661
LSG,0.531,0.5598,0.8077,0.6613
LSG,0.532,0.5602,0.8077,0.6616
LSG,0.533,0.5599,0.8067,0.661
LSG,0.534,0.5603,0.8067,0.6613
LSG,0.534,0.5607,0.8067,0.6616
LSG,0.534,0.5611,0.8067,0.6618
LSG,0.534,0.5615,0.8067,0.6621
LSG,0.535,0.5612,0.8056,0.6615
LSG,0.535,0.5616,0.8056,0.6618
LSG,0.536,0.562,0.8056,0.6621
LSG,0.536,0.5624,0.8056,0.6624
LSG,0.536,0.5621,0.8046,0.6618
LSG,0.537,0.5625,0.8046,0.6621
LSG,0.538,0.5629,0.8046,0.6624
LSG,0.538,0.5626,0.8035,0.6618
LSG,0.539,0.563,0.8035,0.6621
LSG,0.539,0.5634,0.8035,0.6624
LSG,0.54,0.5638,0.8035,0.6627
LSG,0.54,0.5642,0.8035,0.663
LSG,0.54,0.5639,0.8025,0.6624
LSG,0.541,0.5643,0.8025,0.6627
LSG,0.541,0.5647,0.8025,0.6629
LSG,0.541,0.5644,0.8015,0.6624
LSG,0.542,0.5641,0.8004,0.6618
LSG,0.543,0.5638,0.7994,0.6612
LSG,0.543,0.5642,0.7994,0.6615
LSG,0.544,0.5639,0.7983,0.6609
LSG,0.544,0.5636,0.7973,0.6604
LSG,0.545,0.564,0.7973,0.6606
LSG,0.545,0.5644,0.7973,0.6609
LSG,0.546,0.5641,0.7963,0.6603
LSG,0.546,0.5645,0.7963,0.6606
LSG,0.546,0.5649,0.7963,0.6609
LSG,0.547,0.5646,0.7952,0.6603
LSG,0.547,0.5643,0.7942,0.6598
LSG,0.547,0.5639,0.7931,0.6592
LSG,0.549,0.5643,0.7931,0.6595
LSG,0.549,0.564,0.7921,0.6589
LSG,0.55,0.5644,0.7921,0.6592
LSG,0.553,0.5641,0.7911,0.6586
LSG,0.554,0.5645,0.7911,0.6589
LSG,0.554,0.5642,0.79,0.6583
LSG,0.554,0.5639,0.789,0.6577
LSG,0.555,0.5643,0.789,0.658
LSG,0.555,0.5647,0.789,0.6583
LSG,0.555,0.5652,0.789,0.6586
LSG,0.555,0.5648,0.7879,0.658
LSG,0.555,0.5652,0.7879,0.6583
LSG,0.556,0.5649,0.7869,0.6577
LSG,0.556,0.5646,0.7859,0.6571
LSG,0.556,0.565,0.7859,0.6574
LSG,0.556,0.5647,0.7848,0.6568
LSG,0.557,0.5651,0.7848,0.6571
LSG,0.557,0.5655,0.7848,0.6574
LSG,0.558,0.5652,0.7838,0.6568
LSG,0.558,0.5656,0.7838,0.6571
LSG,0.558,0.5653,0.7827,0.6565
LSG,0.558,0.565,0.7817,0.6559
LSG,0.559,0.5654,0.7817,0.6562
LSG,0.56,0.5651,0.7807,0.6556
LSG,0.56,0.5655,0.7807,0.6559
LSG,0.56,0.5659,0.7807,0.6562
LSG,0.56,0.5664,0.7807,0.6565
LSG,0.561,0.5668,0.7807,0.6568
LSG,0.561,0.5672,0.7807,0.657
LSG,0.562,0.5669,0.7796,0.6565
LSG,0.562,0.5673,0.7796,0.6567
LSG,0.562,0.567,0.7786,0.6562
LSG,0.563,0.5674,0.7786,0.6564
LSG,0.563,0.5671,0.7775,0.6559
LSG,0.563,0.5668,0.7765,0.6553
LSG,0.564,0.5664,0.7755,0.6547
LSG,0.565,0.5669,0.7755,0.655
LSG,0.565,0.5673,0.7755,0.6552
LSG,0.566,0.567,0.7744,0.6547
LSG,0.566,0.5674,0.7744,0.6549
LSG,0.567,0.5678,0.7744,0.6552
LSG,0.568,0.5675,0.7734,0.6546
LSG,0.568,0.5672,0.7723,0.654
LSG,0.568,0.5676,0.7723,0.6543
LSG,0.569,0.5673,0.7713,0.6537
LSG,0.569,0.5669,0.7703,0.6532
LSG,0.569,0.5674,0.7703,0.6534
LSG,0.569,0.5678,0.7703,0.6537
LSG,0.57,0.5683,0.7703,0.654
LSG,0.572,0.5687,0.7703,0.6543
LSG,0.573,0.5684,0.7692,0.6537
LSG,0.573,0.568,0.7682,0.6531
LSG,0.574,0.5685,0.7682,0.6534
LSG,0.574,0.5689,0.7682,0.6537
LSG,0.576,0.5686,0.7672,0.6531
LSG,0.576,0.569,0.7672,0.6534
LSG,0.576,0.5687,0.7661,0.6528
LSG,0.576,0.5683,0.7651,0.6522
LSG,0.578,0.5688,0.7651,0.6525
LSG,0.579,0.5684,0.764,0.6519
LSG,0.579,0.5689,0.764,0.6522
LSG,0.58,0.5686,0.763,0.6516
LSG,0.58,0.569,0.763,0.6519
LSG,0.58,0.5694,0.763,0.6522
LSG,0.58,0.5691,0.762,0.6516
LSG,0.581,0.5695,0.762,0.6518
LSG,0.582,0.57,0.762,0.6521
LSG,0.582,0.5704,0.762,0.6524
LSG,0.582,0.5701,0.7609,0.6518
LSG,0.583,0.5705,0.7609,0.6521
LSG,0.584,0.5702,0.7599,0.6515
LSG,0.585,0.5706,0.7599,0.6518
LSG,0.587,0.5711,0.7599,0.6521
LSG,0.587,0.5715,0.7599,0.6524
LSG,0.588,0.572,0.7599,0.6527
LSG,0.589,0.5724,0.7599,0.653
LSG,0.589,0.5721,0.7588,0.6524
LSG,0.589,0.5725,0.7588,0.6527
LSG,0.59,0.573,0.7588,0.653
LSG,0.591,0.5727,0.7578,0.6523
LSG,0.592,0.5723,0.7568,0.6517
LSG,0.592,0.572,0.7557,0.6511
LSG,0.593,0.5717,0.7547,0.6505
LSG,0.593,0.5713,0.7536,0.6499
LSG,0.593,0.571,0.7526,0.6493
LSG,0.594,0.5714,0.7526,0.6496
LSG,0.594,0.5711,0.7516,0.649
LSG,0.594,0.5715,0.7516,0.6493
LSG,0.595,0.572,0.7516,0.6496
LSG,0.595,0.5724,0.7516,0.6499
LSG,0.595,0.5729,0.7516,0.6502
LSG,0.595,0.5734,0.7516,0.6505
LSG,0.595,0.573,0.7505,0.6499
LSG,0.596,0.5735,0.7505,0.6502
LSG,0.597,0.5739,0.7505,0.6505
LSG,0.597,0.5736,0.7495,0.6498
LSG,0.598,0.5732,0.7484,0.6492
LSG,0.599,0.5737,0.7484,0.6495
LSG,0.599,0.5734,0.7474,0.6489
LSG,0.599,0.5738,0.7474,0.6492
LSG,0.6,0.5743,0.7474,0.6495
LSG,0.6,0.5747,0.7474,0.6498
LSG,0.601,0.5744,0.7464,0.6492
LSG,0.602,0.5741,0.7453,0.6486
LSG,0.603,0.5745,0.7453,0.6489
LSG,0.603,0.575,0.7453,0.6492
LSG,0.604,0.5754,0.7453,0.6495
LSG,0.604,0.5751,0.7443,0.6488
LSG,0.604,0.5756,0.7443,0.6491
LSG,0.604,0.576,0.7443,0.6494
LSG,0.605,0.5757,0.7432,0.6488
LSG,0.606,0.5761,0.7432,0.6491
LSG,0.606,0.5766,0.7432,0.6494
LSG,0.606,0.5763,0.7422,0.6488
LSG,0.607,0.5759,0.7412,0.6482
LSG,0.609,0.5756,0.7401,0.6476
LSG,0.61,0.5761,0.7401,0.6479
LSG,0.61,0.5765,0.7401,0.6482
LSG,0.611,0.5762,0.7391,0.6475
LSG,0.611,0.5758,0.738,0.6469
LSG,0.613,0.5763,0.738,0.6472
LSG,0.613,0.5768,0.738,0.6475
LSG,0.614,0.5764,0.737,0.6469
LSG,0.614,0.5769,0.737,0.6472
LSG,0.614,0.5765,0.736,0.6466
LSG,0.615,0.577,0.736,0.6469
LSG,0.615,0.5767,0.7349,0.6463
LSG,0.615,0.5763,0.7339,0.6456
LSG,0.615,0.576,0.7328,0.645
LSG,0.616,0.5765,0.7328,0.6453
LSG,0.616,0.5769,0.7328,0.6456
LSG,0.616,0.5774,0.7328,0.6459
LSG,0.618,0.5779,0.7328,0.6462
LSG,0.618,0.5783,0.7328,0.6465
LSG,0.619,0.578,0.7318,0.6459
LSG,0.619,0.5785,0.7318,0.6462
LSG,0.62,0.5789,0.7318,0.6465
LSG,0.62,0.5786,0.7308,0.6458
LSG,0.621,0.5791,0.7308,0.6461
LSG,0.621,0.5796,0.7308,0.6464
LSG,0.621,0.58,0.7308,0.6467
LSG,0.621,0.5805,0.7308,0.647
LSG,0.621,0.581,0.7308,0.6473
LSG,0.622,0.5815,0.7308,0.6476
LSG,0.622,0.582,0.7308,0.6479
LSG,0.622,0.5816,0.7297,0.6473
LSG,0.623,0.5813,0.7287,0.6467
LSG,0.624,0.5809,0.7277,0.6461
LSG,0.624,0.5806,0.7266,0.6454
LSG,0.624,0.5802,0.7256,0.6448
LSG,0.624,0.5807,0.7256,0.6451
LSG,0.624,0.5803,0.7245,0.6445
LSG,0.625,0.5808,0.7245,0.6448
LSG,0.625,0.5813,0.7245,0.6451
LSG,0.626,0.581,0.7235,0.6444
LSG,0.627,0.5815,0.7235,0.6447
LSG,0.627,0.5819,0.7235,0.645
LSG,0.627,0.5824,0.7235,0.6453
LSG,0.628,0.5821,0.7225,0.6447
LSG,0.628,0.5826,0.7225,0.645
LSG,0.628,0.5831,0.7225,0.6453
LSG,0.629,0.5827,0.7214,0.6447
LSG,0.629,0.5832,0.7214,0.645
LSG,0.629,0.5837,0.7214,0.6453
LSG,0.629,0.5833,0.7204,0.6447
LSG,0.631,0.5838,0.7204,0.645
LSG,0.632,0.5843,0.7204,0.6453
LSG,0.632,0.584,0.7193,0.6446
LSG,0.632,0.5836,0.7183,0.644
LSG,0.632,0.5833,0.7173,0.6434
LSG,0.632,0.5838,0.7173,0.6437
LSG,0.633,0.5843,0.7173,0.644
LSG,0.633,0.5847,0.7173,0.6443
LSG,0.633,0.5844,0.7162,0.6436
LSG,0.633,0.5849,0.7162,0.6439
LSG,0.633,0.5854,0.7162,0.6442
LSG,0.634,0.5859,0.7162,0.6445
LSG,0.635,0.5864,0.7162,0.6448
LSG,0.635,0.5869,0.7162,0.6451
LSG,0.636,0.5874,0.7162,0.6454
LSG,0.636,0.587,0.7152,0.6448
LSG,0.636,0.5867,0.7141,0.6442
LSG,0.636,0.5872,0.7141,0.6445
LSG,0.638,0.5877,0.7141,0.6448
LSG,0.639,0.5873,0.7131,0.6441
LSG,0.64,0.5878,0.7131,0.6444
LSG,0.64,0.5883,0.7131,0.6447
LSG,0.64,0.588,0.7121,0.6441
LSG,0.641,0.5876,0.711,0.6435
LSG,0.641,0.5873,0.71,0.6428
LSG,0.641,0.5869,0.7089,0.6422
LSG,0.641,0.5874,0.7089,0.6425
LSG,0.642,0.5879,0.7089,0.6428
LSG,0.642,0.5884,0.7089,0.6431
LSG,0.642,0.5881,0.7079,0.6425
LSG,0.642,0.5877,0.7069,0.6418
LSG,0.643,0.5882,0.7069,0.6421
LSG,0.644,0.5887,0.7069,0.6424
LSG,0.644,0.5893,0.7069,0.6427
LSG,0.644,0.5889,0.7058,0.6421
LSG,0.644,0.5894,0.7058,0.6424
LSG,0.645,0.5899,0.7058,0.6427
LSG,0.646,0.5896,0.7048,0.642
LSG,0.646,0.5901,0.7048,0.6423
LSG,0.646,0.5906,0.7048,0.6427
LSG,0.646,0.5902,0.7037,0.642
LSG,0.647,0.5908,0.7037,0.6423
LSG,0.647,0.5904,0.7027,0.6417
LSG,0.647,0.59,0.7017,0.641
LSG,0.648,0.5897,0.7006,0.6404
LSG,0.648,0.5893,0.6996,0.6397
LSG,0.648,0.5898,0.6996,0.64
LSG,0.648,0.5895,0.6985,0.6394
LSG,0.649,0.59,0.6985,0.6397
LSG,0.649,0.5896,0.6975,0.639
LSG,0.65,0.5901,0.6975,0.6394
LSG,0.65,0.5898,0.6965,0.6387
LSG,0.651,0.5894,0.6954,0.6381
LSG,0.651,0.5891,0.6944,0.6374
LSG,0.651,0.5896,0.6944,0.6377
LSG,0.651,0.5901,0.6944,0.638
LSG,0.651,0.5897,0.6933,0.6374
LSG,0.651,0.5894,0.6923,0.6367
LSG,0.651,0.5899,0.6923,0.637
LSG,0.651,0.5904,0.6923,0.6373
LSG,0.653,0.5909,0.6923,0.6376
LSG,0.653,0.5915,0.6923,0.6379
LSG,0.654,0.592,0.6923,0.6382
LSG,0.654,0.5916,0.6913,0.6376
LSG,0.655,0.5913,0.6902,0.6369
LSG,0.656,0.5918,0.6902,0.6372
LSG,0.657,0.5914,0.6892,0.6366
LSG,0.658,0.592,0.6892,0.6369
LSG,0.658,0.5925,0.6892,0.6372
LSG,0.659,0.593,0.6892,0.6375
LSG,0.659,0.5936,0.6892,0.6378
LSG,0.659,0.5941,0.6892,0.6381
LSG,0.66,0.5937,0.6881,0.6375
LSG,0.66,0.5934,0.6871,0.6368
LSG,0.661,0.593,0.6861,0.6361
LSG,0.661,0.5926,0.685,0.6355
LSG,0.661,0.5923,0.684,0.6348
LSG,0.661,0.5919,0.683,0.6342
LSG,0.661,0.5924,0.683,0.6345
LSG,0.661,0.593,0.683,0.6348
LSG,0.662,0.5935,0.683,0.6351
LSG,0.662,0.5931,0.6819,0.6344
LSG,0.662,0.5928,0.6809,0.6338
LSG,0.662,0.5924,0.6798,0.6331
LSG,0.662,0.592,0.6788,0.6324
LSG,0.663,0.5926,0.6788,0.6328
LSG,0.663,0.5922,0.6778,0.6321
LSG,0.665,0.5918,0.6767,0.6314
LSG,0.665,0.5924,0.6767,0.6317
LSG,0.665,0.5929,0.6767,0.632
LSG,0.665,0.5934,0.6767,0.6323
LSG,0.666,0.594,0.6767,0.6327
LSG,0.666,0.5945,0.6767,0.633
LSG,0.666,0.5951,0.6767,0.6333
LSG,0.667,0.5956,0.6767,0.6336
LSG,0.667,0.5962,0.6767,0.6339
LSG,0.668,0.5967,0.6767,0.6342
LSG,0.668,0.5963,0.6757,0.6335
LSG,0.669,0.5969,0.6757,0.6338
LSG,0.669,0.5965,0.6746,0.6332
LSG,0.669,0.5971,0.6746,0.6335
LSG,0.669,0.5976,0.6746,0.6338
LSG,0.669,0.5972,0.6736,0.6331
LSG,0.67,0.5978,0.6736,0.6334
LSG,0.67,0.5983,0.6736,0.6337
LSG,0.671,0.598,0.6726,0.6331
LSG,0.671,0.5976,0.6715,0.6324
LSG,0.671,0.5972,0.6705,0.6317
LSG,0.672,0.5978,0.6705,0.632
LSG,0.672,0.5983,0.6705,0.6324
LSG,0.672,0.5989,0.6705,0.6327
LSG,0.674,0.5994,0.6705,0.633
LSG,0.674,0.6,0.6705,0.6333
LSG,0.675,0.6006,0.6705,0.6336
LSG,0.675,0.6002,0.6694,0.6329
LSG,0.675,0.6007,0.6694,0.6332
LSG,0.675,0.6004,0.6684,0.6326
LSG,0.676,0.6009,0.6684,0.6329
LSG,0.676,0.6015,0.6684,0.6332
LSG,0.676,0.6011,0.6674,0.6325
LSG,0.677,0.6007,0.6663,0.6318
LSG,0.677,0.6004,0.6653,0.6312
LSG,0.677,0.6,0.6642,0.6305
LSG,0.677,0.6006,0.6642,0.6308
LSG,0.677,0.6002,0.6632,0.6301
LSG,0.677,0.6008,0.6632,0.6304
LSG,0.678,0.6013,0.6632,0.6307
LSG,0.678,0.6019,0.6632,0.6311
LSG,0.678,0.6025,0.6632,0.6314
LSG,0.679,0.6021,0.6622,0.6307
LSG,0.679,0.6017,0.6611,0.63
LSG,0.679,0.6013,0.6601,0.6293
LSG,0.679,0.6009,0.659,0.6287
LSG,0.68,0.6015,0.659,0.629
LSG,0.68,0.6021,0.659,0.6293
LSG,0.681,0.6017,0.658,0.6286
LSG,0.681,0.6013,0.657,0.6279
LSG,0.682,0.6019,0.657,0.6282
LSG,0.682,0.6025,0.657,0.6285
LSG,0.682,0.6031,0.657,0.6289
LSG,0.683,0.6036,0.657,0.6292
LSG,0.683,0.6042,0.657,0.6295
LSG,0.684,0.6038,0.6559,0.6288
LSG,0.685,0.6044,0.6559,0.6291
LSG,0.685,0.604,0.6549,0.6284
LSG,0.685,0.6046,0.6549,0.6287
LSG,0.685,0.6052,0.6549,0.6291
LSG,0.685,0.6048,0.6538,0.6284
LSG,0.685,0.6054,0.6538,0.6287
LSG,0.686,0.606,0.6538,0.629
LSG,0.686,0.6056,0.6528,0.6283
LSG,0.686,0.6052,0.6518,0.6276
LSG,0.687,0.6048,0.6507,0.6269
LSG,0.687,0.6054,0.6507,0.6273
LSG,0.687,0.605,0.6497,0.6266
LSG,0.687,0.6056,0.6497,0.6269
LSG,0.687,0.6062,0.6497,0.6272
LSG,0.688,0.6058,0.6486,0.6265
LSG,0.688,0.6054,0.6476,0.6258
LSG,0.688,0.606,0.6476,0.6261
LSG,0.688,0.6066,0.6476,0.6264
LSG,0.688,0.6072,0.6476,0.6268
LSG,0.688,0.6068,0.6466,0.6261
LSG,0.689,0.6074,0.6466,0.6264
LSG,0.689,0.607,0.6455,0.6257
LSG,0.689,0.6067,0.6445,0.625
LSG,0.69,0.6063,0.6435,0.6243
LSG,0.69,0.6069,0.6435,0.6246
LSG,0.691,0.6065,0.6424,0.6239
LSG,0.691,0.6061,0.6414,0.6232
LSG,0.691,0.6057,0.6403,0.6225
LSG,0.692,0.6053,0.6393,0.6218
LSG,0.692,0.6049,0.6383,0.6211
LSG,0.694,0.6045,0.6372,0.6204
LSG,0.694,0.6051,0.6372,0.6208
LSG,0.694,0.6057,0.6372,0.6211
LSG,0.694,0.6053,0.6362,0.6204
LSG,0.695,0.605,0.6351,0.6197
LSG,0.695,0.6046,0.6341,0.619
LSG,0.695,0.6042,0.6331,0.6183
LSG,0.696,0.6038,0.632,0.6176
LSG,0.696,0.6034,0.631,0.6169
LSG,0.696,0.604,0.631,0.6172
LSG,0.696,0.6046,0.631,0.6175
LSG,0.697,0.6052,0.631,0.6178
LSG,0.698,0.6058,0.631,0.6181
LSG,0.698,0.6054,0.6299,0.6174
LSG,0.698,0.606,0.6299,0.6177
LSG,0.698,0.6056,0.6289,0.617
LSG,0.699,0.6052,0.6279,0.6163
LSG,0.699,0.6058,0.6279,0.6166
LSG,0.699,0.6064,0.6279,0.617
LSG,0.699,0.607,0.6279,0.6173
LSG,0.699,0.6066,0.6268,0.6166
LSG,0.7,0.6073,0.6268,0.6169
LSG,0.7,0.6069,0.6258,0.6162
LSG,0.701,0.6075,0.6258,0.6165
LSG,0.702,0.6081,0.6258,0.6168
LSG,0.702,0.6077,0.6247,0.6161
LSG,0.703,0.6073,0.6237,0.6154
LSG,0.704,0.6079,0.6237,0.6157
LSG,0.704,0.6075,0.6227,0.615
LSG,0.705,0.6071,0.6216,0.6143
LSG,0.705,0.6067,0.6206,0.6136
LSG,0.705,0.6073,0.6206,0.6139
LSG,0.705,0.6079,0.6206,0.6142
LSG,0.706,0.6075,0.6195,0.6135
LSG,0.706,0.6082,0.6195,0.6138
LSG,0.706,0.6088,0.6195,0.6141
LSG,0.706,0.6094,0.6195,0.6144
LSG,0.707,0.609,0.6185,0.6137
LSG,0.707,0.6086,0.6175,0.613
LSG,0.707,0.6082,0.6164,0.6123
LSG,0.707,0.6078,0.6154,0.6116
LSG,0.707,0.6074,0.6143,0.6109
LSG,0.707,0.607,0.6133,0.6101
LSG,0.708,0.6076,0.6133,0.6105
LSG,0.708,0.6072,0.6123,0.6097
LSG,0.708,0.6078,0.6123,0.61
LSG,0.708,0.6074,0.6112,0.6093
LSG,0.709,0.607,0.6102,0.6086
LSG,0.709,0.6066,0.6091,0.6079
LSG,0.71,0.6073,0.6091,0.6082
LSG,0.711,0.6068,0.6081,0.6075
LSG,0.711,0.6075,0.6081,0.6078
LSG,0.711,0.6071,0.6071,0.6071
LSG,0.712,0.6077,0.6071,0.6074
LSG,0.713,0.6083,0.6071,0.6077
LSG,0.713,0.609,0.6071,0.608
LSG,0.715,0.6086,0.606,0.6073
LSG,0.715,0.6092,0.606,0.6076
LSG,0.715,0.6098,0.606,0.6079
LSG,0.715,0.6094,0.605,0.6072
LSG,0.716,0.6101,0.605,0.6075
LSG,0.716,0.6097,0.604,0.6068
LSG,0.717,0.6092,0.6029,0.6061
LSG,0.717,0.6088,0.6019,0.6053
LSG,0.717,0.6084,0.6008,0.6046
LSG,0.717,0.608,0.5998,0.6039
LSG,0.718,0.6076,0.5988,0.6031
LSG,0.718,0.6082,0.5988,0.6035
LSG,0.718,0.6078,0.5977,0.6027
LSG,0.718,0.6074,0.5967,0.602
LSG,0.718,0.6081,0.5967,0.6023
LSG,0.718,0.6087,0.5967,0.6026
LSG,0.719,0.6093,0.5967,0.6029
LSG,0.719,0.6089,0.5956,0.6022
LSG,0.719,0.6096,0.5956,0.6025
LSG,0.719,0.6092,0.5946,0.6018
LSG,0.719,0.6098,0.5946,0.6021
LSG,0.72,0.6094,0.5936,0.6014
LSG,0.72,0.609,0.5925,0.6006
LSG,0.72,0.6086,0.5915,0.5999
LSG,0.72,0.6081,0.5904,0.5992
LSG,0.72,0.6088,0.5904,0.5995
LSG,0.721,0.6084,0.5894,0.5987
LSG,0.721,0.609,0.5894,0.599
LSG,0.721,0.6097,0.5894,0.5994
LSG,0.721,0.6093,0.5884,0.5986
LSG,0.721,0.6099,0.5884,0.5989
LSG,0.722,0.6095,0.5873,0.5982
LSG,0.722,0.6091,0.5863,0.5975
LSG,0.722,0.6086,0.5852,0.5967
LSG,0.723,0.6082,0.5842,0.596
LSG,0.723,0.6089,0.5842,0.5963
LSG,0.723,0.6095,0.5842,0.5966
LSG,0.724,0.6091,0.5832,0.5959
LSG,0.724,0.6098,0.5832,0.5962
LSG,0.724,0.6094,0.5821,0.5954
LSG,0.724,0.6089,0.5811,0.5947
LSG,0.725,0.6085,0.58,0.5939
LSG,0.725,0.6092,0.58,0.5942
LSG,0.725,0.6087,0.579,0.5935
LSG,0.725,0.6094,0.579,0.5938
LSG,0.725,0.6101,0.579,0.5941
LSG,0.726,0.6096,0.578,0.5934
LSG,0.726,0.6092,0.5769,0.5926
LSG,0.726,0.6088,0.5759,0.5919
LSG,0.726,0.6095,0.5759,0.5922
LSG,0.727,0.609,0.5748,0.5914
LSG,0.727,0.6097,0.5748,0.5918
LSG,0.727,0.6093,0.5738,0.591
LSG,0.727,0.6088,0.5728,0.5903
LSG,0.727,0.6084,0.5717,0.5895
LSG,0.728,0.6091,0.5717,0.5898
LSG,0.728,0.6098,0.5717,0.5901
LSG,0.729,0.6104,0.5717,0.5904
LSG,0.729,0.61,0.5707,0.5897
LSG,0.73,0.6107,0.5707,0.59
LSG,0.73,0.6102,0.5696,0.5892
LSG,0.73,0.6109,0.5696,0.5896
LSG,0.731,0.6116,0.5696,0.5899
LSG,0.731,0.6123,0.5696,0.5902
LSG,0.732,0.613,0.5696,0.5905
LSG,0.733,0.6125,0.5686,0.5898
LSG,0.733,0.6132,0.5686,0.5901
LSG,0.734,0.6128,0.5676,0.5893
LSG,0.734,0.6124,0.5665,0.5886
LSG,0.734,0.613,0.5665,0.5889
LSG,0.735,0.6137,0.5665,0.5892
LSG,0.735,0.6133,0.5655,0.5884
LSG,0.735,0.614,0.5655,0.5887
LSG,0.735,0.6136,0.5644,0.588
LSG,0.736,0.6131,0.5634,0.5872
LSG,0.736,0.6138,0.5634,0.5875
LSG,0.736,0.6134,0.5624,0.5868
LSG,0.736,0.6141,0.5624,0.5871
LSG,0.736,0.6136,0.5613,0.5863
LSG,0.737,0.6143,0.5613,0.5866
LSG,0.737,0.6139,0.5603,0.5859
LSG,0.737,0.6146,0.5603,0.5862
LSG,0.737,0.6153,0.5603,0.5865
LSG,0.737,0.6149,0.5593,0.5857
LSG,0.737,0.6156,0.5593,0.5861
LSG,0.738,0.6151,0.5582,0.5853
LSG,0.738,0.6147,0.5572,0.5845
LSG,0.739,0.6142,0.5561,0.5837
LSG,0.739,0.6149,0.5561,0.5841
LSG,0.74,0.6145,0.5551,0.5833
LSG,0.74,0.6152,0.5551,0.5836
LSG,0.74,0.6159,0.5551,0.5839
LSG,0.741,0.6155,0.5541,0.5832
LSG,0.741,0.615,0.553,0.5824
LSG,0.742,0.6146,0.552,0.5816
LSG,0.742,0.6153,0.552,0.5819
LSG,0.742,0.6148,0.5509,0.5811
LSG,0.742,0.6144,0.5499,0.5804
LSG,0.742,0.614,0.5489,0.5796
LSG,0.742,0.6135,0.5478,0.5788
LSG,0.742,0.6142,0.5478,0.5791
LSG,0.743,0.6138,0.5468,0.5783
LSG,0.743,0.6133,0.5457,0.5776
LSG,0.743,0.614,0.5457,0.5779
LSG,0.743,0.6136,0.5447,0.5771
LSG,0.743,0.6131,0.5437,0.5763
LSG,0.743,0.6127,0.5426,0.5755
LSG,0.743,0.6122,0.5416,0.5747
LSG,0.744,0.6129,0.5416,0.5751
LSG,0.744,0.6125,0.5405,0.5743
LSG,0.744,0.612,0.5395,0.5735
LSG,0.745,0.6116,0.5385,0.5727
LSG,0.745,0.6111,0.5374,0.5719
LSG,0.745,0.6107,0.5364,0.5711
LSG,0.745,0.6102,0.5353,0.5703
LSG,0.745,0.6109,0.5353,0.5706
LSG,0.745,0.6116,0.5353,0.571
LSG,0.745,0.6112,0.5343,0.5702
LSG,0.745,0.6119,0.5343,0.5705
LSG,0.746,0.6114,0.5333,0.5697
LSG,0.746,0.6122,0.5333,0.57
LSG,0.746,0.6117,0.5322,0.5692
LSG,0.747,0.6124,0.5322,0.5695
LSG,0.747,0.6132,0.5322,0.5698
LSG,0.747,0.6127,0.5312,0.569
LSG,0.748,0.6134,0.5312,0.5694
LSG,0.748,0.613,0.5301,0.5686
LSG,0.748,0.6125,0.5291,0.5678
LSG,0.748,0.6133,0.5291,0.5681
LSG,0.749,0.6128,0.5281,0.5673
LSG,0.749,0.6135,0.5281,0.5676
LSG,0.749,0.6143,0.5281,0.5679
LSG,0.749,0.6138,0.527,0.5671
LSG,0.75,0.6145,0.527,0.5674
LSG,0.75,0.6153,0.527,0.5677
LSG,0.75,0.6148,0.526,0.5669
LSG,0.75,0.6144,0.5249,0.5661
LSG,0.75,0.6151,0.5249,0.5665
LSG,0.751,0.6159,0.5249,0.5668
LSG,0.751,0.6154,0.5239,0.566
LSG,0.751,0.6161,0.5239,0.5663
LSG,0.751,0.6169,0.5239,0.5666
LSG,0.752,0.6176,0.5239,0.5669
LSG,0.752,0.6184,0.5239,0.5672
LSG,0.752,0.6192,0.5239,0.5676
LSG,0.752,0.6199,0.5239,0.5679
LSG,0.752,0.6195,0.5229,0.5671
LSG,0.753,0.6202,0.5229,0.5674
LSG,0.753,0.621,0.5229,0.5677
LSG,0.753,0.6218,0.5229,0.568
LSG,0.753,0.6213,0.5218,0.5672
LSG,0.754,0.6208,0.5208,0.5664
LSG,0.754,0.6203,0.5198,0.5656
LSG,0.754,0.6211,0.5198,0.5659
LSG,0.755,0.6219,0.5198,0.5663
LSG,0.755,0.6214,0.5187,0.5654
LSG,0.755,0.6209,0.5177,0.5646
LSG,0.755,0.6205,0.5166,0.5638
LSG,0.756,0.6212,0.5166,0.5641
LSG,0.756,0.622,0.5166,0.5645
LSG,0.756,0.6228,0.5166,0.5648
LSG,0.757,0.6223,0.5156,0.564
LSG,0.757,0.6219,0.5146,0.5631
LSG,0.757,0.6214,0.5135,0.5623
LSG,0.757,0.6222,0.5135,0.5626
LSG,0.757,0.6217,0.5125,0.5618
LSG,0.757,0.6212,0.5114,0.561
LSG,0.757,0.622,0.5114,0.5613
LSG,0.757,0.6215,0.5104,0.5605
LSG,0.757,0.621,0.5094,0.5597
LSG,0.758,0.6218,0.5094,0.56
LSG,0.758,0.6226,0.5094,0.5603
LSG,0.759,0.6221,0.5083,0.5595
LSG,0.759,0.6229,0.5083,0.5598
LSG,0.759,0.6237,0.5083,0.5601
LSG,0.759,0.6232,0.5073,0.5593
LSG,0.759,0.624,0.5073,0.5596
LSG,0.759,0.6236,0.5062,0.5588
LSG,0.76,0.6231,0.5052,0.558
LSG,0.76,0.6226,0.5042,0.5572
LSG,0.76,0.6221,0.5031,0.5563
LSG,0.76,0.6229,0.5031,0.5566
LSG,0.76,0.6237,0.5031,0.557
LSG,0.76,0.6245,0.5031,0.5573
LSG,0.761,0.6253,0.5031,0.5576
LSG,0.761,0.6261,0.5031,0.5579
LSG,0.761,0.6256,0.5021,0.5571
LSG,0.761,0.6252,0.501,0.5563
LSG,0.761,0.6247,0.5,0.5554
LSG,0.762,0.6242,0.499,0.5546
LSG,0.762,0.6237,0.4979,0.5538
LSG,0.762,0.6232,0.4969,0.5529
LSG,0.763,0.624,0.4969,0.5532
LSG,0.763,0.6235,0.4958,0.5524
LSG,0.763,0.623,0.4948,0.5516
LSG,0.764,0.6225,0.4938,0.5507
LSG,0.764,0.6234,0.4938,0.551
LSG,0.764,0.6242,0.4938,0.5514
LSG,0.764,0.6237,0.4927,0.5505
LSG,0.764,0.6232,0.4917,0.5497
LSG,0.765,0.624,0.4917,0.55
LSG,0.765,0.6248,0.4917,0.5503
LSG,0.766,0.6257,0.4917,0.5506
LSG,0.766,0.6252,0.4906,0.5498
LSG,0.766,0.626,0.4906,0.5501
LSG,0.767,0.6268,0.4906,0.5504
LSG,0.767,0.6277,0.4906,0.5508
LSG,0.767,0.6272,0.4896,0.5499
LSG,0.768,0.6267,0.4886,0.5491
LSG,0.768,0.6262,0.4875,0.5482
LSG,0.768,0.6257,0.4865,0.5474
LSG,0.768,0.6265,0.4865,0.5477
LSG,0.769,0.6273,0.4865,0.548
LSG,0.769,0.6268,0.4854,0.5472
LSG,0.769,0.6277,0.4854,0.5475
LSG,0.769,0.6272,0.4844,0.5466
LSG,0.77,0.6267,0.4834,0.5458
LSG,0.771,0.6262,0.4823,0.5449
LSG,0.771,0.6257,0.4813,0.5441
LSG,0.771,0.6265,0.4813,0.5444
LSG,0.771,0.626,0.4802,0.5435
LSG,0.772,0.6255,0.4792,0.5427
LSG,0.772,0.625,0.4782,0.5418
LSG,0.772,0.6259,0.4782,0.5421
LSG,0.772,0.6253,0.4771,0.5413
LSG,0.772,0.6248,0.4761,0.5404
LSG,0.772,0.6243,0.4751,0.5396
LSG,0.773,0.6252,0.4751,0.5399
LSG,0.773,0.626,0.4751,0.5402
LSG,0.773,0.6269,0.4751,0.5405
LSG,0.773,0.6264,0.474,0.5396
LSG,0.773,0.6272,0.474,0.54
LSG,0.773,0.6267,0.473,0.5391
LSG,0.774,0.6276,0.473,0.5394
LSG,0.775,0.6271,0.4719,0.5386
LSG,0.775,0.6266,0.4709,0.5377
LSG,0.775,0.6274,0.4709,0.538
LSG,0.775,0.6269,0.4699,0.5371
LSG,0.775,0.6278,0.4699,0.5375
LSG,0.775,0.6273,0.4688,0.5366
LSG,0.775,0.6267,0.4678,0.5357
LSG,0.775,0.6262,0.4667,0.5348
LSG,0.775,0.6257,0.4657,0.534
LSG,0.776,0.6266,0.4657,0.5343
LSG,0.776,0.6261,0.4647,0.5334
LSG,0.776,0.6255,0.4636,0.5325
LSG,0.776,0.6264,0.4636,0.5329
LSG,0.776,0.6259,0.4626,0.532
LSG,0.776,0.6254,0.4615,0.5311
LSG,0.776,0.6248,0.4605,0.5302
LSG,0.777,0.6243,0.4595,0.5293
LSG,0.777,0.6238,0.4584,0.5285
LSG,0.777,0.6232,0.4574,0.5276
LSG,0.777,0.6227,0.4563,0.5267
LSG,0.777,0.6222,0.4553,0.5258
LSG,0.778,0.6216,0.4543,0.5249
LSG,0.778,0.6225,0.4543,0.5252
LSG,0.778,0.622,0.4532,0.5244
LSG,0.778,0.6214,0.4522,0.5235
LSG,0.779,0.6209,0.4511,0.5226
LSG,0.779,0.6203,0.4501,0.5217
LSG,0.779,0.6198,0.4491,0.5208
LSG,0.779,0.6193,0.448,0.5199
LSG,0.779,0.6187,0.447,0.519
LSG,0.779,0.6182,0.4459,0.5181
LSG,0.779,0.6176,0.4449,0.5172
LSG,0.779,0.6171,0.4439,0.5163
LSG,0.779,0.6165,0.4428,0.5154
LSG,0.78,0.6159,0.4418,0.5145
LSG,0.78,0.6168,0.4418,0.5148
LSG,0.78,0.6177,0.4418,0.5152
LSG,0.78,0.6186,0.4418,0.5155
LSG,0.78,0.6181,0.4407,0.5146
LSG,0.781,0.6175,0.4397,0.5137
LSG,0.782,0.617,0.4387,0.5128
LSG,0.782,0.6179,0.4387,0.5131
LSG,0.782,0.6188,0.4387,0.5134
LSG,0.782,0.6197,0.4387,0.5137
LSG,0.783,0.6206,0.4387,0.514
LSG,0.783,0.62,0.4376,0.5131
LSG,0.784,0.6195,0.4366,0.5122
LSG,0.784,0.6189,0.4356,0.5113
LSG,0.784,0.6198,0.4356,0.5116
LSG,0.784,0.6193,0.4345,0.5107
LSG,0.784,0.6187,0.4335,0.5098
LSG,0.784,0.6181,0.4324,0.5089
LSG,0.785,0.6176,0.4314,0.508
LSG,0.785,0.6185,0.4314,0.5083
LSG,0.785,0.6179,0.4304,0.5074
LSG,0.785,0.6173,0.4293,0.5064
LSG,0.786,0.6168,0.4283,0.5055
LSG,0.786,0.6162,0.4272,0.5046
LSG,0.786,0.6171,0.4272,0.5049
LSG,0.786,0.6165,0.4262,0.504
LSG,0.786,0.6175,0.4262,0.5043
LSG,0.786,0.6169,0.4252,0.5034
LSG,0.787,0.6163,0.4241,0.5025
LSG,0.787,0.6157,0.4231,0.5015
LSG,0.787,0.6152,0.422,0.5006
LSG,0.787,0.6146,0.421,0.4997
LSG,0.788,0.614,0.42,0.4988
LSG,0.788,0.6134,0.4189,0.4978
LSG,0.788,0.6128,0.4179,0.4969
LSG,0.788,0.6137,0.4179,0.4972
LSG,0.788,0.6131,0.4168,0.4963
LSG,0.788,0.6126,0.4158,0.4954
LSG,0.788,0.612,0.4148,0.4944
LSG,0.788,0.6129,0.4148,0.4947
LSG,0.789,0.6123,0.4137,0.4938
LSG,0.789,0.6117,0.4127,0.4929
LSG,0.79,0.6111,0.4116,0.4919
LSG,0.79,0.6105,0.4106,0.491
LSG,0.79,0.6099,0.4096,0.49
LSG,0.79,0.6093,0.4085,0.4891
LSG,0.791,0.6102,0.4085,0.4894
LSG,0.791,0.6096,0.4075,0.4885
LSG,0.791,0.6106,0.4075,0.4888
LSG,0.791,0.61,0.4064,0.4878
LSG,0.791,0.6094,0.4054,0.4869
LSG,0.791,0.6088,0.4044,0.4859
LSG,0.791,0.6082,0.4033,0.485
LSG,0.791,0.6075,0.4023,0.4841
LSG,0.792,0.6085,0.4023,0.4844
LSG,0.792,0.6079,0.4012,0.4834
LSG,0.793,0.6088,0.4012,0.4837
LSG,0.793,0.6082,0.4002,0.4828
LSG,0.793,0.6076,0.3992,0.4818
LSG,0.793,0.6086,0.3992,0.4821
LSG,0.793,0.6095,0.3992,0.4824
LSG,0.793,0.6089,0.3981,0.4815
LSG,0.793,0.6083,0.3971,0.4805
LSG,0.793,0.6093,0.3971,0.4808
LSG,0.793,0.6086,0.396,0.4798
LSG,0.794,0.6096,0.396,0.4802
LSG,0.794,0.609,0.395,0.4792
LSG,0.794,0.6083,0.394,0.4782
LSG,0.794,0.6077,0.3929,0.4773
LSG,0.795,0.6087,0.3929,0.4776
LSG,0.795,0.6097,0.3929,0.4779
LSG,0.795,0.6107,0.3929,0.4782
LSG,0.795,0.61,0.3919,0.4772
LSG,0.795,0.6094,0.3909,0.4763
LSG,0.796,0.6088,0.3898,0.4753
LSG,0.796,0.6081,0.3888,0.4743
LSG,0.796,0.6075,0.3877,0.4734
LSG,0.796,0.6085,0.3877,0.4737
LSG,0.796,0.6078,0.3867,0.4727
LSG,0.796,0.6072,0.3857,0.4717
LSG,0.796,0.6082,0.3857,0.472
LSG,0.796,0.6076,0.3846,0.471
LSG,0.796,0.6086,0.3846,0.4713
LSG,0.797,0.6079,0.3836,0.4704
LSG,0.797,0.6089,0.3836,0.4707
LSG,0.797,0.6099,0.3836,0.471
LSG,0.798,0.6109,0.3836,0.4713
LSG,0.798,0.6119,0.3836,0.4716
LSG,0.798,0.6113,0.3825,0.4706
LSG,0.798,0.6106,0.3815,0.4696
LSG,0.798,0.61,0.3805,0.4686
LSG,0.798,0.611,0.3805,0.4689
LSG,0.799,0.6104,0.3794,0.4679
LSG,0.799,0.6097,0.3784,0.467
LSG,0.799,0.6091,0.3773,0.466
LSG,0.799,0.6101,0.3773,0.4663
LSG,0.799,0.6094,0.3763,0.4653
LSG,0.799,0.6105,0.3763,0.4656
LSG,0.799,0.6098,0.3753,0.4646
LSG,0.8,0.6108,0.3753,0.4649
LSG,0.8,0.6102,0.3742,0.4639
LSG,0.8,0.6112,0.3742,0.4642
LSG,0.801,0.6122,0.3742,0.4645
LSG,0.801,0.6116,0.3732,0.4635
LSG,0.801,0.6109,0.3721,0.4625
LSG,0.801,0.612,0.3721,0.4628
LSG,0.801,0.6113,0.3711,0.4618
LSG,0.802,0.6106,0.3701,0.4608
LSG,0.802,0.6117,0.3701,0.4611
LSG,0.802,0.6127,0.3701,0.4614
LSG,0.803,0.6121,0.369,0.4604
LSG,0.803,0.6131,0.369,0.4607
LSG,0.803,0.6125,0.368,0.4597
LSG,0.803,0.6118,0.3669,0.4587
LSG,0.804,0.6128,0.3669,0.459
LSG,0.804,0.6139,0.3669,0.4593
LSG,0.805,0.615,0.3669,0.4596
LSG,0.805,0.6161,0.3669,0.4599
LSG,0.805,0.6171,0.3669,0.4602
LSG,0.805,0.6182,0.3669,0.4605
LSG,0.805,0.6175,0.3659,0.4595
LSG,0.805,0.6169,0.3649,0.4585
LSG,0.805,0.618,0.3649,0.4588
LSG,0.806,0.6173,0.3638,0.4578
LSG,0.806,0.6166,0.3628,0.4568
LSG,0.806,0.6159,0.3617,0.4558
LSG,0.807,0.617,0.3617,0.4561
LSG,0.807,0.6181,0.3617,0.4564
LSG,0.807,0.6192,0.3617,0.4567
LSG,0.807,0.6185,0.3607,0.4557
LSG,0.807,0.6179,0.3597,0.4547
LSG,0.808,0.6172,0.3586,0.4536
LSG,0.808,0.6183,0.3586,0.4539
LSG,0.808,0.6176,0.3576,0.4529
LSG,0.808,0.6169,0.3565,0.4519
LSG,0.808,0.618,0.3565,0.4522
LSG,0.808,0.6173,0.3555,0.4512
LSG,0.809,0.6166,0.3545,0.4502
LSG,0.809,0.6159,0.3534,0.4491
LSG,0.81,0.6171,0.3534,0.4494
LSG,0.81,0.6182,0.3534,0.4497
LSG,0.81,0.6175,0.3524,0.4487
LSG,0.81,0.6168,0.3514,0.4477
LSG,0.811,0.6161,0.3503,0.4467
LSG,0.811,0.6154,0.3493,0.4456
LSG,0.811,0.6147,0.3482,0.4446
LSG,0.811,0.614,0.3472,0.4436
LSG,0.811,0.6133,0.3462,0.4425
LSG,0.811,0.6144,0.3462,0.4428
LSG,0.811,0.6137,0.3451,0.4418
LSG,0.812,0.613,0.3441,0.4407
LSG,0.812,0.6122,0.343,0.4397
LSG,0.812,0.6115,0.342,0.4387
LSG,0.812,0.6127,0.342,0.439
LSG,0.812,0.6119,0.341,0.4379
LSG,0.812,0.6112,0.3399,0.4369
LSG,0.812,0.6124,0.3399,0.4372
LSG,0.812,0.6135,0.3399,0.4375
LSG,0.812,0.6128,0.3389,0.4364
LSG,0.813,0.6121,0.3378,0.4354
LSG,0.813,0.6113,0.3368,0.4343
LSG,0.814,0.6125,0.3368,0.4346
LSG,0.814,0.6117,0.3358,0.4336
LSG,0.814,0.611,0.3347,0.4325
LSG,0.814,0.6103,0.3337,0.4315
LSG,0.814,0.6114,0.3337,0.4317
LSG,0.814,0.6107,0.3326,0.4307
LSG,0.814,0.6119,0.3326,0.431
LSG,0.814,0.613,0.3326,0.4313
LSG,0.815,0.6142,0.3326,0.4316
LSG,0.815,0.6154,0.3326,0.4318
LSG,0.815,0.6146,0.3316,0.4308
LSG,0.815,0.6158,0.3316,0.4311
LSG,0.815,0.6151,0.3306,0.43
LSG,0.816,0.6143,0.3295,0.429
LSG,0.816,0.6155,0.3295,0.4292
LSG,0.816,0.6148,0.3285,0.4282
LSG,0.816,0.614,0.3274,0.4271
LSG,0.817,0.6152,0.3274,0.4274
LSG,0.817,0.6164,0.3274,0.4277
LSG,0.817,0.6157,0.3264,0.4266
LSG,0.817,0.6149,0.3254,0.4256
LSG,0.818,0.6161,0.3254,0.4259
LSG,0.818,0.6154,0.3243,0.4248
LSG,0.818,0.6166,0.3243,0.4251
LSG,0.818,0.6158,0.3233,0.424
LSG,0.818,0.6171,0.3233,0.4243
LSG,0.818,0.6163,0.3222,0.4232
LSG,0.818,0.6175,0.3222,0.4235
LSG,0.819,0.6188,0.3222,0.4238
LSG,0.819,0.618,0.3212,0.4227
LSG,0.819,0.6192,0.3212,0.423
LSG,0.819,0.6185,0.3202,0.4219
LSG,0.82,0.6197,0.3202,0.4222
LSG,0.82,0.619,0.3191,0.4211
LSG,0.82,0.6202,0.3191,0.4214
LSG,0.82,0.6194,0.3181,0.4203
LSG,0.82,0.6207,0.3181,0.4206
LSG,0.821,0.622,0.3181,0.4209
LSG,0.821,0.6212,0.317,0.4198
LSG,0.821,0.6204,0.316,0.4187
LSG,0.821,0.6217,0.316,0.419
LSG,0.821,0.6209,0.315,0.4179
LSG,0.821,0.6201,0.3139,0.4168
LSG,0.821,0.6193,0.3129,0.4157
LSG,0.821,0.6186,0.3119,0.4147
LSG,0.822,0.6198,0.3119,0.4149
LSG,0.822,0.619,0.3108,0.4138
LSG,0.822,0.6183,0.3098,0.4127
LSG,0.822,0.6175,0.3087,0.4116
LSG,0.822,0.6188,0.3087,0.4119
LSG,0.822,0.62,0.3087,0.4122
LSG,0.822,0.6192,0.3077,0.4111
LSG,0.823,0.6184,0.3067,0.41
LSG,0.823,0.6197,0.3067,0.4103
LSG,0.823,0.6189,0.3056,0.4092
LSG,0.823,0.6181,0.3046,0.4081
LSG,0.824,0.6173,0.3035,0.407
LSG,0.824,0.6165,0.3025,0.4059
LSG,0.824,0.6157,0.3015,0.4047
LSG,0.824,0.617,0.3015,0.405
LSG,0.824,0.6162,0.3004,0.4039
LSG,0.824,0.6154,0.2994,0.4028
LSG,0.825,0.6167,0.2994,0.4031
LSG,0.825,0.6159,0.2983,0.402
LSG,0.825,0.6151,0.2973,0.4008
LSG,0.825,0.6164,0.2973,0.4011
LSG,0.825,0.6156,0.2963,0.4
LSG,0.826,0.6169,0.2963,0.4003
LSG,0.826,0.6182,0.2963,0.4006
LSG,0.826,0.6196,0.2963,0.4008
LSG,0.826,0.6209,0.2963,0.4011
LSG,0.826,0.6201,0.2952,0.4
LSG,0.826,0.6214,0.2952,0.4003
LSG,0.827,0.6206,0.2942,0.3992
LSG,0.827,0.6198,0.2931,0.398
LSG,0.827,0.6189,0.2921,0.3969
LSG,0.827,0.6181,0.2911,0.3958
LSG,0.827,0.6195,0.2911,0.396
LSG,0.827,0.6186,0.29,0.3949
LSG,0.828,0.62,0.29,0.3952
LSG,0.828,0.6214,0.29,0.3955
LSG,0.828,0.6228,0.29,0.3957
LSG,0.828,0.6219,0.289,0.3946
LSG,0.829,0.6233,0.289,0.3949
LSG,0.829,0.6225,0.2879,0.3937
LSG,0.829,0.6239,0.2879,0.394
LSG,0.829,0.623,0.2869,0.3929
LSG,0.829,0.6244,0.2869,0.3932
LSG,0.829,0.6236,0.2859,0.392
LSG,0.83,0.625,0.2859,0.3923
LSG,0.83,0.6241,0.2848,0.3911
LSG,0.83,0.6256,0.2848,0.3914
LSG,0.83,0.6247,0.2838,0.3903
LSG,0.83,0.6239,0.2827,0.3891
LSG,0.83,0.623,0.2817,0.388
LSG,0.831,0.6221,0.2807,0.3868
LSG,0.831,0.6212,0.2796,0.3857
LSG,0.831,0.6227,0.2796,0.3859
LSG,0.831,0.6218,0.2786,0.3848
LSG,0.831,0.6209,0.2775,0.3836
LSG,0.832,0.62,0.2765,0.3825
LSG,0.832,0.6192,0.2755,0.3813
LSG,0.832,0.6183,0.2744,0.3801
LSG,0.832,0.6174,0.2734,0.379
LSG,0.832,0.6188,0.2734,0.3792
LSG,0.832,0.6203,0.2734,0.3795
LSG,0.832,0.6194,0.2723,0.3783
LSG,0.832,0.6185,0.2713,0.3772
LSG,0.832,0.6176,0.2703,0.376
LSG,0.833,0.6167,0.2692,0.3748
LSG,0.833,0.6158,0.2682,0.3736
LSG,0.834,0.6148,0.2672,0.3725
LSG,0.834,0.6139,0.2661,0.3713
LSG,0.834,0.6154,0.2661,0.3716
LSG,0.834,0.6145,0.2651,0.3704
LSG,0.835,0.6159,0.2651,0.3706
LSG,0.835,0.615,0.264,0.3695
LSG,0.835,0.6165,0.264,0.3697
LSG,0.835,0.618,0.264,0.37
LSG,0.835,0.6171,0.263,0.3688
LSG,0.835,0.6161,0.262,0.3676
LSG,0.835,0.6176,0.262,0.3679
LSG,0.835,0.6192,0.262,0.3682
LSG,0.835,0.6182,0.2609,0.367
LSG,0.836,0.6173,0.2599,0.3658
LSG,0.837,0.6163,0.2588,0.3646
LSG,0.837,0.6154,0.2578,0.3634
LSG,0.837,0.6144,0.2568,0.3622
LSG,0.838,0.6135,0.2557,0.361
LSG,0.838,0.6125,0.2547,0.3598
LSG,0.838,0.614,0.2547,0.36
LSG,0.838,0.6156,0.2547,0.3603
LSG,0.838,0.6146,0.2536,0.3591
LSG,0.839,0.6136,0.2526,0.3579
LSG,0.839,0.6127,0.2516,0.3567
LSG,0.839,0.6117,0.2505,0.3555
LSG,0.839,0.6132,0.2505,0.3557
LSG,0.839,0.6148,0.2505,0.356
LSG,0.839,0.6164,0.2505,0.3562
LSG,0.839,0.6154,0.2495,0.355
LSG,0.84,0.617,0.2495,0.3553
LSG,0.84,0.616,0.2484,0.3541
LSG,0.84,0.615,0.2474,0.3529
LSG,0.84,0.614,0.2464,0.3516
LSG,0.841,0.613,0.2453,0.3504
LSG,0.841,0.612,0.2443,0.3492
LSG,0.842,0.6136,0.2443,0.3494
LSG,0.842,0.6126,0.2432,0.3482
LSG,0.842,0.6115,0.2422,0.347
LSG,0.842,0.6105,0.2412,0.3458
LSG,0.842,0.6121,0.2412,0.346
LSG,0.842,0.6111,0.2401,0.3448
LSG,0.843,0.6127,0.2401,0.345
LSG,0.843,0.6144,0.2401,0.3453
LSG,0.843,0.616,0.2401,0.3455
LSG,0.843,0.6176,0.2401,0.3458
LSG,0.843,0.6166,0.2391,0.3446
LSG,0.844,0.6156,0.238,0.3433
LSG,0.844,0.6146,0.237,0.3421
LSG,0.844,0.6162,0.237,0.3423
LSG,0.844,0.6179,0.237,0.3426
LSG,0.845,0.6168,0.236,0.3414
LSG,0.845,0.6185,0.236,0.3416
LSG,0.845,0.6175,0.2349,0.3404
LSG,0.845,0.6192,0.2349,0.3406
LSG,0.845,0.6181,0.2339,0.3394
LSG,0.845,0.6198,0.2339,0.3396
LSG,0.845,0.6188,0.2328,0.3384
LSG,0.846,0.6177,0.2318,0.3371
LSG,0.846,0.6194,0.2318,0.3374
LSG,0.846,0.6212,0.2318,0.3376
LSG,0.846,0.6201,0.2308,0.3364
LSG,0.846,0.619,0.2297,0.3351
LSG,0.846,0.618,0.2287,0.3338
LSG,0.847,0.6197,0.2287,0.3341
LSG,0.847,0.6215,0.2287,0.3343
LSG,0.847,0.6204,0.2277,0.3331
LSG,0.848,0.6193,0.2266,0.3318
LSG,0.848,0.6182,0.2256,0.3305
LSG,0.849,0.6171,0.2245,0.3293
LSG,0.849,0.616,0.2235,0.328
LSG,0.85,0.6178,0.2235,0.3282
LSG,0.85,0.6167,0.2225,0.327
LSG,0.85,0.6185,0.2225,0.3272
LSG,0.85,0.6203,0.2225,0.3275
LSG,0.85,0.6221,0.2225,0.3277
LSG,0.85,0.621,0.2214,0.3264
LSG,0.85,0.6199,0.2204,0.3252
LSG,0.85,0.6217,0.2204,0.3254
LSG,0.851,0.6206,0.2193,0.3241
LSG,0.851,0.6195,0.2183,0.3228
LSG,0.851,0.6183,0.2173,0.3215
LSG,0.851,0.6172,0.2162,0.3202
LSG,0.851,0.6161,0.2152,0.319
LSG,0.852,0.6179,0.2152,0.3192
LSG,0.852,0.6168,0.2141,0.3179
LSG,0.852,0.6186,0.2141,0.3181
LSG,0.852,0.6205,0.2141,0.3184
LSG,0.852,0.6224,0.2141,0.3186
LSG,0.852,0.6212,0.2131,0.3173
LSG,0.854,0.6201,0.2121,0.316
LSG,0.854,0.6189,0.211,0.3147
LSG,0.854,0.6177,0.21,0.3134
LSG,0.854,0.6166,0.2089,0.3121
LSG,0.854,0.6185,0.2089,0.3124
LSG,0.855,0.6173,0.2079,0.311
LSG,0.855,0.6161,0.2069,0.3097
LSG,0.855,0.6149,0.2058,0.3084
LSG,0.855,0.6137,0.2048,0.3071
LSG,0.855,0.6125,0.2037,0.3058
LSG,0.855,0.6144,0.2037,0.306
LSG,0.855,0.6132,0.2027,0.3047
LSG,0.856,0.6151,0.2027,0.3049
LSG,0.856,0.6139,0.2017,0.3036
LSG,0.857,0.6127,0.2006,0.3023
LSG,0.857,0.6146,0.2006,0.3025
LSG,0.857,0.6134,0.1996,0.3012
LSG,0.857,0.6154,0.1996,0.3014
LSG,0.857,0.6174,0.1996,0.3016
LSG,0.857,0.6194,0.1996,0.3019
LSG,0.858,0.6214,0.1996,0.3021
LSG,0.858,0.6201,0.1985,0.3008
LSG,0.858,0.6221,0.1985,0.301
LSG,0.858,0.6242,0.1985,0.3013
LSG,0.858,0.623,0.1975,0.2999
LSG,0.859,0.625,0.1975,0.3002
LSG,0.859,0.6238,0.1965,0.2988
LSG,0.859,0.6225,0.1954,0.2975
LSG,0.86,0.6213,0.1944,0.2961
LSG,0.86,0.62,0.1933,0.2948
LSG,0.86,0.6187,0.1923,0.2934
LSG,0.86,0.6208,0.1923,0.2937
LSG,0.86,0.6195,0.1913,0.2923
LSG,0.86,0.6216,0.1913,0.2925
LSG,0.86,0.6203,0.1902,0.2912
LSG,0.86,0.619,0.1892,0.2898
LSG,0.86,0.6212,0.1892,0.29
LSG,0.862,0.6199,0.1881,0.2887
LSG,0.862,0.6186,0.1871,0.2873
LSG,0.862,0.6172,0.1861,0.2859
LSG,0.862,0.6159,0.185,0.2846
LSG,0.862,0.6146,0.184,0.2832
LSG,0.862,0.6132,0.183,0.2818
LSG,0.863,0.6154,0.183,0.2821
LSG,0.863,0.614,0.1819,0.2807
LSG,0.863,0.6162,0.1819,0.2809
LSG,0.863,0.6148,0.1809,0.2795
LSG,0.863,0.6135,0.1798,0.2781
LSG,0.863,0.6121,0.1788,0.2767
LSG,0.863,0.6107,0.1778,0.2754
LSG,0.864,0.6093,0.1767,0.274
LSG,0.864,0.6115,0.1767,0.2742
LSG,0.864,0.6137,0.1767,0.2744
LSG,0.864,0.6159,0.1767,0.2746
LSG,0.864,0.6145,0.1757,0.2732
LSG,0.864,0.6131,0.1746,0.2718
LSG,0.864,0.6154,0.1746,0.2721
LSG,0.865,0.6176,0.1746,0.2723
LSG,0.865,0.6162,0.1736,0.2709
LSG,0.865,0.6185,0.1736,0.2711
LSG,0.865,0.6171,0.1726,0.2697
LSG,0.865,0.6157,0.1715,0.2683
LSG,0.865,0.6142,0.1705,0.2669
LSG,0.865,0.6128,0.1694,0.2655
LSG,0.866,0.6151,0.1694,0.2657
LSG,0.866,0.6136,0.1684,0.2643
LSG,0.866,0.6122,0.1674,0.2629
LSG,0.866,0.6145,0.1674,0.2631
LSG,0.866,0.613,0.1663,0.2617
LSG,0.867,0.6115,0.1653,0.2602
LSG,0.867,0.6139,0.1653,0.2604
LSG,0.867,0.6124,0.1642,0.259
LSG,0.868,0.6148,0.1642,0.2592
LSG,0.868,0.6133,0.1632,0.2578
LSG,0.868,0.6118,0.1622,0.2564
LSG,0.868,0.6102,0.1611,0.2549
LSG,0.868,0.6087,0.1601,0.2535
LSG,0.869,0.6111,0.1601,0.2537
LSG,0.869,0.6096,0.159,0.2523
LSG,0.869,0.612,0.159,0.2525
LSG,0.869,0.6145,0.159,0.2527
LSG,0.869,0.6129,0.158,0.2512
LSG,0.869,0.6113,0.157,0.2498
LSG,0.869,0.6098,0.1559,0.2483
LSG,0.869,0.6082,0.1549,0.2469
LSG,0.869,0.6066,0.1538,0.2454
LSG,0.869,0.6049,0.1528,0.244
LSG,0.87,0.6074,0.1528,0.2442
LSG,0.87,0.6058,0.1518,0.2427
LSG,0.87,0.6042,0.1507,0.2413
LSG,0.87,0.6067,0.1507,0.2415
LSG,0.87,0.605,0.1497,0.24
LSG,0.87,0.6034,0.1486,0.2385
LSG,0.87,0.6017,0.1476,0.2371
LSG,0.871,0.6043,0.1476,0.2373
LSG,0.871,0.6026,0.1466,0.2358
LSG,0.871,0.6052,0.1466,0.236
LSG,0.872,0.6034,0.1455,0.2345
LSG,0.872,0.6017,0.1445,0.233
LSG,0.872,0.6043,0.1445,0.2332
LSG,0.872,0.6026,0.1435,0.2317
LSG,0.872,0.6009,0.1424,0.2303
LSG,0.872,0.5991,0.1414,0.2288
LSG,0.872,0.6018,0.1414,0.229
LSG,0.872,0.6,0.1403,0.2275
LSG,0.873,0.5982,0.1393,0.226
LSG,0.873,0.5964,0.1383,0.2245
LSG,0.873,0.5991,0.1383,0.2247
LSG,0.873,0.5973,0.1372,0.2232
LSG,0.873,0.5955,0.1362,0.2217
LSG,0.874,0.5936,0.1351,0.2202
LSG,0.874,0.5963,0.1351,0.2203
LSG,0.874,0.5991,0.1351,0.2205
LSG,0.874,0.6019,0.1351,0.2207
LSG,0.874,0.6,0.1341,0.2192
LSG,0.875,0.6028,0.1341,0.2194
LSG,0.875,0.6009,0.1331,0.2179
LSG,0.875,0.5991,0.132,0.2164
LSG,0.875,0.5972,0.131,0.2148
LSG,0.875,0.5952,0.1299,0.2133
LSG,0.876,0.5933,0.1289,0.2118
LSG,0.876,0.5962,0.1289,0.212
LSG,0.876,0.599,0.1289,0.2121
LSG,0.877,0.5971,0.1279,0.2106
LSG,0.877,0.5951,0.1268,0.2091
LSG,0.877,0.5931,0.1258,0.2075
LSG,0.877,0.5911,0.1247,0.206
LSG,0.877,0.5941,0.1247,0.2062
LSG,0.877,0.597,0.1247,0.2064
LSG,0.878,0.595,0.1237,0.2048
LSG,0.878,0.598,0.1237,0.205
LSG,0.878,0.596,0.1227,0.2034
LSG,0.878,0.5939,0.1216,0.2019
LSG,0.878,0.5918,0.1206,0.2003
LSG,0.878,0.5897,0.1195,0.1988
LSG,0.878,0.5928,0.1195,0.199
LSG,0.879,0.5959,0.1195,0.1991
LSG,0.879,0.5938,0.1185,0.1976
LSG,0.879,0.5916,0.1175,0.196
LSG,0.879,0.5895,0.1164,0.1944
LSG,0.879,0.5926,0.1164,0.1946
LSG,0.88,0.5904,0.1154,0.193
LSG,0.88,0.5936,0.1154,0.1932
LSG,0.881,0.5914,0.1143,0.1916
LSG,0.881,0.5946,0.1143,0.1918
LSG,0.881,0.5924,0.1133,0.1902
LSG,0.881,0.5902,0.1123,0.1886
LSG,0.881,0.5879,0.1112,0.1871
LSG,0.882,0.5856,0.1102,0.1855
LSG,0.882,0.5833,0.1091,0.1839
LSG,0.882,0.581,0.1081,0.1823
LSG,0.882,0.5787,0.1071,0.1807
LSG,0.882,0.5763,0.106,0.1791
LSG,0.883,0.5795,0.106,0.1793
LSG,0.883,0.5771,0.105,0.1777
LSG,0.883,0.5747,0.104,0.1761
LSG,0.883,0.5723,0.1029,0.1744
LSG,0.883,0.5756,0.1029,0.1746
LSG,0.883,0.5731,0.1019,0.173
LSG,0.883,0.5706,0.1008,0.1714
LSG,0.884,0.574,0.1008,0.1715
LSG,0.884,0.5774,0.1008,0.1717
LSG,0.884,0.5808,0.1008,0.1718
LSG,0.884,0.5843,0.1008,0.172
LSG,0.884,0.5818,0.0998,0.1704
LSG,0.884,0.5793,0.0988,0.1687
LSG,0.885,0.5828,0.0988,0.1689
LSG,0.885,0.5864,0.0988,0.169
LSG,0.885,0.5839,0.0977,0.1674
LSG,0.886,0.5813,0.0967,0.1658
LSG,0.886,0.5786,0.0956,0.1641
LSG,0.886,0.5823,0.0956,0.1643
LSG,0.886,0.5796,0.0946,0.1626
LSG,0.886,0.5769,0.0936,0.161
LSG,0.886,0.5742,0.0925,0.1594
LSG,0.886,0.5714,0.0915,0.1577
LSG,0.887,0.5752,0.0915,0.1578
LSG,0.887,0.5789,0.0915,0.158
LSG,0.887,0.5828,0.0915,0.1581
LSG,0.888,0.58,0.0904,0.1565
LSG,0.888,0.5772,0.0894,0.1548
LSG,0.888,0.5811,0.0894,0.155
LSG,0.888,0.585,0.0894,0.1551
LSG,0.889,0.5822,0.0884,0.1534
LSG,0.89,0.5793,0.0873,0.1518
LSG,0.891,0.5833,0.0873,0.1519
LSG,0.892,0.5874,0.0873,0.152
LSG,0.892,0.5845,0.0863,0.1504
LSG,0.892,0.5887,0.0863,0.1505
LSG,0.892,0.5857,0.0852,0.1488
LSG,0.893,0.5827,0.0842,0.1471
LSG,0.893,0.587,0.0842,0.1473
LSG,0.893,0.5839,0.0832,0.1456
LSG,0.893,0.5882,0.0832,0.1457
LSG,0.894,0.5926,0.0832,0.1459
LSG,0.894,0.597,0.0832,0.146
LSG,0.894,0.594,0.0821,0.1443
LSG,0.894,0.5985,0.0821,0.1444
LSG,0.895,0.5954,0.0811,0.1427
LSG,0.895,0.6,0.0811,0.1429
LSG,0.895,0.6047,0.0811,0.143
LSG,0.896,0.6016,0.08,0.1413
LSG,0.896,0.6063,0.08,0.1414
LSG,0.896,0.6032,0.079,0.1397
LSG,0.897,0.608,0.079,0.1398
LSG,0.897,0.6129,0.079,0.14
LSG,0.897,0.6098,0.078,0.1382
LSG,0.897,0.6066,0.0769,0.1365
LSG,0.897,0.6116,0.0769,0.1367
LSG,0.898,0.6083,0.0759,0.1349
LSG,0.898,0.605,0.0748,0.1332
LSG,0.898,0.6017,0.0738,0.1315
LSG,0.899,0.6068,0.0738,0.1316
LSG,0.899,0.6121,0.0738,0.1317
LSG,0.899,0.6087,0.0728,0.13
LSG,0.899,0.6053,0.0717,0.1283
LSG,0.9,0.6018,0.0707,0.1265
LSG,0.9,0.5982,0.0696,0.1248
LSG,0.901,0.6036,0.0696,0.1249
LSG,0.901,0.6091,0.0696,0.125
LSG,0.901,0.6147,0.0696,0.1251
LSG,0.901,0.6111,0.0686,0.1234
LSG,0.901,0.6075,0.0676,0.1216
LSG,0.902,0.6132,0.0676,0.1217
LSG,0.902,0.619,0.0676,0.1218
LSG,0.902,0.6154,0.0665,0.1201
LSG,0.902,0.6214,0.0665,0.1202
LSG,0.903,0.6275,0.0665,0.1203
LSG,0.904,0.6337,0.0665,0.1204
LSG,0.904,0.64,0.0665,0.1205
LSG,0.904,0.6364,0.0655,0.1188
LSG,0.904,0.6327,0.0644,0.117
LSG,0.904,0.6392,0.0644,0.1171
LSG,0.905,0.6354,0.0634,0.1153
LSG,0.905,0.6316,0.0624,0.1135
LSG,0.905,0.6383,0.0624,0.1136
LSG,0.905,0.6344,0.0613,0.1118
LSG,0.905,0.6304,0.0603,0.1101
LSG,0.905,0.6374,0.0603,0.1102
LSG,0.905,0.6333,0.0593,0.1084
LSG,0.905,0.6404,0.0593,0.1085
LSG,0.906,0.6364,0.0582,0.1067
LSG,0.906,0.6322,0.0572,0.1049
LSG,0.906,0.6279,0.0561,0.1031
LSG,0.906,0.6235,0.0551,0.1012
LSG,0.906,0.619,0.0541,0.0994
LSG,0.906,0.6265,0.0541,0.0995
LSG,0.906,0.622,0.053,0.0977
LSG,0.907,0.6296,0.053,0.0978
LSG,0.907,0.625,0.052,0.096
LSG,0.908,0.6203,0.0509,0.0941
LSG,0.908,0.6154,0.0499,0.0923
LSG,0.908,0.6104,0.0489,0.0905
LSG,0.909,0.6053,0.0478,0.0886
LSG,0.909,0.6133,0.0478,0.0887
LSG,0.909,0.6216,0.0478,0.0888
LSG,0.91,0.6164,0.0468,0.087
LSG,0.911,0.6111,0.0457,0.0851
LSG,0.912,0.6197,0.0457,0.0852
LSG,0.912,0.6143,0.0447,0.0833
LSG,0.912,0.6087,0.0437,0.0815
LSG,0.912,0.6029,0.0426,0.0796
LSG,0.912,0.6119,0.0426,0.0797
LSG,0.913,0.6061,0.0416,0.0778
LSG,0.914,0.6,0.0405,0.0759
LSG,0.914,0.5938,0.0395,0.0741
LSG,0.915,0.5873,0.0385,0.0722
LSG,0.915,0.5806,0.0374,0.0703
LSG,0.916,0.5738,0.0364,0.0684
LSG,0.916,0.5667,0.0353,0.0665
LSG,0.917,0.5763,0.0353,0.0666
LSG,0.917,0.569,0.0343,0.0647
LSG,0.917,0.5614,0.0333,0.0628
LSG,0.918,0.5536,0.0322,0.0609
LSG,0.918,0.5455,0.0312,0.059
LSG,0.918,0.537,0.0301,0.0571
LSG,0.919,0.5283,0.0291,0.0552
LSG,0.919,0.5385,0.0291,0.0552
LSG,0.919,0.5294,0.0281,0.0533
LSG,0.92,0.54,0.0281,0.0534
LSG,0.92,0.5306,0.027,0.0514
LSG,0.921,0.5208,0.026,0.0495
LSG,0.921,0.5106,0.0249,0.0476
LSG,0.922,0.5217,0.0249,0.0476
LSG,0.922,0.5333,0.0249,0.0477
LSG,0.923,0.5227,0.0239,0.0457
LSG,0.924,0.5116,0.0229,0.0438
LSG,0.925,0.5,0.0218,0.0418
LSG,0.925,0.5122,0.0218,0.0419
LSG,0.926,0.5,0.0208,0.0399
LSG,0.926,0.5128,0.0208,0.04
LSG,0.928,0.5263,0.0208,0.04
LSG,0.928,0.5405,0.0208,0.04
LSG,0.928,0.5278,0.0198,0.0381
LSG,0.928,0.5429,0.0198,0.0381
LSG,0.928,0.5294,0.0187,0.0361
LSG,0.929,0.5455,0.0187,0.0362
LSG,0.929,0.5625,0.0187,0.0362
LSG,0.929,0.5484,0.0177,0.0342
LSG,0.93,0.5333,0.0166,0.0323
LSG,0.93,0.5517,0.0166,0.0323
LSG,0.93,0.5357,0.0156,0.0303
LSG,0.93,0.5185,0.0146,0.0283
LSG,0.931,0.5385,0.0146,0.0283
LSG,0.931,0.52,0.0135,0.0263
LSG,0.932,0.5417,0.0135,0.0264
LSG,0.932,0.5652,0.0135,0.0264
LSG,0.932,0.5909,0.0135,0.0264
LSG,0.933,0.5714,0.0125,0.0244
LSG,0.933,0.55,0.0114,0.0224
LSG,0.933,0.5263,0.0104,0.0204
LSG,0.934,0.5,0.0094,0.0184
LSG,0.935,0.5294,0.0094,0.0184
LSG,0.936,0.5,0.0083,0.0164
LSG,0.937,0.4667,0.0073,0.0143
LSG,0.937,0.4286,0.0062,0.0123
LSG,0.937,0.4615,0.0062,0.0123
LSG,0.937,0.5,0.0062,0.0123
LSG,0.938,0.4545,0.0052,0.0103
LSG,0.939,0.4,0.0042,0.0082
LSG,0.939,0.4444,0.0042,0.0082
LSG,0.94,0.375,0.0031,0.0062
LSG,0.943,0.4286,0.0031,0.0062
LSG,0.945,0.5,0.0031,0.0062
LSG,0.945,0.6,0.0031,0.0062
LSG,0.948,0.75,0.0031,0.0062
LSG,0.948,0.6667,0.0021,0.0041
LSG,0.951,0.5,0.001,0.0021
LSG,0.963,0.0,0.0,0.0
Baseline,0.318,0.5344,1.0,0.6966
Baseline,0.427,0.5347,1.0,0.6968
Baseline,0.434,0.5345,0.999,0.6964
Baseline,0.445,0.5342,0.9979,0.6959
Baseline,0.453,0.5345,0.9979,0.6962
Baseline,0.453,0.5343,0.9969,0.6957
Baseline,0.459,0.5346,0.9969,0.6959
Baseline,0.461,0.5343,0.9958,0.6955
Baseline,0.466,0.5346,0.9958,0.6957
Baseline,0.475,0.5349,0.9958,0.696
Baseline,0.481,0.5352,0.9958,0.6962
Baseline,0.488,0.5349,0.9948,0.6957
Baseline,0.504,0.5352,0.9948,0.696
Baseline,0.505,0.535,0.9938,0.6955
Baseline,0.505,0.5353,0.9938,0.6958
Baseline,0.508,0.535,0.9927,0.6953
Baseline,0.51,0.5348,0.9917,0.6948
Baseline,0.516,0.5345,0.9906,0.6944
Baseline,0.516,0.5342,0.9896,0.6939
Baseline,0.519,0.5345,0.9896,0.6941
Baseline,0.519,0.5343,0.9886,0.6937
Baseline,0.519,0.5346,0.9886,0.6939
Baseline,0.52,0.5343,0.9875,0.6934
Baseline,0.526,0.5346,0.9875,0.6937
Baseline,0.529,0.5343,0.9865,0.6932
Baseline,0.529,0.5346,0.9865,0.6935
Baseline,0.53,0.5349,0.9865,0.6937
Baseline,0.533,0.5347,0.9854,0.6932
Baseline,0.542,0.5344,0.9844,0.6928
Baseline,0.542,0.5347,0.9844,0.693
Baseline,0.542,0.5345,0.9834,0.6925
Baseline,0.542,0.5348,0.9834,0.6928
Baseline,0.548,0.5345,0.9823,0.6923
Baseline,0.549,0.5342,0.9813,0.6918
Baseline,0.549,0.534,0.9802,0.6913
Baseline,0.554,0.5343,0.9802,0.6916
Baseline,0.557,0.534,0.9792,0.6911
Baseline,0.559,0.5337,0.9782,0.6906
Baseline,0.562,0.5341,0.9782,0.6909
Baseline,0.562,0.5338,0.9771,0.6904
Baseline,0.564,0.5341,0.9771,0.6907
Baseline,0.564,0.5344,0.9771,0.6909
Baseline,0.568,0.5347,0.9771,0.6912
Baseline,0.569,0.5344,0.9761,0.6907
Baseline,0.572,0.5347,0.9761,0.6909
Baseline,0.572,0.535,0.9761,0.6912
Baseline,0.574,0.5348,0.9751,0.6907
Baseline,0.574,0.5345,0.974,0.6902
Baseline,0.574,0.5348,0.974,0.6905
Baseline,0.577,0.5351,0.974,0.6907
Baseline,0.577,0.5354,0.974,0.691
Baseline,0.578,0.5352,0.973,0.6905
Baseline,0.579,0.5349,0.9719,0.69
Baseline,0.58,0.5346,0.9709,0.6896
Baseline,0.581,0.5344,0.9699,0.6891
Baseline,0.581,0.5347,0.9699,0.6893
Baseline,0.581,0.5344,0.9688,0.6888
Baseline,0.586,0.5341,0.9678,0.6884
Baseline,0.587,0.5339,0.9667,0.6879
Baseline,0.588,0.5336,0.9657,0.6874
Baseline,0.588,0.5333,0.9647,0.6869
Baseline,0.588,0.5336,0.9647,0.6872
Baseline,0.589,0.5339,0.9647,0.6874
Baseline,0.589,0.5337,0.9636,0.6869
Baseline,0.59,0.5334,0.9626,0.6864
Baseline,0.59,0.5331,0.9615,0.6859
Baseline,0.591,0.5329,0.9605,0.6855
Baseline,0.592,0.5326,0.9595,0.685
Baseline,0.594,0.5329,0.9595,0.6852
Baseline,0.594,0.5332,0.9595,0.6855
Baseline,0.596,0.5329,0.9584,0.685
Baseline,0.596,0.5327,0.9574,0.6845
Baseline,0.596,0.5324,0.9563,0.684
Baseline,0.598,0.5327,0.9563,0.6843
Baseline,0.6,0.5324,0.9553,0.6838
Baseline,0.6,0.5322,0.9543,0.6833
Baseline,0.6,0.5319,0.9532,0.6828
Baseline,0.601,0.5322,0.9532,0.6831
Baseline,0.603,0.5319,0.9522,0.6826
Baseline,0.605,0.5322,0.9522,0.6828
Baseline,0.606,0.5326,0.9522,0.6831
Baseline,0.608,0.5323,0.9511,0.6826
Baseline,0.608,0.532,0.9501,0.6821
Baseline,0.61,0.5317,0.9491,0.6816
Baseline,0.611,0.5321,0.9491,0.6819
Baseline,0.611,0.5318,0.948,0.6814
Baseline,0.611,0.5321,0.948,0.6816
Baseline,0.612,0.5324,0.948,0.6819
Baseline,0.612,0.5321,0.947,0.6814
Baseline,0.613,0.5319,0.9459,0.6809
Baseline,0.613,0.5316,0.9449,0.6804
Baseline,0.615,0.5313,0.9439,0.6799
Baseline,0.616,0.5316,0.9439,0.6801
Baseline,0.616,0.5313,0.9428,0.6797
Baseline,0.616,0.5317,0.9428,0.6799
Baseline,0.617,0.532,0.9428,0.6802
Baseline,0.618,0.5317,0.9418,0.6797
Baseline,0.618,0.5314,0.9407,0.6792
Baseline,0.619,0.5317,0.9407,0.6794
Baseline,0.619,0.5315,0.9397,0.6789
Baseline,0.62,0.5312,0.9387,0.6784
Baseline,0.622,0.5309,0.9376,0.6779
Baseline,0.622,0.5306,0.9366,0.6774
Baseline,0.622,0.5303,0.9356,0.6769
Baseline,0.622,0.5307,0.9356,0.6772
Baseline,0.623,0.531,0.9356,0.6775
Baseline,0.623,0.5313,0.9356,0.6777
Baseline,0.624,0.5316,0.9356,0.678
Baseline,0.625,0.5313,0.9345,0.6775
Baseline,0.626,0.531,0.9335,0.677
Baseline,0.626,0.5314,0.9335,0.6772
Baseline,0.626,0.5311,0.9324,0.6767
Baseline,0.627,0.5314,0.9324,0.677
Baseline,0.628,0.5311,0.9314,0.6765
Baseline,0.628,0.5308,0.9304,0.676
Baseline,0.629,0.5306,0.9293,0.6755
Baseline,0.63,0.5309,0.9293,0.6757
Baseline,0.631,0.5306,0.9283,0.6752
Baseline,0.631,0.5303,0.9272,0.6747
Baseline,0.632,0.5306,0.9272,0.675
Baseline,0.632,0.531,0.9272,0.6752
Baseline,0.632,0.5307,0.9262,0.6747
Baseline,0.632,0.531,0.9262,0.675
Baseline,0.633,0.5307,0.9252,0.6745
Baseline,0.634,0.5304,0.9241,0.674
Baseline,0.634,0.5301,0.9231,0.6735
Baseline,0.634,0.5299,0.922,0.673
Baseline,0.635,0.5296,0.921,0.6725
Baseline,0.635,0.5299,0.921,0.6727
Baseline,0.636,0.5296,0.92,0.6722
Baseline,0.637,0.5293,0.9189,0.6717
Baseline,0.637,0.5291,0.9179,0.6712
Baseline,0.637,0.5288,0.9168,0.6707
Baseline,0.637,0.5291,0.9168,0.671
Baseline,0.637,0.5294,0.9168,0.6712
Baseline,0.638,0.5291,0.9158,0.6707
Baseline,0.638,0.5288,0.9148,0.6702
Baseline,0.638,0.5286,0.9137,0.6697
Baseline,0.639,0.5283,0.9127,0.6692
Baseline,0.639,0.5286,0.9127,0.6695
Baseline,0.639,0.5283,0.9116,0.669
Baseline,0.64,0.528,0.9106,0.6684
Baseline,0.64,0.5283,0.9106,0.6687
Baseline,0.641,0.5281,0.9096,0.6682
Baseline,0.642,0.5284,0.9096,0.6684
Baseline,0.644,0.5287,0.9096,0.6687
Baseline,0.644,0.529,0.9096,0.669
Baseline,0.644,0.5293,0.9096,0.6692
Baseline,0.644,0.5291,0.9085,0.6687
Baseline,0.644,0.5294,0.9085,0.669
Baseline,0.644,0.5291,0.9075,0.6685
Baseline,0.645,0.5288,0.9064,0.6679
Baseline,0.646,0.5285,0.9054,0.6674
Baseline,0.646,0.5282,0.9044,0.6669
Baseline,0.647,0.5279,0.9033,0.6664
Baseline,0.647,0.5283,0.9033,0.6667
Baseline,0.648,0.528,0.9023,0.6662
Baseline,0.648,0.5277,0.9012,0.6656
Baseline,0.648,0.528,0.9012,0.6659
Baseline,0.648,0.5277,0.9002,0.6654
Baseline,0.648,0.5274,0.8992,0.6649
Baseline,0.649,0.5272,0.8981,0.6644
Baseline,0.649,0.5275,0.8981,0.6646
Baseline,0.649,0.5278,0.8981,0.6649
Baseline,0.649,0.5275,0.8971,0.6644
Baseline,0.65,0.5272,0.896,0.6638
Baseline,0.65,0.5275,0.896,0.6641
Baseline,0.651,0.5273,0.895,0.6636
Baseline,0.652,0.5276,0.895,0.6638
Baseline,0.652,0.5273,0.894,0.6633
Baseline,0.652,0.527,0.8929,0.6628
Baseline,0.652,0.5273,0.8929,0.6631
Baseline,0.653,0.527,0.8919,0.6625
Baseline,0.653,0.5274,0.8919,0.6628
Baseline,0.653,0.5271,0.8909,0.6623
Baseline,0.655,0.5268,0.8898,0.6618
Baseline,0.655,0.5271,0.8898,0.662
Baseline,0.655,0.5268,0.8888,0.6615
Baseline,0.656,0.5271,0.8888,0.6618
Baseline,0.656,0.5268,0.8877,0.6612
Baseline,0.656,0.5272,0.8877,0.6615
Baseline,0.657,0.5269,0.8867,0.661
Baseline,0.657,0.5266,0.8857,0.6605
Baseline,0.657,0.5263,0.8846,0.6599
Baseline,0.657,0.526,0.8836,0.6594
Baseline,0.658,0.5257,0.8825,0.6589
Baseline,0.658,0.526,0.8825,0.6592
Baseline,0.658,0.5257,0.8815,0.6586
Baseline,0.658,0.5254,0.8805,0.6581
Baseline,0.658,0.5251,0.8794,0.6576
Baseline,0.659,0.5255,0.8794,0.6579
Baseline,0.659,0.5252,0.8784,0.6573
Baseline,0.659,0.5249,0.8773,0.6568
Baseline,0.66,0.5252,0.8773,0.6571
Baseline,0.66,0.5249,0.8763,0.6565
Baseline,0.66,0.5252,0.8763,0.6568
Baseline,0.661,0.5249,0.8753,0.6563
Baseline,0.661,0.5253,0.8753,0.6565
Baseline,0.661,0.525,0.8742,0.656
Baseline,0.661,0.5247,0.8732,0.6555
Baseline,0.661,0.5244,0.8721,0.655
Baseline,0.662,0.5241,0.8711,0.6544
Baseline,0.662,0.5238,0.8701,0.6539
Baseline,0.662,0.5235,0.869,0.6534
Baseline,0.663,0.5238,0.869,0.6536
Baseline,0.663,0.5235,0.868,0.6531
Baseline,0.664,0.5238,0.868,0.6534
Baseline,0.664,0.5242,0.868,0.6536
Baseline,0.664,0.5239,0.8669,0.6531
Baseline,0.664,0.5236,0.8659,0.6526
Baseline,0.664,0.5233,0.8649,0.652
Baseline,0.665,0.5236,0.8649,0.6523
Baseline,0.665,0.5233,0.8638,0.6518
Baseline,0.665,0.523,0.8628,0.6512
Baseline,0.665,0.5227,0.8617,0.6507
Baseline,0.665,0.5224,0.8607,0.6502
Baseline,0.665,0.5227,0.8607,0.6504
Baseline,0.665,0.5224,0.8597,0.6499
Baseline,0.666,0.5221,0.8586,0.6494
Baseline,0.666,0.5218,0.8576,0.6488
Baseline,0.666,0.5215,0.8565,0.6483
Baseline,0.666,0.5212,0.8555,0.6478
Baseline,0.667,0.5209,0.8545,0.6472
Baseline,0.667,0.5212,0.8545,0.6475
Baseline,0.668,0.5209,0.8534,0.647
Baseline,0.668,0.5206,0.8524,0.6464
Baseline,0.668,0.5203,0.8514,0.6459
Baseline,0.669,0.5207,0.8514,0.6462
Baseline,0.669,0.5204,0.8503,0.6456
Baseline,0.67,0.5201,0.8493,0.6451
Baseline,0.67,0.5204,0.8493,0.6453
Baseline,0.671,0.5201,0.8482,0.6448
Baseline,0.671,0.5204,0.8482,0.6451
Baseline,0.672,0.5201,0.8472,0.6445
Baseline,0.672,0.5198,0.8462,0.644
Baseline,0.673,0.5195,0.8451,0.6435
Baseline,0.673,0.5192,0.8441,0.6429
Baseline,0.673,0.5189,0.843,0.6424
Baseline,0.674,0.5186,0.842,0.6418
Baseline,0.674,0.5183,0.841,0.6413
Baseline,0.674,0.5179,0.8399,0.6408
Baseline,0.674,0.5183,0.8399,0.641
Baseline,0.674,0.5186,0.8399,0.6413
Baseline,0.675,0.5183,0.8389,0.6407
Baseline,0.675,0.5186,0.8389,0.641
Baseline,0.675,0.5183,0.8378,0.6404
Baseline,0.675,0.5187,0.8378,0.6407
Baseline,0.675,0.5184,0.8368,0.6402
Baseline,0.677,0.5187,0.8368,0.6404
Baseline,0.677,0.5184,0.8358,0.6399
Baseline,0.678,0.5187,0.8358,0.6401
Baseline,0.678,0.519,0.8358,0.6404
Baseline,0.678,0.5187,0.8347,0.6398
Baseline,0.678,0.5191,0.8347,0.6401
Baseline,0.679,0.5194,0.8347,0.6404
Baseline,0.679,0.5191,0.8337,0.6398
Baseline,0.679,0.5188,0.8326,0.6393
Baseline,0.679,0.5185,0.8316,0.6387
Baseline,0.681,0.5188,0.8316,0.639
Baseline,0.681,0.5191,0.8316,0.6392
Baseline,0.681,0.5195,0.8316,0.6395
Baseline,0.681,0.5198,0.8316,0.6397
Baseline,0.682,0.5202,0.8316,0.64
Baseline,0.682,0.5205,0.8316,0.6403
Baseline,0.682,0.5208,0.8316,0.6405
Baseline,0.683,0.5212,0.8316,0.6408
Baseline,0.683,0.5209,0.8306,0.6402
Baseline,0.683,0.5205,0.8295,0.6397
Baseline,0.683,0.5202,0.8285,0.6391
Baseline,0.683,0.5206,0.8285,0.6394
Baseline,0.684,0.5209,0.8285,0.6396
Baseline,0.684,0.5206,0.8274,0.6391
Baseline,0.684,0.5203,0.8264,0.6386
Baseline,0.684,0.52,0.8254,0.638
Baseline,0.684,0.5197,0.8243,0.6375
Baseline,0.685,0.52,0.8243,0.6377
Baseline,0.685,0.5197,0.8233,0.6372
Baseline,0.685,0.5194,0.8222,0.6366
Baseline,0.685,0.5191,0.8212,0.6361
Baseline,0.685,0.5187,0.8202,0.6355
Baseline,0.685,0.5184,0.8191,0.635
Baseline,0.686,0.5181,0.8181,0.6344
Baseline,0.686,0.5178,0.817,0.6339
Baseline,0.686,0.5175,0.816,0.6333
Baseline,0.687,0.5172,0.815,0.6328
Baseline,0.687,0.5168,0.8139,0.6322
Baseline,0.687,0.5172,0.8139,0.6325
Baseline,0.688,0.5175,0.8139,0.6327
Baseline,0.688,0.5179,0.8139,0.633
Baseline,0.688,0.5175,0.8129,0.6324
Baseline,0.689,0.5172,0.8119,0.6319
Baseline,0.689,0.5169,0.8108,0.6313
Baseline,0.689,0.5172,0.8108,0.6316
Baseline,0.689,0.5176,0.8108,0.6318
Baseline,0.689,0.5179,0.8108,0.6321
Baseline,0.689,0.5176,0.8098,0.6315
Baseline,0.689,0.5173,0.8087,0.631
Baseline,0.69,0.5176,0.8087,0.6312
Baseline,0.69,0.5173,0.8077,0.6307
Baseline,0.69,0.5177,0.8077,0.6309
Baseline,0.69,0.518,0.8077,0.6312
Baseline,0.69,0.5177,0.8067,0.6306
Baseline,0.691,0.5174,0.8056,0.6301
Baseline,0.691,0.5177,0.8056,0.6303
Baseline,0.691,0.518,0.8056,0.6306
Baseline,0.691,0.5184,0.8056,0.6309
Baseline,0.691,0.5181,0.8046,0.6303
Baseline,0.692,0.5177,0.8035,0.6297
Baseline,0.692,0.5174,0.8025,0.6292
Baseline,0.693,0.5171,0.8015,0.6286
Baseline,0.693,0.5168,0.8004,0.6281
Baseline,0.693,0.5171,0.8004,0.6283
Baseline,0.693,0.5168,0.7994,0.6278
Baseline,0.694,0.5165,0.7983,0.6272
Baseline,0.694,0.5168,0.7983,0.6275
Baseline,0.694,0.5165,0.7973,0.6269
Baseline,0.694,0.5162,0.7963,0.6263
Baseline,0.694,0.5158,0.7952,0.6258
Baseline,0.694,0.5155,0.7942,0.6252
Baseline,0.694,0.5159,0.7942,0.6255
Baseline,0.695,0.5162,0.7942,0.6257
Baseline,0.695,0.5166,0.7942,0.626
Baseline,0.696,0.5162,0.7931,0.6254
Baseline,0.696,0.5159,0.7921,0.6248
Baseline,0.696,0.5163,0.7921,0.6251
Baseline,0.697,0.5166,0.7921,0.6254
Baseline,0.697,0.517,0.7921,0.6256
Baseline,0.697,0.5166,0.7911,0.6251
Baseline,0.697,0.5163,0.79,0.6245
Baseline,0.698,0.5167,0.79,0.6247
Baseline,0.698,0.517,0.79,0.625
Baseline,0.698,0.5167,0.789,0.6244
Baseline,0.698,0.517,0.789,0.6247
Baseline,0.698,0.5174,0.789,0.6249
Baseline,0.698,0.5171,0.7879,0.6244
Baseline,0.698,0.5167,0.7869,0.6238
Baseline,0.699,0.5164,0.7859,0.6232
Baseline,0.699,0.5167,0.7859,0.6235
Baseline,0.7,0.5171,0.7859,0.6238
Baseline,0.7,0.5175,0.7859,0.624
Baseline,0.7,0.5178,0.7859,0.6243
Baseline,0.7,0.5175,0.7848,0.6237
Baseline,0.7,0.5171,0.7838,0.6231
Baseline,0.701,0.5168,0.7827,0.6226
Baseline,0.701,0.5172,0.7827,0.6228
Baseline,0.701,0.5168,0.7817,0.6223
Baseline,0.701,0.5165,0.7807,0.6217
Baseline,0.701,0.5162,0.7796,0.6211
Baseline,0.701,0.5165,0.7796,0.6214
Baseline,0.701,0.5162,0.7786,0.6208
Baseline,0.701,0.5166,0.7786,0.6211
Baseline,0.701,0.5162,0.7775,0.6205
Baseline,0.701,0.5159,0.7765,0.6199
Baseline,0.702,0.5162,0.7765,0.6202
Baseline,0.702,0.5159,0.7755,0.6196
Baseline,0.702,0.5163,0.7755,0.6199
Baseline,0.702,0.5166,0.7755,0.6201
Baseline,0.703,0.517,0.7755,0.6204
Baseline,0.703,0.5173,0.7755,0.6206
Baseline,0.703,0.5177,0.7755,0.6209
Baseline,0.703,0.5174,0.7744,0.6203
Baseline,0.703,0.517,0.7734,0.6197
Baseline,0.704,0.5167,0.7723,0.6192
Baseline,0.704,0.5164,0.7713,0.6186
Baseline,0.705,0.516,0.7703,0.618
Baseline,0.705,0.5157,0.7692,0.6174
Baseline,0.705,0.5153,0.7682,0.6169
Baseline,0.705,0.5157,0.7682,0.6171
Baseline,0.706,0.5154,0.7672,0.6165
Baseline,0.706,0.515,0.7661,0.616
Baseline,0.706,0.5154,0.7661,0.6162
Baseline,0.706,0.515,0.7651,0.6156
Baseline,0.706,0.5147,0.764,0.6151
Baseline,0.707,0.5144,0.763,0.6145
Baseline,0.707,0.514,0.762,0.6139
Baseline,0.707,0.5137,0.7609,0.6133
Baseline,0.707,0.5133,0.7599,0.6127
Baseline,0.707,0.513,0.7588,0.6122
Baseline,0.707,0.5127,0.7578,0.6116
Baseline,0.708,0.513,0.7578,0.6118
Baseline,0.708,0.5127,0.7568,0.6113
Baseline,0.708,0.513,0.7568,0.6115
Baseline,0.708,0.5127,0.7557,0.6109
Baseline,0.708,0.5131,0.7557,0.6112
Baseline,0.708,0.5134,0.7557,0.6114
Baseline,0.709,0.5138,0.7557,0.6117
Baseline,0.709,0.5134,0.7547,0.6111
Baseline,0.709,0.5138,0.7547,0.6114
Baseline,0.709,0.5142,0.7547,0.6116
Baseline,0.71,0.5145,0.7547,0.6119
Baseline,0.71,0.5142,0.7536,0.6113
Baseline,0.71,0.5138,0.7526,0.6107
Baseline,0.711,0.5135,0.7516,0.6101
Baseline,0.711,0.5139,0.7516,0.6104
Baseline,0.711,0.5135,0.7505,0.6098
Baseline,0.711,0.5132,0.7495,0.6092
Baseline,0.712,0.5135,0.7495,0.6095
Baseline,0.712,0.5132,0.7484,0.6089
Baseline,0.712,0.5128,0.7474,0.6083
Baseline,0.713,0.5125,0.7464,0.6077
Baseline,0.713,0.5121,0.7453,0.6071
Baseline,0.713,0.5125,0.7453,0.6074
Baseline,0.713,0.5129,0.7453,0.6076
Baseline,0.713,0.5132,0.7453,0.6079
Baseline,0.713,0.5129,0.7443,0.6073
Baseline,0.713,0.5125,0.7432,0.6067
Baseline,0.713,0.5122,0.7422,0.6061
Baseline,0.713,0.5118,0.7412,0.6055
Baseline,0.714,0.5115,0.7401,0.6049
Baseline,0.714,0.5119,0.7401,0.6052
Baseline,0.714,0.5115,0.7391,0.6046
Baseline,0.714,0.5119,0.7391,0.6048
Baseline,0.714,0.5115,0.738,0.6043
Baseline,0.715,0.5119,0.738,0.6045
Baseline,0.715,0.5115,0.737,0.6039
Baseline,0.715,0.5112,0.736,0.6033
Baseline,0.715,0.5116,0.736,0.6036
Baseline,0.715,0.5119,0.736,0.6038
Baseline,0.715,0.5123,0.736,0.6041
Baseline,0.715,0.5119,0.7349,0.6035
Baseline,0.716,0.5123,0.7349,0.6038
Baseline,0.716,0.512,0.7339,0.6032
Baseline,0.716,0.5123,0.7339,0.6034
Baseline,0.716,0.512,0.7328,0.6028
Baseline,0.716,0.5116,0.7318,0.6022
Baseline,0.716,0.5113,0.7308,0.6016
Baseline,0.717,0.5116,0.7308,0.6019
Baseline,0.717,0.5113,0.7297,0.6013
Baseline,0.717,0.5109,0.7287,0.6007
Baseline,0.717,0.5106,0.7277,0.6001
Baseline,0.717,0.5109,0.7277,0.6003
Baseline,0.717,0.5106,0.7266,0.5997
Baseline,0.717,0.5102,0.7256,0.5991
Baseline,0.717,0.5099,0.7245,0.5985
Baseline,0.717,0.5095,0.7235,0.5979
Baseline,0.717,0.5092,0.7225,0.5973
Baseline,0.718,0.5088,0.7214,0.5967
Baseline,0.718,0.5084,0.7204,0.5961
Baseline,0.718,0.5088,0.7204,0.5964
Baseline,0.718,0.5084,0.7193,0.5958
Baseline,0.718,0.5088,0.7193,0.596
Baseline,0.718,0.5092,0.7193,0.5963
Baseline,0.718,0.5096,0.7193,0.5966
Baseline,0.718,0.5092,0.7183,0.5959
Baseline,0.719,0.5088,0.7173,0.5953
Baseline,0.719,0.5085,0.7162,0.5947
Baseline,0.719,0.5081,0.7152,0.5941
Baseline,0.719,0.5085,0.7152,0.5944
Baseline,0.719,0.5089,0.7152,0.5946
Baseline,0.719,0.5085,0.7141,0.594
Baseline,0.719,0.5081,0.7131,0.5934
Baseline,0.72,0.5085,0.7131,0.5937
Baseline,0.72,0.5082,0.7121,0.5931
Baseline,0.72,0.5078,0.711,0.5925
Baseline,0.72,0.5082,0.711,0.5927
Baseline,0.72,0.5086,0.711,0.593
Baseline,0.72,0.5089,0.711,0.5932
Baseline,0.72,0.5093,0.711,0.5935
Baseline,0.721,0.5097,0.711,0.5937
Baseline,0.721,0.5093,0.71,0.5931
Baseline,0.721,0.5097,0.71,0.5934
Baseline,0.721,0.5101,0.71,0.5937
Baseline,0.721,0.5105,0.71,0.5939
Baseline,0.722,0.5101,0.7089,0.5933
Baseline,0.722,0.5097,0.7079,0.5927
Baseline,0.722,0.5101,0.7079,0.5929
Baseline,0.722,0.5105,0.7079,0.5932
Baseline,0.722,0.5101,0.7069,0.5926
Baseline,0.722,0.5105,0.7069,0.5929
Baseline,0.722,0.5101,0.7058,0.5922
Baseline,0.722,0.5098,0.7048,0.5916
Baseline,0.723,0.5094,0.7037,0.591
Baseline,0.723,0.5098,0.7037,0.5913
Baseline,0.723,0.5094,0.7027,0.5907
Baseline,0.723,0.5098,0.7027,0.5909
Baseline,0.723,0.5094,0.7017,0.5903
Baseline,0.723,0.5098,0.7017,0.5906
Baseline,0.723,0.5094,0.7006,0.5899
Baseline,0.724,0.5091,0.6996,0.5893
Baseline,0.724,0.5087,0.6985,0.5887
Baseline,0.724,0.5091,0.6985,0.589
Baseline,0.724,0.5087,0.6975,0.5883
Baseline,0.724,0.5083,0.6965,0.5877
Baseline,0.725,0.5087,0.6965,0.588
Baseline,0.725,0.5084,0.6954,0.5874
Baseline,0.725,0.5087,0.6954,0.5876
Baseline,0.725,0.5084,0.6944,0.587
Baseline,0.725,0.5088,0.6944,0.5873
Baseline,0.725,0.5084,0.6933,0.5866
Baseline,0.725,0.508,0.6923,0.586
Baseline,0.725,0.5084,0.6923,0.5863
Baseline,0.725,0.508,0.6913,0.5856
Baseline,0.725,0.5076,0.6902,0.585
Baseline,0.725,0.5073,0.6892,0.5844
Baseline,0.725,0.5069,0.6881,0.5838
Baseline,0.725,0.5065,0.6871,0.5831
Baseline,0.725,0.5061,0.6861,0.5825
Baseline,0.725,0.5058,0.685,0.5819
Baseline,0.726,0.5054,0.684,0.5813
Baseline,0.726,0.5058,0.684,0.5815
Baseline,0.726,0.5062,0.684,0.5818
Baseline,0.726,0.5065,0.684,0.582
Baseline,0.726,0.5062,0.683,0.5814
Baseline,0.726,0.5058,0.6819,0.5808
Baseline,0.726,0.5054,0.6809,0.5802
Baseline,0.726,0.505,0.6798,0.5795
Baseline,0.726,0.5046,0.6788,0.5789
Baseline,0.727,0.505,0.6788,0.5792
Baseline,0.727,0.5046,0.6778,0.5785
Baseline,0.727,0.5043,0.6767,0.5779
Baseline,0.727,0.5039,0.6757,0.5773
Baseline,0.727,0.5043,0.6757,0.5775
Baseline,0.727,0.5047,0.6757,0.5778
Baseline,0.727,0.5051,0.6757,0.578
Baseline,0.728,0.5047,0.6746,0.5774
Baseline,0.728,0.5051,0.6746,0.5777
Baseline,0.728,0.5047,0.6736,0.577
Baseline,0.729,0.5043,0.6726,0.5764
Baseline,0.729,0.5039,0.6715,0.5758
Baseline,0.729,0.5043,0.6715,0.576
Baseline,0.729,0.5039,0.6705,0.5754
Baseline,0.729,0.5043,0.6705,0.5756
Baseline,0.73,0.5047,0.6705,0.5759
Baseline,0.73,0.5043,0.6694,0.5753
Baseline,0.73,0.5039,0.6684,0.5746
Baseline,0.73,0.5035,0.6674,0.574
Baseline,0.73,0.5031,0.6663,0.5733
Baseline,0.73,0.5035,0.6663,0.5736
Baseline,0.731,0.5031,0.6653,0.573
Baseline,0.731,0.5035,0.6653,0.5732
Baseline,0.731,0.5031,0.6642,0.5726
Baseline,0.731,0.5028,0.6632,0.5719
Baseline,0.731,0.5032,0.6632,0.5722
Baseline,0.731,0.5028,0.6622,0.5716
Baseline,0.731,0.5024,0.6611,0.5709
Baseline,0.732,0.5028,0.6611,0.5712
Baseline,0.732,0.5032,0.6611,0.5714
Baseline,0.732,0.5028,0.6601,0.5708
Baseline,0.732,0.5024,0.659,0.5701
Baseline,0.732,0.5028,0.659,0.5704
Baseline,0.732,0.5032,0.659,0.5707
Baseline,0.732,0.5028,0.658,0.57
Baseline,0.732,0.5024,0.657,0.5694
Baseline,0.732,0.502,0.6559,0.5687
Baseline,0.732,0.5024,0.6559,0.569
Baseline,0.732,0.502,0.6549,0.5683
Baseline,0.732,0.5016,0.6538,0.5677
Baseline,0.732,0.502,0.6538,0.5679
Baseline,0.733,0.5024,0.6538,0.5682
Baseline,0.733,0.5028,0.6538,0.5685
Baseline,0.733,0.5032,0.6538,0.5687
Baseline,0.733,0.5028,0.6528,0.5681
Baseline,0.733,0.5024,0.6518,0.5674
Baseline,0.733,0.5028,0.6518,0.5677
Baseline,0.733,0.5032,0.6518,0.5679
Baseline,0.734,0.5028,0.6507,0.5673
Baseline,0.734,0.5032,0.6507,0.5675
Baseline,0.734,0.5028,0.6497,0.5669
Baseline,0.734,0.5032,0.6497,0.5672
Baseline,0.734,0.5036,0.6497,0.5674
Baseline,0.734,0.504,0.6497,0.5677
Baseline,0.734,0.5044,0.6497,0.5679
Baseline,0.734,0.5048,0.6497,0.5682
Baseline,0.734,0.5044,0.6486,0.5675
Baseline,0.734,0.504,0.6476,0.5669
Baseline,0.735,0.5036,0.6466,0.5662
Baseline,0.735,0.5032,0.6455,0.5656
Baseline,0.735,0.5028,0.6445,0.5649
Baseline,0.735,0.5024,0.6435,0.5643
Baseline,0.736,0.5028,0.6435,0.5645
Baseline,0.736,0.5033,0.6435,0.5648
Baseline,0.736,0.5037,0.6435,0.565
Baseline,0.736,0.5033,0.6424,0.5644
Baseline,0.736,0.5037,0.6424,0.5646
Baseline,0.736,0.5033,0.6414,0.564
Baseline,0.736,0.5037,0.6414,0.5642
Baseline,0.737,0.5033,0.6403,0.5636
Baseline,0.737,0.5029,0.6393,0.5629
Baseline,0.737,0.5033,0.6393,0.5632
Baseline,0.737,0.5037,0.6393,0.5634
Baseline,0.737,0.5033,0.6383,0.5628
Baseline,0.738,0.5037,0.6383,0.563
Baseline,0.738,0.5033,0.6372,0.5624
Baseline,0.738,0.5029,0.6362,0.5617
Baseline,0.738,0.5025,0.6351,0.5611
Baseline,0.738,0.5021,0.6341,0.5604
Baseline,0.738,0.5025,0.6341,0.5607
Baseline,0.738,0.5029,0.6341,0.5609
Baseline,0.738,0.5033,0.6341,0.5612
Baseline,0.739,0.5037,0.6341,0.5614
Baseline,0.739,0.5033,0.6331,0.5608
Baseline,0.739,0.5029,0.632,0.5601
Baseline,0.739,0.5025,0.631,0.5594
Baseline,0.739,0.5021,0.6299,0.5588
Baseline,0.739,0.5025,0.6299,0.559
Baseline,0.74,0.5021,0.6289,0.5584
Baseline,0.74,0.5017,0.6279,0.5577
Baseline,0.74,0.5012,0.6268,0.557
Baseline,0.74,0.5017,0.6268,0.5573
Baseline,0.74,0.5012,0.6258,0.5566
Baseline,0.74,0.5008,0.6247,0.556
Baseline,0.74,0.5004,0.6237,0.5553
Baseline,0.74,0.5,0.6227,0.5546
Baseline,0.74,0.4996,0.6216,0.554
Baseline,0.74,0.4992,0.6206,0.5533
Baseline,0.74,0.4987,0.6195,0.5526
Baseline,0.741,0.4983,0.6185,0.5519
Baseline,0.741,0.4987,0.6185,0.5522
Baseline,0.741,0.4992,0.6185,0.5525
Baseline,0.741,0.4987,0.6175,0.5518
Baseline,0.741,0.4983,0.6164,0.5511
Baseline,0.741,0.4979,0.6154,0.5504
Baseline,0.741,0.4975,0.6143,0.5498
Baseline,0.741,0.4979,0.6143,0.55
Baseline,0.742,0.4983,0.6143,0.5503
Baseline,0.742,0.4979,0.6133,0.5496
Baseline,0.742,0.4983,0.6133,0.5499
Baseline,0.742,0.4979,0.6123,0.5492
Baseline,0.742,0.4975,0.6112,0.5485
Baseline,0.742,0.497,0.6102,0.5478
Baseline,0.742,0.4975,0.6102,0.5481
Baseline,0.743,0.497,0.6091,0.5474
Baseline,0.743,0.4966,0.6081,0.5467
Baseline,0.743,0.4962,0.6071,0.546
Baseline,0.743,0.4957,0.606,0.5454
Baseline,0.743,0.4953,0.605,0.5447
Baseline,0.743,0.4949,0.604,0.544
Baseline,0.743,0.4945,0.6029,0.5433
Baseline,0.743,0.4949,0.6029,0.5436
Baseline,0.743,0.4944,0.6019,0.5429
Baseline,0.743,0.4949,0.6019,0.5432
Baseline,0.744,0.4944,0.6008,0.5425
Baseline,0.744,0.4949,0.6008,0.5427
Baseline,0.744,0.4944,0.5998,0.542
Baseline,0.744,0.4949,0.5998,0.5423
Baseline,0.745,0.4953,0.5998,0.5425
Baseline,0.745,0.4957,0.5998,0.5428
Baseline,0.745,0.4961,0.5998,0.5431
Baseline,0.745,0.4966,0.5998,0.5433
Baseline,0.746,0.4961,0.5988,0.5426
Baseline,0.746,0.4957,0.5977,0.5419
Baseline,0.746,0.4953,0.5967,0.5413
Baseline,0.746,0.4948,0.5956,0.5406
Baseline,0.746,0.4952,0.5956,0.5408
Baseline,0.746,0.4948,0.5946,0.5401
Baseline,0.746,0.4952,0.5946,0.5404
Baseline,0.747,0.4957,0.5946,0.5406
Baseline,0.747,0.4952,0.5936,0.54
Baseline,0.747,0.4957,0.5936,0.5402
Baseline,0.747,0.4961,0.5936,0.5405
Baseline,0.747,0.4957,0.5925,0.5398
Baseline,0.747,0.4952,0.5915,0.5391
Baseline,0.747,0.4948,0.5904,0.5384
Baseline,0.747,0.4952,0.5904,0.5386
Baseline,0.748,0.4948,0.5894,0.538
Baseline,0.748,0.4943,0.5884,0.5373
Baseline,0.748,0.4939,0.5873,0.5366
Baseline,0.748,0.4934,0.5863,0.5359
Baseline,0.748,0.493,0.5852,0.5352
Baseline,0.748,0.4926,0.5842,0.5345
Baseline,0.748,0.4921,0.5832,0.5338
Baseline,0.748,0.4917,0.5821,0.5331
Baseline,0.748,0.4912,0.5811,0.5324
Baseline,0.748,0.4916,0.5811,0.5326
Baseline,0.749,0.4921,0.5811,0.5329
Baseline,0.749,0.4916,0.58,0.5322
Baseline,0.749,0.4921,0.58,0.5324
Baseline,0.749,0.4925,0.58,0.5327
Baseline,0.749,0.492,0.579,0.532
Baseline,0.749,0.4916,0.578,0.5313
Baseline,0.749,0.4912,0.5769,0.5306
Baseline,0.749,0.4916,0.5769,0.5308
Baseline,0.749,0.4911,0.5759,0.5301
Baseline,0.749,0.4907,0.5748,0.5294
Baseline,0.749,0.4902,0.5738,0.5287
Baseline,0.75,0.4898,0.5728,0.528
Baseline,0.75,0.4893,0.5717,0.5273
Baseline,0.75,0.4898,0.5717,0.5276
Baseline,0.75,0.4893,0.5707,0.5269
Baseline,0.75,0.4897,0.5707,0.5271
Baseline,0.75,0.4902,0.5707,0.5274
Baseline,0.75,0.4897,0.5696,0.5267
Baseline,0.75,0.4902,0.5696,0.5269
Baseline,0.75,0.4906,0.5696,0.5272
Baseline,0.75,0.491,0.5696,0.5274
Baseline,0.75,0.4906,0.5686,0.5267
Baseline,0.75,0.4901,0.5676,0.526
Baseline,0.751,0.4906,0.5676,0.5263
Baseline,0.751,0.491,0.5676,0.5265
Baseline,0.751,0.4905,0.5665,0.5258
Baseline,0.751,0.491,0.5665,0.5261
Baseline,0.751,0.4905,0.5655,0.5254
Baseline,0.751,0.491,0.5655,0.5256
Baseline,0.751,0.4914,0.5655,0.5259
Baseline,0.751,0.4919,0.5655,0.5261
Baseline,0.751,0.4914,0.5644,0.5254
Baseline,0.751,0.4918,0.5644,0.5257
Baseline,0.751,0.4923,0.5644,0.5259
Baseline,0.751,0.4918,0.5634,0.5252
Baseline,0.752,0.4914,0.5624,0.5245
Baseline,0.752,0.4918,0.5624,0.5247
Baseline,0.752,0.4914,0.5613,0.524
Baseline,0.752,0.4909,0.5603,0.5233
Baseline,0.752,0.4913,0.5603,0.5236
Baseline,0.752,0.4918,0.5603,0.5238
Baseline,0.752,0.4922,0.5603,0.5241
Baseline,0.752,0.4918,0.5593,0.5233
Baseline,0.752,0.4922,0.5593,0.5236
Baseline,0.753,0.4918,0.5582,0.5229
Baseline,0.753,0.4913,0.5572,0.5222
Baseline,0.753,0.4908,0.5561,0.5214
Baseline,0.753,0.4904,0.5551,0.5207
Baseline,0.753,0.4899,0.5541,0.52
Baseline,0.753,0.4894,0.553,0.5193
Baseline,0.753,0.489,0.552,0.5186
Baseline,0.753,0.4885,0.5509,0.5178
Baseline,0.753,0.488,0.5499,0.5171
Baseline,0.754,0.4885,0.5499,0.5174
Baseline,0.754,0.488,0.5489,0.5166
Baseline,0.754,0.4875,0.5478,0.5159
Baseline,0.754,0.487,0.5468,0.5152
Baseline,0.754,0.4866,0.5457,0.5145
Baseline,0.754,0.4861,0.5447,0.5137
Baseline,0.754,0.4856,0.5437,0.513
Baseline,0.755,0.4851,0.5426,0.5123
Baseline,0.755,0.4856,0.5426,0.5125
Baseline,0.755,0.4851,0.5416,0.5118
Baseline,0.755,0.4856,0.5416,0.512
Baseline,0.755,0.486,0.5416,0.5123
Baseline,0.755,0.4865,0.5416,0.5125
Baseline,0.755,0.486,0.5405,0.5118
Baseline,0.755,0.4855,0.5395,0.5111
Baseline,0.755,0.485,0.5385,0.5103
Baseline,0.755,0.4855,0.5385,0.5106
Baseline,0.755,0.485,0.5374,0.5099
Baseline,0.755,0.4845,0.5364,0.5091
Baseline,0.756,0.485,0.5364,0.5094
Baseline,0.756,0.4845,0.5353,0.5086
Baseline,0.756,0.4849,0.5353,0.5089
Baseline,0.756,0.4844,0.5343,0.5082
Baseline,0.756,0.484,0.5333,0.5074
Baseline,0.756,0.4835,0.5322,0.5067
Baseline,0.756,0.483,0.5312,0.5059
Baseline,0.757,0.4825,0.5301,0.5052
Baseline,0.757,0.482,0.5291,0.5045
Baseline,0.757,0.4815,0.5281,0.5037
Baseline,0.758,0.481,0.527,0.503
Baseline,0.758,0.4805,0.526,0.5022
Baseline,0.758,0.481,0.526,0.5025
Baseline,0.758,0.4814,0.526,0.5027
Baseline,0.758,0.4819,0.526,0.503
Baseline,0.758,0.4814,0.5249,0.5022
Baseline,0.758,0.4809,0.5239,0.5015
Baseline,0.758,0.4804,0.5229,0.5007
Baseline,0.758,0.4799,0.5218,0.5
Baseline,0.758,0.4794,0.5208,0.4993
Baseline,0.759,0.4799,0.5208,0.4995
Baseline,0.759,0.4803,0.5208,0.4998
Baseline,0.759,0.4798,0.5198,0.499
Baseline,0.759,0.4803,0.5198,0.4993
Baseline,0.759,0.4798,0.5187,0.4985
Baseline,0.759,0.4803,0.5187,0.4988
Baseline,0.759,0.4798,0.5177,0.498
Baseline,0.759,0.4802,0.5177,0.4982
Baseline,0.76,0.4807,0.5177,0.4985
Baseline,0.76,0.4812,0.5177,0.4987
Baseline,0.76,0.4807,0.5166,0.498
Baseline,0.76,0.4802,0.5156,0.4972
Baseline,0.76,0.4797,0.5146,0.4965
Baseline,0.76,0.4801,0.5146,0.4967
Baseline,0.76,0.4806,0.5146,0.497
Baseline,0.761,0.481,0.5146,0.4972
Baseline,0.761,0.4805,0.5135,0.4965
Baseline,0.761,0.48,0.5125,0.4957
Baseline,0.761,0.4795,0.5114,0.495
Baseline,0.761,0.48,0.5114,0.4952
Baseline,0.761,0.4795,0.5104,0.4945
Baseline,0.761,0.48,0.5104,0.4947
Baseline,0.761,0.4804,0.5104,0.495
Baseline,0.761,0.4799,0.5094,0.4942
Baseline,0.761,0.4804,0.5094,0.4945
Baseline,0.761,0.4809,0.5094,0.4947
Baseline,0.762,0.4804,0.5083,0.4939
Baseline,0.762,0.4798,0.5073,0.4932
Baseline,0.762,0.4803,0.5073,0.4934
Baseline,0.762,0.4798,0.5062,0.4927
Baseline,0.762,0.4803,0.5062,0.4929
Baseline,0.762,0.4808,0.5062,0.4932
Baseline,0.762,0.4802,0.5052,0.4924
Baseline,0.762,0.4807,0.5052,0.4927
Baseline,0.763,0.4802,0.5042,0.4919
Baseline,0.763,0.4797,0.5031,0.4911
Baseline,0.763,0.4792,0.5021,0.4904
Baseline,0.763,0.4786,0.501,0.4896
Baseline,0.763,0.4791,0.501,0.4898
Baseline,0.763,0.4786,0.5,0.4891
Baseline,0.763,0.4781,0.499,0.4883
Baseline,0.763,0.4786,0.499,0.4885
Baseline,0.763,0.478,0.4979,0.4878
Baseline,0.763,0.4775,0.4969,0.487
Baseline,0.763,0.477,0.4958,0.4862
Baseline,0.763,0.4765,0.4948,0.4855
Baseline,0.763,0.477,0.4948,0.4857
Baseline,0.763,0.4774,0.4948,0.486
Baseline,0.763,0.4769,0.4938,0.4852
Baseline,0.764,0.4774,0.4938,0.4854
Baseline,0.764,0.4769,0.4927,0.4847
Baseline,0.764,0.4763,0.4917,0.4839
Baseline,0.764,0.4768,0.4917,0.4841
Baseline,0.764,0.4773,0.4917,0.4844
Baseline,0.764,0.4778,0.4917,0.4846
Baseline,0.764,0.4772,0.4906,0.4839
Baseline,0.764,0.4767,0.4896,0.4831
Baseline,0.765,0.4762,0.4886,0.4823
Baseline,0.765,0.4767,0.4886,0.4825
Baseline,0.765,0.4761,0.4875,0.4818
Baseline,0.765,0.4766,0.4875,0.482
Baseline,0.765,0.4761,0.4865,0.4812
Baseline,0.765,0.4766,0.4865,0.4815
Baseline,0.765,0.4771,0.4865,0.4817
Baseline,0.765,0.4776,0.4865,0.482
Baseline,0.766,0.477,0.4854,0.4812
Baseline,0.766,0.4775,0.4854,0.4814
Baseline,0.766,0.477,0.4844,0.4807
Baseline,0.767,0.4764,0.4834,0.4799
Baseline,0.767,0.4759,0.4823,0.4791
Baseline,0.767,0.4754,0.4813,0.4783
Baseline,0.767,0.4748,0.4802,0.4775
Baseline,0.767,0.4743,0.4792,0.4767
Baseline,0.767,0.4737,0.4782,0.4759
Baseline,0.767,0.4732,0.4771,0.4752
Baseline,0.768,0.4727,0.4761,0.4744
Baseline,0.768,0.4731,0.4761,0.4746
Baseline,0.768,0.4726,0.4751,0.4738
Baseline,0.768,0.472,0.474,0.473
Baseline,0.768,0.4725,0.474,0.4733
Baseline,0.768,0.472,0.473,0.4725
Baseline,0.768,0.4714,0.4719,0.4717
Baseline,0.768,0.4719,0.4719,0.4719
Baseline,0.769,0.4714,0.4709,0.4711
Baseline,0.769,0.4719,0.4709,0.4714
Baseline,0.769,0.4724,0.4709,0.4716
Baseline,0.769,0.4718,0.4699,0.4708
Baseline,0.769,0.4713,0.4688,0.47
Baseline,0.769,0.4718,0.4688,0.4703
Baseline,0.769,0.4723,0.4688,0.4705
Baseline,0.769,0.4717,0.4678,0.4697
Baseline,0.769,0.4722,0.4678,0.47
Baseline,0.769,0.4727,0.4678,0.4702
Baseline,0.769,0.4721,0.4667,0.4694
Baseline,0.769,0.4726,0.4667,0.4697
Baseline,0.769,0.4731,0.4667,0.4699
Baseline,0.77,0.4726,0.4657,0.4691
Baseline,0.77,0.4731,0.4657,0.4694
Baseline,0.77,0.4736,0.4657,0.4696
Baseline,0.77,0.473,0.4647,0.4688
Baseline,0.77,0.4735,0.4647,0.469
Baseline,0.77,0.473,0.4636,0.4682
Baseline,0.77,0.4735,0.4636,0.4685
Baseline,0.77,0.474,0.4636,0.4687
Baseline,0.77,0.4734,0.4626,0.4679
Baseline,0.77,0.4728,0.4615,0.4671
Baseline,0.771,0.4723,0.4605,0.4663
Baseline,0.771,0.4717,0.4595,0.4655
Baseline,0.771,0.4722,0.4595,0.4658
Baseline,0.771,0.4717,0.4584,0.4649
Baseline,0.771,0.4722,0.4584,0.4652
Baseline,0.771,0.4727,0.4584,0.4654
Baseline,0.771,0.4721,0.4574,0.4646
Baseline,0.771,0.4715,0.4563,0.4638
Baseline,0.772,0.471,0.4553,0.463
Baseline,0.772,0.4704,0.4543,0.4622
Baseline,0.772,0.4709,0.4543,0.4624
Baseline,0.772,0.4703,0.4532,0.4616
Baseline,0.772,0.4698,0.4522,0.4608
Baseline,0.772,0.4692,0.4511,0.46
Baseline,0.772,0.4686,0.4501,0.4592
Baseline,0.772,0.4691,0.4501,0.4594
Baseline,0.772,0.4685,0.4491,0.4586
Baseline,0.772,0.4691,0.4491,0.4588
Baseline,0.772,0.4685,0.448,0.458
Baseline,0.772,0.4679,0.447,0.4572
Baseline,0.772,0.4673,0.4459,0.4564
Baseline,0.772,0.4678,0.4459,0.4566
Baseline,0.772,0.4683,0.4459,0.4569
Baseline,0.773,0.4678,0.4449,0.456
Baseline,0.773,0.4683,0.4449,0.4563
Baseline,0.773,0.4677,0.4439,0.4555
Baseline,0.773,0.4682,0.4439,0.4557
Baseline,0.773,0.4676,0.4428,0.4549
Baseline,0.773,0.467,0.4418,0.4541
Baseline,0.774,0.4675,0.4418,0.4543
Baseline,0.774,0.467,0.4407,0.4535
Baseline,0.774,0.4675,0.4407,0.4537
Baseline,0.774,0.4669,0.4397,0.4529
Baseline,0.774,0.4663,0.4387,0.4521
Baseline,0.774,0.4668,0.4387,0.4523
Baseline,0.774,0.4662,0.4376,0.4515
Baseline,0.775,0.4667,0.4376,0.4517
Baseline,0.775,0.4673,0.4376,0.452
Baseline,0.775,0.4678,0.4376,0.4522
Baseline,0.775,0.4672,0.4366,0.4514
Baseline,0.775,0.4677,0.4366,0.4516
Baseline,0.775,0.4682,0.4366,0.4519
Baseline,0.775,0.4676,0.4356,0.451
Baseline,0.775,0.467,0.4345,0.4502
Baseline,0.775,0.4676,0.4345,0.4504
Baseline,0.775,0.467,0.4335,0.4496
Baseline,0.775,0.4664,0.4324,0.4488
Baseline,0.776,0.4658,0.4314,0.4479
Baseline,0.776,0.4663,0.4314,0.4482
Baseline,0.776,0.4657,0.4304,0.4473
Baseline,0.776,0.4651,0.4293,0.4465
Baseline,0.776,0.4645,0.4283,0.4456
Baseline,0.776,0.465,0.4283,0.4459
Baseline,0.776,0.4655,0.4283,0.4461
Baseline,0.776,0.4649,0.4272,0.4453
Baseline,0.776,0.4655,0.4272,0.4455
Baseline,0.776,0.4649,0.4262,0.4447
Baseline,0.776,0.4654,0.4262,0.4449
Baseline,0.776,0.4659,0.4262,0.4452
Baseline,0.776,0.4664,0.4262,0.4454
Baseline,0.777,0.467,0.4262,0.4457
Baseline,0.777,0.4664,0.4252,0.4448
Baseline,0.777,0.4669,0.4252,0.445
Baseline,0.777,0.4674,0.4252,0.4453
Baseline,0.777,0.468,0.4252,0.4455
Baseline,0.778,0.4685,0.4252,0.4458
Baseline,0.778,0.469,0.4252,0.446
Baseline,0.778,0.4696,0.4252,0.4463
Baseline,0.778,0.4701,0.4252,0.4465
Baseline,0.778,0.4695,0.4241,0.4457
Baseline,0.778,0.4689,0.4231,0.4448
Baseline,0.778,0.4683,0.422,0.444
Baseline,0.778,0.4677,0.421,0.4431
Baseline,0.778,0.4671,0.42,0.4423
Baseline,0.778,0.4664,0.4189,0.4414
Baseline,0.778,0.467,0.4189,0.4416
Baseline,0.778,0.4675,0.4189,0.4419
Baseline,0.778,0.4681,0.4189,0.4421
Baseline,0.779,0.4686,0.4189,0.4424
Baseline,0.779,0.468,0.4179,0.4415
Baseline,0.779,0.4685,0.4179,0.4418
Baseline,0.779,0.4679,0.4168,0.4409
Baseline,0.779,0.4685,0.4168,0.4411
Baseline,0.779,0.469,0.4168,0.4414
Baseline,0.779,0.4684,0.4158,0.4405
Baseline,0.779,0.4678,0.4148,0.4397
Baseline,0.779,0.4671,0.4137,0.4388
Baseline,0.779,0.4665,0.4127,0.4379
Baseline,0.779,0.4659,0.4116,0.4371
Baseline,0.779,0.4653,0.4106,0.4362
Baseline,0.779,0.4646,0.4096,0.4354
Baseline,0.779,0.464,0.4085,0.4345
Baseline,0.779,0.4634,0.4075,0.4336
Baseline,0.78,0.4627,0.4064,0.4328
Baseline,0.78,0.4621,0.4054,0.4319
Baseline,0.78,0.4626,0.4054,0.4321
Baseline,0.78,0.462,0.4044,0.4313
Baseline,0.78,0.4625,0.4044,0.4315
Baseline,0.78,0.4631,0.4044,0.4317
Baseline,0.78,0.4625,0.4033,0.4309
Baseline,0.78,0.463,0.4033,0.4311
Baseline,0.78,0.4636,0.4033,0.4314
Baseline,0.781,0.4629,0.4023,0.4305
Baseline,0.781,0.4635,0.4023,0.4307
Baseline,0.781,0.464,0.4023,0.431
Baseline,0.781,0.4646,0.4023,0.4312
Baseline,0.781,0.4651,0.4023,0.4314
Baseline,0.781,0.4645,0.4012,0.4306
Baseline,0.781,0.4639,0.4002,0.4297
Baseline,0.781,0.4644,0.4002,0.4299
Baseline,0.781,0.465,0.4002,0.4302
Baseline,0.781,0.4643,0.3992,0.4293
Baseline,0.781,0.4649,0.3992,0.4295
Baseline,0.781,0.4655,0.3992,0.4298
Baseline,0.782,0.466,0.3992,0.43
Baseline,0.782,0.4654,0.3981,0.4291
Baseline,0.782,0.4659,0.3981,0.4294
Baseline,0.782,0.4653,0.3971,0.4285
Baseline,0.782,0.4659,0.3971,0.4287
Baseline,0.782,0.4652,0.396,0.4278
Baseline,0.782,0.4658,0.396,0.4281
Baseline,0.782,0.4651,0.395,0.4272
Baseline,0.782,0.4657,0.395,0.4274
Baseline,0.782,0.465,0.394,0.4266
Baseline,0.783,0.4644,0.3929,0.4257
Baseline,0.783,0.4649,0.3929,0.4259
Baseline,0.783,0.4655,0.3929,0.4262
Baseline,0.783,0.4661,0.3929,0.4264
Baseline,0.783,0.4654,0.3919,0.4255
Baseline,0.783,0.466,0.3919,0.4257
Baseline,0.783,0.4653,0.3909,0.4249
Baseline,0.784,0.4659,0.3909,0.4251
Baseline,0.784,0.4653,0.3898,0.4242
Baseline,0.784,0.4658,0.3898,0.4244
Baseline,0.784,0.4652,0.3888,0.4236
Baseline,0.784,0.4658,0.3888,0.4238
Baseline,0.784,0.4663,0.3888,0.424
Baseline,0.784,0.4657,0.3877,0.4231
Baseline,0.784,0.4662,0.3877,0.4234
Baseline,0.785,0.4668,0.3877,0.4236
Baseline,0.785,0.4662,0.3867,0.4227
Baseline,0.785,0.4668,0.3867,0.423
Baseline,0.785,0.4661,0.3857,0.4221
Baseline,0.785,0.4654,0.3846,0.4212
Baseline,0.785,0.4647,0.3836,0.4203
Baseline,0.785,0.4653,0.3836,0.4205
Baseline,0.785,0.4646,0.3825,0.4196
Baseline,0.786,0.464,0.3815,0.4187
Baseline,0.786,0.4646,0.3815,0.4189
Baseline,0.786,0.4651,0.3815,0.4192
Baseline,0.786,0.4657,0.3815,0.4194
Baseline,0.786,0.4663,0.3815,0.4197
Baseline,0.786,0.4669,0.3815,0.4199
Baseline,0.786,0.4675,0.3815,0.4201
Baseline,0.786,0.4668,0.3805,0.4192
Baseline,0.787,0.4674,0.3805,0.4195
Baseline,0.787,0.4668,0.3794,0.4186
Baseline,0.787,0.4661,0.3784,0.4177
Baseline,0.787,0.4654,0.3773,0.4168
Baseline,0.787,0.4647,0.3763,0.4159
Baseline,0.787,0.4653,0.3763,0.4161
Baseline,0.787,0.4659,0.3763,0.4163
Baseline,0.787,0.4665,0.3763,0.4166
Baseline,0.788,0.4658,0.3753,0.4157
Baseline,0.788,0.4664,0.3753,0.4159
Baseline,0.788,0.4657,0.3742,0.415
Baseline,0.788,0.4663,0.3742,0.4152
Baseline,0.788,0.4656,0.3732,0.4143
Baseline,0.788,0.4662,0.3732,0.4145
Baseline,0.788,0.4655,0.3721,0.4136
Baseline,0.788,0.4661,0.3721,0.4139
Baseline,0.788,0.4668,0.3721,0.4141
Baseline,0.788,0.4674,0.3721,0.4144
Baseline,0.788,0.4667,0.3711,0.4134
Baseline,0.788,0.466,0.3701,0.4125
Baseline,0.789,0.4666,0.3701,0.4128
Baseline,0.789,0.4659,0.369,0.4118
Baseline,0.789,0.4652,0.368,0.4109
Baseline,0.789,0.4645,0.3669,0.41
Baseline,0.789,0.4638,0.3659,0.4091
Baseline,0.79,0.4644,0.3659,0.4093
Baseline,0.79,0.4637,0.3649,0.4084
Baseline,0.79,0.463,0.3638,0.4075
Baseline,0.79,0.4636,0.3638,0.4077
Baseline,0.79,0.4629,0.3628,0.4068
Baseline,0.79,0.4635,0.3628,0.407
Baseline,0.79,0.4628,0.3617,0.4061
Baseline,0.79,0.4634,0.3617,0.4063
Baseline,0.79,0.4627,0.3607,0.4054
Baseline,0.791,0.4633,0.3607,0.4056
Baseline,0.791,0.4626,0.3597,0.4047
Baseline,0.791,0.4632,0.3597,0.4049
Baseline,0.791,0.4625,0.3586,0.404
Baseline,0.791,0.4617,0.3576,0.403
Baseline,0.791,0.461,0.3565,0.4021
Baseline,0.791,0.4616,0.3565,0.4023
Baseline,0.791,0.4609,0.3555,0.4014
Baseline,0.791,0.4602,0.3545,0.4005
Baseline,0.792,0.4608,0.3545,0.4007
Baseline,0.792,0.4601,0.3534,0.3998
Baseline,0.792,0.4593,0.3524,0.3988
Baseline,0.792,0.46,0.3524,0.3991
Baseline,0.792,0.4606,0.3524,0.3993
Baseline,0.792,0.4612,0.3524,0.3995
Baseline,0.792,0.4619,0.3524,0.3998
Baseline,0.792,0.4611,0.3514,0.3988
Baseline,0.792,0.4604,0.3503,0.3979
Baseline,0.792,0.461,0.3503,0.3981
Baseline,0.793,0.4603,0.3493,0.3972
Baseline,0.793,0.4609,0.3493,0.3974
Baseline,0.793,0.4615,0.3493,0.3976
Baseline,0.793,0.4622,0.3493,0.3979
Baseline,0.793,0.4614,0.3482,0.3969
Baseline,0.793,0.4607,0.3472,0.396
Baseline,0.793,0.4599,0.3462,0.395
Baseline,0.793,0.4592,0.3451,0.3941
Baseline,0.793,0.4584,0.3441,0.3931
Baseline,0.794,0.4577,0.343,0.3922
Baseline,0.794,0.4583,0.343,0.3924
Baseline,0.794,0.459,0.343,0.3926
Baseline,0.794,0.4596,0.343,0.3929
Baseline,0.794,0.4589,0.342,0.3919
Baseline,0.794,0.4595,0.342,0.3921
Baseline,0.794,0.4601,0.342,0.3924
Baseline,0.794,0.4608,0.342,0.3926
Baseline,0.794,0.46,0.341,0.3916
Baseline,0.794,0.4607,0.341,0.3919
Baseline,0.795,0.4613,0.341,0.3921
Baseline,0.795,0.462,0.341,0.3923
Baseline,0.795,0.4612,0.3399,0.3914
Baseline,0.795,0.4619,0.3399,0.3916
Baseline,0.795,0.4625,0.3399,0.3919
Baseline,0.795,0.4618,0.3389,0.3909
Baseline,0.795,0.461,0.3378,0.3899
Baseline,0.795,0.4616,0.3378,0.3902
Baseline,0.795,0.4623,0.3378,0.3904
Baseline,0.795,0.4615,0.3368,0.3894
Baseline,0.795,0.4608,0.3358,0.3885
Baseline,0.795,0.4614,0.3358,0.3887
Baseline,0.795,0.4607,0.3347,0.3877
Baseline,0.796,0.4613,0.3347,0.388
Baseline,0.796,0.4605,0.3337,0.387
Baseline,0.796,0.4612,0.3337,0.3872
Baseline,0.796,0.4619,0.3337,0.3874
Baseline,0.796,0.4625,0.3337,0.3877
Baseline,0.796,0.4618,0.3326,0.3867
Baseline,0.796,0.461,0.3316,0.3857
Baseline,0.796,0.4602,0.3306,0.3848
Baseline,0.796,0.4609,0.3306,0.385
Baseline,0.796,0.4601,0.3295,0.384
Baseline,0.796,0.4593,0.3285,0.383
Baseline,0.797,0.46,0.3285,0.3833
Baseline,0.797,0.4606,0.3285,0.3835
Baseline,0.797,0.4613,0.3285,0.3837
Baseline,0.797,0.4605,0.3274,0.3827
Baseline,0.797,0.4597,0.3264,0.3818
Baseline,0.798,0.4589,0.3254,0.3808
Baseline,0.798,0.4581,0.3243,0.3798
Baseline,0.798,0.4588,0.3243,0.38
Baseline,0.798,0.458,0.3233,0.379
Baseline,0.798,0.4587,0.3233,0.3793
Baseline,0.798,0.4594,0.3233,0.3795
Baseline,0.798,0.4601,0.3233,0.3797
Baseline,0.798,0.4593,0.3222,0.3787
Baseline,0.798,0.4599,0.3222,0.379
Baseline,0.798,0.4591,0.3212,0.378
Baseline,0.798,0.4598,0.3212,0.3782
Baseline,0.798,0.459,0.3202,0.3772
Baseline,0.798,0.4597,0.3202,0.3775
Baseline,0.799,0.4604,0.3202,0.3777
Baseline,0.799,0.4596,0.3191,0.3767
Baseline,0.799,0.4588,0.3181,0.3757
Baseline,0.799,0.4595,0.3181,0.3759
Baseline,0.8,0.4586,0.317,0.3749
Baseline,0.8,0.4593,0.317,0.3752
Baseline,0.8,0.4585,0.316,0.3742
Baseline,0.8,0.4577,0.315,0.3732
Baseline,0.8,0.4584,0.315,0.3734
Baseline,0.8,0.4576,0.3139,0.3724
Baseline,0.8,0.4568,0.3129,0.3714
Baseline,0.8,0.4559,0.3119,0.3704
Baseline,0.8,0.4551,0.3108,0.3694
Baseline,0.8,0.4543,0.3098,0.3684
Baseline,0.8,0.455,0.3098,0.3686
Baseline,0.8,0.4557,0.3098,0.3688
Baseline,0.8,0.4548,0.3087,0.3678
Baseline,0.8,0.454,0.3077,0.3668
Baseline,0.801,0.4531,0.3067,0.3658
Baseline,0.801,0.4523,0.3056,0.3648
Baseline,0.801,0.453,0.3056,0.365
Baseline,0.801,0.4522,0.3046,0.364
Baseline,0.801,0.4529,0.3046,0.3642
Baseline,0.801,0.452,0.3035,0.3632
Baseline,0.801,0.4527,0.3035,0.3634
Baseline,0.801,0.4534,0.3035,0.3636
Baseline,0.801,0.4541,0.3035,0.3639
Baseline,0.802,0.4533,0.3025,0.3628
Baseline,0.802,0.4524,0.3015,0.3618
Baseline,0.802,0.4516,0.3004,0.3608
Baseline,0.802,0.4523,0.3004,0.361
Baseline,0.802,0.453,0.3004,0.3612
Baseline,0.802,0.4537,0.3004,0.3615
Baseline,0.803,0.4528,0.2994,0.3605
Baseline,0.803,0.4535,0.2994,0.3607
Baseline,0.803,0.4527,0.2983,0.3596
Baseline,0.803,0.4518,0.2973,0.3586
Baseline,0.803,0.4525,0.2973,0.3588
Baseline,0.803,0.4517,0.2963,0.3578
Baseline,0.803,0.4508,0.2952,0.3568
Baseline,0.803,0.4515,0.2952,0.357
Baseline,0.803,0.4506,0.2942,0.356
Baseline,0.804,0.4498,0.2931,0.3549
Baseline,0.804,0.4489,0.2921,0.3539
Baseline,0.804,0.448,0.2911,0.3529
Baseline,0.804,0.4487,0.2911,0.3531
Baseline,0.804,0.4478,0.29,0.3521
Baseline,0.804,0.4486,0.29,0.3523
Baseline,0.804,0.4493,0.29,0.3525
Baseline,0.804,0.4484,0.289,0.3515
Baseline,0.804,0.4491,0.289,0.3517
Baseline,0.804,0.4482,0.2879,0.3506
Baseline,0.805,0.4473,0.2869,0.3496
Baseline,0.805,0.4464,0.2859,0.3485
Baseline,0.805,0.4472,0.2859,0.3488
Baseline,0.805,0.4463,0.2848,0.3477
Baseline,0.805,0.4454,0.2838,0.3467
Baseline,0.805,0.4444,0.2827,0.3456
Baseline,0.805,0.4452,0.2827,0.3458
Baseline,0.805,0.4459,0.2827,0.3461
Baseline,0.805,0.4466,0.2827,0.3463
Baseline,0.805,0.4474,0.2827,0.3465
Baseline,0.805,0.4481,0.2827,0.3467
Baseline,0.805,0.4472,0.2817,0.3457
Baseline,0.806,0.4463,0.2807,0.3446
Baseline,0.806,0.4454,0.2796,0.3436
Baseline,0.806,0.4444,0.2786,0.3425
Baseline,0.806,0.4435,0.2775,0.3414
Baseline,0.806,0.4443,0.2775,0.3417
Baseline,0.806,0.4433,0.2765,0.3406
Baseline,0.806,0.4424,0.2755,0.3395
Baseline,0.806,0.4415,0.2744,0.3385
Baseline,0.806,0.4422,0.2744,0.3387
Baseline,0.806,0.4413,0.2734,0.3376
Baseline,0.807,0.4403,0.2723,0.3365
Baseline,0.807,0.4394,0.2713,0.3355
Baseline,0.807,0.4384,0.2703,0.3344
Baseline,0.807,0.4392,0.2703,0.3346
Baseline,0.807,0.4399,0.2703,0.3348
Baseline,0.807,0.4407,0.2703,0.3351
Baseline,0.807,0.4414,0.2703,0.3353
Baseline,0.807,0.4405,0.2692,0.3342
Baseline,0.807,0.4395,0.2682,0.3331
Baseline,0.807,0.4403,0.2682,0.3333
Baseline,0.808,0.441,0.2682,0.3335
Baseline,0.808,0.4401,0.2672,0.3325
Baseline,0.808,0.4408,0.2672,0.3327
Baseline,0.808,0.4416,0.2672,0.3329
Baseline,0.808,0.4423,0.2672,0.3331
Baseline,0.808,0.4414,0.2661,0.332
Baseline,0.808,0.4404,0.2651,0.331
Baseline,0.808,0.4412,0.2651,0.3312
Baseline,0.808,0.4419,0.2651,0.3314
Baseline,0.808,0.4427,0.2651,0.3316
Baseline,0.808,0.4417,0.264,0.3305
Baseline,0.809,0.4425,0.264,0.3307
Baseline,0.809,0.4433,0.264,0.3309
Baseline,0.809,0.4423,0.263,0.3299
Baseline,0.809,0.4413,0.262,0.3288
Baseline,0.809,0.4421,0.262,0.329
Baseline,0.809,0.4411,0.2609,0.3279
Baseline,0.809,0.4419,0.2609,0.3281
Baseline,0.809,0.4427,0.2609,0.3283
Baseline,0.809,0.4417,0.2599,0.3272
Baseline,0.809,0.4425,0.2599,0.3274
Baseline,0.809,0.4415,0.2588,0.3263
Baseline,0.81,0.4423,0.2588,0.3266
Baseline,0.81,0.4413,0.2578,0.3255
Baseline,0.81,0.4403,0.2568,0.3244
Baseline,0.81,0.4411,0.2568,0.3246
Baseline,0.81,0.4419,0.2568,0.3248
Baseline,0.81,0.4409,0.2557,0.3237
Baseline,0.81,0.4399,0.2547,0.3226
Baseline,0.81,0.4388,0.2536,0.3215
Baseline,0.81,0.4396,0.2536,0.3217
Baseline,0.81,0.4386,0.2526,0.3206
Baseline,0.81,0.4394,0.2526,0.3208
Baseline,0.81,0.4384,0.2516,0.3197
Baseline,0.81,0.4374,0.2505,0.3186
Baseline,0.811,0.4382,0.2505,0.3188
Baseline,0.811,0.439,0.2505,0.319
Baseline,0.811,0.4398,0.2505,0.3192
Baseline,0.811,0.4388,0.2495,0.3181
Baseline,0.811,0.4396,0.2495,0.3183
Baseline,0.811,0.4404,0.2495,0.3185
Baseline,0.811,0.4393,0.2484,0.3174
Baseline,0.811,0.4383,0.2474,0.3163
Baseline,0.811,0.4391,0.2474,0.3165
Baseline,0.811,0.4381,0.2464,0.3154
Baseline,0.811,0.437,0.2453,0.3142
Baseline,0.812,0.4378,0.2453,0.3145
Baseline,0.812,0.4387,0.2453,0.3147
Baseline,0.812,0.4376,0.2443,0.3135
Baseline,0.812,0.4384,0.2443,0.3138
Baseline,0.812,0.4393,0.2443,0.314
Baseline,0.812,0.4382,0.2432,0.3128
Baseline,0.812,0.4371,0.2422,0.3117
Baseline,0.812,0.4361,0.2412,0.3106
Baseline,0.812,0.435,0.2401,0.3094
Baseline,0.812,0.4358,0.2401,0.3097
Baseline,0.812,0.4367,0.2401,0.3099
Baseline,0.813,0.4375,0.2401,0.3101
Baseline,0.813,0.4383,0.2401,0.3103
Baseline,0.813,0.4373,0.2391,0.3091
Baseline,0.813,0.4381,0.2391,0.3093
Baseline,0.813,0.4389,0.2391,0.3096
Baseline,0.813,0.4398,0.2391,0.3098
Baseline,0.813,0.4406,0.2391,0.31
Baseline,0.813,0.4415,0.2391,0.3102
Baseline,0.813,0.4423,0.2391,0.3104
Baseline,0.814,0.4432,0.2391,0.3106
Baseline,0.814,0.4421,0.238,0.3095
Baseline,0.814,0.4429,0.238,0.3097
Baseline,0.814,0.4438,0.238,0.3099
Baseline,0.814,0.4427,0.237,0.3087
Baseline,0.814,0.4436,0.237,0.3089
Baseline,0.814,0.4425,0.236,0.3078
Baseline,0.815,0.4434,0.236,0.308
Baseline,0.815,0.4423,0.2349,0.3069
Baseline,0.815,0.4412,0.2339,0.3057
Baseline,0.815,0.4401,0.2328,0.3046
Baseline,0.815,0.439,0.2318,0.3034
Baseline,0.815,0.4379,0.2308,0.3022
Baseline,0.815,0.4387,0.2308,0.3025
Baseline,0.815,0.4376,0.2297,0.3013
Baseline,0.816,0.4385,0.2297,0.3015
Baseline,0.816,0.4394,0.2297,0.3017
Baseline,0.816,0.4402,0.2297,0.3019
Baseline,0.816,0.4411,0.2297,0.3021
Baseline,0.816,0.442,0.2297,0.3023
Baseline,0.816,0.4429,0.2297,0.3025
Baseline,0.816,0.4418,0.2287,0.3014
Baseline,0.817,0.4406,0.2277,0.3002
Baseline,0.817,0.4415,0.2277,0.3004
Baseline,0.817,0.4404,0.2266,0.2992
Baseline,0.817,0.4393,0.2256,0.2981
Baseline,0.817,0.4381,0.2245,0.2969
Baseline,0.817,0.439,0.2245,0.2971
Baseline,0.817,0.4379,0.2235,0.2959
Baseline,0.817,0.4367,0.2225,0.2948
Baseline,0.817,0.4376,0.2225,0.295
Baseline,0.818,0.4365,0.2214,0.2938
Baseline,0.818,0.4353,0.2204,0.2926
Baseline,0.818,0.4362,0.2204,0.2928
Baseline,0.818,0.4351,0.2193,0.2916
Baseline,0.818,0.4339,0.2183,0.2905
Baseline,0.818,0.4327,0.2173,0.2893
Baseline,0.818,0.4315,0.2162,0.2881
Baseline,0.818,0.4304,0.2152,0.2869
Baseline,0.819,0.4292,0.2141,0.2857
Baseline,0.819,0.4301,0.2141,0.2859
Baseline,0.819,0.431,0.2141,0.2861
Baseline,0.819,0.4319,0.2141,0.2863
Baseline,0.819,0.4307,0.2131,0.2851
Baseline,0.82,0.4316,0.2131,0.2853
Baseline,0.82,0.4325,0.2131,0.2855
Baseline,0.82,0.4334,0.2131,0.2857
Baseline,0.82,0.4322,0.2121,0.2845
Baseline,0.82,0.431,0.211,0.2833
Baseline,0.82,0.4319,0.211,0.2835
Baseline,0.82,0.4307,0.21,0.2823
Baseline,0.82,0.4316,0.21,0.2825
Baseline,0.82,0.4304,0.2089,0.2813
Baseline,0.82,0.4292,0.2079,0.2801
Baseline,0.82,0.4301,0.2079,0.2803
Baseline,0.821,0.431,0.2079,0.2805
Baseline,0.821,0.432,0.2079,0.2807
Baseline,0.821,0.4329,0.2079,0.2809
Baseline,0.821,0.4317,0.2069,0.2797
Baseline,0.821,0.4304,0.2058,0.2785
Baseline,0.821,0.4314,0.2058,0.2787
Baseline,0.821,0.4323,0.2058,0.2789
Baseline,0.821,0.4333,0.2058,0.2791
Baseline,0.821,0.432,0.2048,0.2779
Baseline,0.821,0.4308,0.2037,0.2766
Baseline,0.822,0.4295,0.2027,0.2754
Baseline,0.822,0.4305,0.2027,0.2756
Baseline,0.822,0.4292,0.2017,0.2744
Baseline,0.822,0.4279,0.2006,0.2732
Baseline,0.822,0.4267,0.1996,0.272
Baseline,0.822,0.4276,0.1996,0.2721
Baseline,0.822,0.4263,0.1985,0.2709
Baseline,0.822,0.4251,0.1975,0.2697
Baseline,0.822,0.426,0.1975,0.2699
Baseline,0.822,0.4247,0.1965,0.2687
Baseline,0.822,0.4234,0.1954,0.2674
Baseline,0.822,0.4221,0.1944,0.2662
Baseline,0.822,0.4231,0.1944,0.2664
Baseline,0.823,0.4218,0.1933,0.2651
Baseline,0.823,0.4227,0.1933,0.2653
Baseline,0.823,0.4214,0.1923,0.2641
Baseline,0.823,0.4201,0.1913,0.2629
Baseline,0.823,0.4211,0.1913,0.263
Baseline,0.823,0.422,0.1913,0.2632
Baseline,0.823,0.423,0.1913,0.2634
Baseline,0.823,0.4217,0.1902,0.2622
Baseline,0.823,0.4203,0.1892,0.2609
Baseline,0.823,0.4213,0.1892,0.2611
Baseline,0.823,0.4223,0.1892,0.2613
Baseline,0.823,0.4233,0.1892,0.2615
Baseline,0.824,0.4242,0.1892,0.2617
Baseline,0.824,0.4252,0.1892,0.2619
Baseline,0.824,0.4239,0.1881,0.2606
Baseline,0.824,0.4249,0.1881,0.2608
Baseline,0.824,0.4235,0.1871,0.2596
Baseline,0.824,0.4222,0.1861,0.2583
Baseline,0.824,0.4232,0.1861,0.2585
Baseline,0.824,0.4242,0.1861,0.2587
Baseline,0.824,0.4252,0.1861,0.2589
Baseline,0.824,0.4238,0.185,0.2576
Baseline,0.824,0.4224,0.184,0.2563
Baseline,0.825,0.4234,0.184,0.2565
Baseline,0.825,0.4221,0.183,0.2553
Baseline,0.825,0.4231,0.183,0.2554
Baseline,0.825,0.4241,0.183,0.2556
Baseline,0.825,0.4251,0.183,0.2558
Baseline,0.825,0.4262,0.183,0.256
Baseline,0.825,0.4248,0.1819,0.2547
Baseline,0.826,0.4234,0.1809,0.2535
Baseline,0.826,0.422,0.1798,0.2522
Baseline,0.826,0.423,0.1798,0.2524
Baseline,0.826,0.4216,0.1788,0.2511
Baseline,0.826,0.4201,0.1778,0.2498
Baseline,0.826,0.4212,0.1778,0.25
Baseline,0.826,0.4198,0.1767,0.2487
Baseline,0.826,0.4183,0.1757,0.2474
Baseline,0.826,0.4194,0.1757,0.2476
Baseline,0.827,0.4179,0.1746,0.2463
Baseline,0.827,0.4165,0.1736,0.245
Baseline,0.827,0.415,0.1726,0.2438
Baseline,0.827,0.4135,0.1715,0.2425
Baseline,0.827,0.4121,0.1705,0.2412
Baseline,0.828,0.4131,0.1705,0.2414
Baseline,0.828,0.4116,0.1694,0.2401
Baseline,0.828,0.4127,0.1694,0.2402
Baseline,0.828,0.4137,0.1694,0.2404
Baseline,0.828,0.4148,0.1694,0.2406
Baseline,0.828,0.4133,0.1684,0.2393
Baseline,0.828,0.4118,0.1674,0.238
Baseline,0.828,0.4103,0.1663,0.2367
Baseline,0.828,0.4087,0.1653,0.2354
Baseline,0.828,0.4098,0.1653,0.2356
Baseline,0.828,0.4109,0.1653,0.2357
Baseline,0.828,0.4119,0.1653,0.2359
Baseline,0.829,0.413,0.1653,0.2361
Baseline,0.829,0.4141,0.1653,0.2363
Baseline,0.829,0.4151,0.1653,0.2364
Baseline,0.829,0.4136,0.1642,0.2351
Baseline,0.829,0.4121,0.1632,0.2338
Baseline,0.829,0.4132,0.1632,0.234
Baseline,0.829,0.4116,0.1622,0.2327
Baseline,0.829,0.4101,0.1611,0.2313
Baseline,0.829,0.4111,0.1611,0.2315
Baseline,0.829,0.4096,0.1601,0.2302
Baseline,0.83,0.4107,0.1601,0.2304
Baseline,0.83,0.4118,0.1601,0.2305
Baseline,0.83,0.4129,0.1601,0.2307
Baseline,0.83,0.414,0.1601,0.2309
Baseline,0.83,0.4151,0.1601,0.2311
Baseline,0.83,0.4162,0.1601,0.2312
Baseline,0.83,0.4146,0.159,0.2299
Baseline,0.831,0.4158,0.159,0.2301
Baseline,0.831,0.4142,0.158,0.2287
Baseline,0.831,0.4153,0.158,0.2289
Baseline,0.831,0.4137,0.157,0.2276
Baseline,0.831,0.4121,0.1559,0.2262
Baseline,0.831,0.4132,0.1559,0.2264
Baseline,0.831,0.4116,0.1549,0.2251
Baseline,0.831,0.41,0.1538,0.2237
Baseline,0.831,0.4111,0.1538,0.2239
Baseline,0.832,0.4095,0.1528,0.2226
Baseline,0.832,0.4078,0.1518,0.2212
Baseline,0.832,0.409,0.1518,0.2214
Baseline,0.832,0.4101,0.1518,0.2215
Baseline,0.832,0.4085,0.1507,0.2202
Baseline,0.832,0.4068,0.1497,0.2188
Baseline,0.832,0.4079,0.1497,0.219
Baseline,0.833,0.4062,0.1486,0.2177
Baseline,0.833,0.4046,0.1476,0.2163
Baseline,0.833,0.4029,0.1466,0.2149
Baseline,0.833,0.404,0.1466,0.2151
Baseline,0.833,0.4023,0.1455,0.2137
Baseline,0.833,0.4035,0.1455,0.2139
Baseline,0.833,0.4017,0.1445,0.2125
Baseline,0.833,0.4,0.1435,0.2112
Baseline,0.834,0.3983,0.1424,0.2098
Baseline,0.834,0.3965,0.1414,0.2084
Baseline,0.834,0.3977,0.1414,0.2086
Baseline,0.834,0.3959,0.1403,0.2072
Baseline,0.834,0.3971,0.1403,0.2074
Baseline,0.834,0.3953,0.1393,0.206
Baseline,0.834,0.3964,0.1393,0.2062
Baseline,0.834,0.3976,0.1393,0.2063
Baseline,0.834,0.3958,0.1383,0.2049
Baseline,0.835,0.397,0.1383,0.2051
Baseline,0.835,0.3952,0.1372,0.2037
Baseline,0.835,0.3934,0.1362,0.2023
Baseline,0.835,0.3946,0.1362,0.2025
Baseline,0.835,0.3958,0.1362,0.2026
Baseline,0.835,0.3939,0.1351,0.2012
Baseline,0.835,0.3951,0.1351,0.2014
Baseline,0.835,0.3933,0.1341,0.2
Baseline,0.835,0.3914,0.1331,0.1986
Baseline,0.835,0.3926,0.1331,0.1988
Baseline,0.835,0.3938,0.1331,0.1989
Baseline,0.836,0.392,0.132,0.1975
Baseline,0.836,0.3932,0.132,0.1977
Baseline,0.836,0.3913,0.131,0.1963
Baseline,0.836,0.3894,0.1299,0.1949
Baseline,0.837,0.3906,0.1299,0.195
Baseline,0.837,0.3887,0.1289,0.1936
Baseline,0.837,0.3868,0.1279,0.1922
Baseline,0.837,0.388,0.1279,0.1923
Baseline,0.837,0.3892,0.1279,0.1925
Baseline,0.837,0.3905,0.1279,0.1926
Baseline,0.837,0.3885,0.1268,0.1912
Baseline,0.837,0.3866,0.1258,0.1898
Baseline,0.838,0.3878,0.1258,0.19
Baseline,0.838,0.3859,0.1247,0.1885
Baseline,0.838,0.3871,0.1247,0.1887
Baseline,0.838,0.3883,0.1247,0.1888
Baseline,0.838,0.3864,0.1237,0.1874
Baseline,0.838,0.3844,0.1227,0.186
Baseline,0.839,0.3856,0.1227,0.1861
Baseline,0.839,0.3836,0.1216,0.1847
Baseline,0.839,0.3816,0.1206,0.1833
Baseline,0.839,0.3795,0.1195,0.1818
Baseline,0.839,0.3775,0.1185,0.1804
Baseline,0.839,0.3754,0.1175,0.1789
Baseline,0.84,0.3767,0.1175,0.1791
Baseline,0.84,0.3779,0.1175,0.1792
Baseline,0.841,0.3758,0.1164,0.1778
Baseline,0.841,0.3771,0.1164,0.1779
Baseline,0.841,0.375,0.1154,0.1765
Baseline,0.841,0.3729,0.1143,0.175
Baseline,0.841,0.3741,0.1143,0.1752
Baseline,0.841,0.3754,0.1143,0.1753
Baseline,0.841,0.3767,0.1143,0.1754
Baseline,0.841,0.378,0.1143,0.1756
Baseline,0.842,0.3759,0.1133,0.1741
Baseline,0.842,0.3737,0.1123,0.1727
Baseline,0.842,0.375,0.1123,0.1728
Baseline,0.842,0.3763,0.1123,0.1729
Baseline,0.842,0.3776,0.1123,0.1731
Baseline,0.842,0.3789,0.1123,0.1732
Baseline,0.842,0.3803,0.1123,0.1734
Baseline,0.843,0.3816,0.1123,0.1735
Baseline,0.843,0.383,0.1123,0.1736
Baseline,0.843,0.3843,0.1123,0.1738
Baseline,0.843,0.3821,0.1112,0.1723
Baseline,0.843,0.3799,0.1102,0.1708
Baseline,0.843,0.3777,0.1091,0.1694
Baseline,0.843,0.3791,0.1091,0.1695
Baseline,0.844,0.3768,0.1081,0.168
Baseline,0.844,0.3782,0.1081,0.1681
Baseline,0.844,0.3796,0.1081,0.1683
Baseline,0.844,0.3773,0.1071,0.1668
Baseline,0.844,0.375,0.106,0.1653
Baseline,0.845,0.3727,0.105,0.1638
Baseline,0.845,0.3704,0.104,0.1623
Baseline,0.845,0.3717,0.104,0.1625
Baseline,0.845,0.3731,0.104,0.1626
Baseline,0.845,0.3745,0.104,0.1627
Baseline,0.845,0.3759,0.104,0.1629
Baseline,0.845,0.3736,0.1029,0.1614
Baseline,0.845,0.375,0.1029,0.1615
Baseline,0.845,0.3764,0.1029,0.1616
Baseline,0.846,0.3779,0.1029,0.1618
Baseline,0.846,0.3755,0.1019,0.1603
Baseline,0.846,0.3731,0.1008,0.1588
Baseline,0.846,0.3745,0.1008,0.1589
Baseline,0.846,0.376,0.1008,0.159
Baseline,0.846,0.3735,0.0998,0.1575
Baseline,0.846,0.3711,0.0988,0.156
Baseline,0.846,0.3686,0.0977,0.1545
Baseline,0.846,0.3661,0.0967,0.153
Baseline,0.847,0.3676,0.0967,0.1531
Baseline,0.847,0.3651,0.0956,0.1516
Baseline,0.847,0.3665,0.0956,0.1517
Baseline,0.847,0.368,0.0956,0.1518
Baseline,0.847,0.3655,0.0946,0.1503
Baseline,0.847,0.3629,0.0936,0.1488
Baseline,0.847,0.3603,0.0925,0.1472
Baseline,0.847,0.3577,0.0915,0.1457
Baseline,0.847,0.3592,0.0915,0.1458
Baseline,0.847,0.3607,0.0915,0.1459
Baseline,0.847,0.3621,0.0915,0.1461
Baseline,0.847,0.3636,0.0915,0.1462
Baseline,0.848,0.361,0.0904,0.1446
Baseline,0.848,0.3583,0.0894,0.1431
Baseline,0.848,0.3598,0.0894,0.1432
Baseline,0.848,0.3571,0.0884,0.1417
Baseline,0.848,0.3544,0.0873,0.1401
Baseline,0.849,0.3517,0.0863,0.1386
Baseline,0.849,0.3489,0.0852,0.137
Baseline,0.849,0.3504,0.0852,0.1371
Baseline,0.849,0.3519,0.0852,0.1372
Baseline,0.849,0.3534,0.0852,0.1374
Baseline,0.85,0.355,0.0852,0.1375
Baseline,0.85,0.3565,0.0852,0.1376
Baseline,0.85,0.3581,0.0852,0.1377
Baseline,0.85,0.3553,0.0842,0.1361
Baseline,0.85,0.3568,0.0842,0.1362
Baseline,0.85,0.354,0.0832,0.1347
Baseline,0.851,0.3556,0.0832,0.1348
Baseline,0.851,0.3527,0.0821,0.1332
Baseline,0.851,0.3543,0.0821,0.1333
Baseline,0.851,0.3559,0.0821,0.1334
Baseline,0.851,0.3529,0.0811,0.1319
Baseline,0.851,0.35,0.08,0.1303
Baseline,0.851,0.3516,0.08,0.1304
Baseline,0.851,0.3532,0.08,0.1305
Baseline,0.852,0.3502,0.079,0.1289
Baseline,0.852,0.3472,0.078,0.1273
Baseline,0.852,0.3488,0.078,0.1274
Baseline,0.852,0.3505,0.078,0.1276
Baseline,0.852,0.3521,0.078,0.1277
Baseline,0.852,0.3491,0.0769,0.1261
Baseline,0.852,0.3507,0.0769,0.1262
Baseline,0.853,0.3476,0.0759,0.1246
Baseline,0.853,0.3445,0.0748,0.123
Baseline,0.853,0.3413,0.0738,0.1214
Baseline,0.853,0.3382,0.0728,0.1198
Baseline,0.854,0.3398,0.0728,0.1199
Baseline,0.854,0.3415,0.0728,0.12
Baseline,0.854,0.3431,0.0728,0.1201
Baseline,0.854,0.3448,0.0728,0.1202
Baseline,0.854,0.3465,0.0728,0.1203
Baseline,0.854,0.3433,0.0717,0.1187
Baseline,0.854,0.345,0.0717,0.1188
Baseline,0.855,0.3417,0.0707,0.1171
Baseline,0.855,0.3434,0.0707,0.1172
Baseline,0.855,0.3452,0.0707,0.1173
Baseline,0.855,0.3469,0.0707,0.1174
Baseline,0.855,0.3436,0.0696,0.1158
Baseline,0.855,0.3454,0.0696,0.1159
Baseline,0.856,0.3472,0.0696,0.116
Baseline,0.856,0.349,0.0696,0.1161
Baseline,0.856,0.3455,0.0686,0.1145
Baseline,0.856,0.3421,0.0676,0.1128
Baseline,0.856,0.3386,0.0665,0.1112
Baseline,0.856,0.3351,0.0655,0.1096
Baseline,0.856,0.3316,0.0644,0.1079
Baseline,0.856,0.328,0.0634,0.1063
Baseline,0.856,0.3243,0.0624,0.1046
Baseline,0.857,0.3207,0.0613,0.103
Baseline,0.857,0.3224,0.0613,0.1031
Baseline,0.857,0.3187,0.0603,0.1014
Baseline,0.857,0.3204,0.0603,0.1015
Baseline,0.857,0.3222,0.0603,0.1016
Baseline,0.857,0.3184,0.0593,0.0999
Baseline,0.858,0.3146,0.0582,0.0982
Baseline,0.858,0.3107,0.0572,0.0966
Baseline,0.858,0.3125,0.0572,0.0967
Baseline,0.858,0.3143,0.0572,0.0967
Baseline,0.858,0.3103,0.0561,0.0951
Baseline,0.858,0.3121,0.0561,0.0952
Baseline,0.858,0.314,0.0561,0.0952
Baseline,0.858,0.3158,0.0561,0.0953
Baseline,0.859,0.3176,0.0561,0.0954
Baseline,0.859,0.3136,0.0551,0.0937
Baseline,0.859,0.3095,0.0541,0.092
Baseline,0.859,0.3114,0.0541,0.0921
Baseline,0.859,0.3072,0.053,0.0904
Baseline,0.859,0.3091,0.053,0.0905
Baseline,0.859,0.311,0.053,0.0906
Baseline,0.859,0.3067,0.052,0.0889
Baseline,0.859,0.3025,0.0509,0.0872
Baseline,0.859,0.3043,0.0509,0.0873
Baseline,0.86,0.3063,0.0509,0.0873
Baseline,0.86,0.3019,0.0499,0.0856
Baseline,0.86,0.3038,0.0499,0.0857
Baseline,0.861,0.3057,0.0499,0.0858
Baseline,0.861,0.3077,0.0499,0.0859
Baseline,0.861,0.3097,0.0499,0.0859
Baseline,0.861,0.3117,0.0499,0.086
Baseline,0.861,0.3137,0.0499,0.0861
Baseline,0.861,0.3158,0.0499,0.0862
Baseline,0.861,0.3179,0.0499,0.0863
Baseline,0.861,0.32,0.0499,0.0863
Baseline,0.862,0.3154,0.0489,0.0846
Baseline,0.862,0.3108,0.0478,0.0829
Baseline,0.862,0.3129,0.0478,0.083
Baseline,0.862,0.3151,0.0478,0.083
Baseline,0.862,0.3103,0.0468,0.0813
Baseline,0.863,0.3125,0.0468,0.0814
Baseline,0.863,0.3147,0.0468,0.0814
Baseline,0.863,0.3169,0.0468,0.0815
Baseline,0.863,0.3191,0.0468,0.0816
Baseline,0.863,0.3214,0.0468,0.0817
Baseline,0.863,0.3237,0.0468,0.0817
Baseline,0.863,0.3261,0.0468,0.0818
Baseline,0.863,0.3285,0.0468,0.0819
Baseline,0.863,0.3309,0.0468,0.082
Baseline,0.864,0.3333,0.0468,0.082
Baseline,0.864,0.3358,0.0468,0.0821
Baseline,0.864,0.3383,0.0468,0.0822
Baseline,0.864,0.3409,0.0468,0.0823
Baseline,0.865,0.3435,0.0468,0.0823
Baseline,0.865,0.3462,0.0468,0.0824
Baseline,0.865,0.3411,0.0457,0.0807
Baseline,0.865,0.3359,0.0447,0.0789
Baseline,0.866,0.3307,0.0437,0.0771
Baseline,0.866,0.3333,0.0437,0.0772
Baseline,0.866,0.328,0.0426,0.0754
Baseline,0.866,0.3306,0.0426,0.0755
Baseline,0.866,0.3333,0.0426,0.0756
Baseline,0.867,0.3361,0.0426,0.0756
Baseline,0.867,0.3388,0.0426,0.0757
Baseline,0.867,0.3333,0.0416,0.0739
Baseline,0.867,0.3277,0.0405,0.0722
Baseline,0.868,0.322,0.0395,0.0704
Baseline,0.868,0.3248,0.0395,0.0704
Baseline,0.868,0.319,0.0385,0.0686
Baseline,0.868,0.3217,0.0385,0.0687
Baseline,0.868,0.3246,0.0385,0.0688
Baseline,0.868,0.3186,0.0374,0.067
Baseline,0.868,0.3214,0.0374,0.067
Baseline,0.868,0.3243,0.0374,0.0671
Baseline,0.869,0.3273,0.0374,0.0672
Baseline,0.869,0.3303,0.0374,0.0672
Baseline,0.869,0.3333,0.0374,0.0673
Baseline,0.869,0.3271,0.0364,0.0655
Baseline,0.869,0.3302,0.0364,0.0655
Baseline,0.869,0.3238,0.0353,0.0637
Baseline,0.87,0.3269,0.0353,0.0638
Baseline,0.871,0.3301,0.0353,0.0638
Baseline,0.871,0.3333,0.0353,0.0639
Baseline,0.871,0.3366,0.0353,0.064
Baseline,0.872,0.33,0.0343,0.0621
Baseline,0.872,0.3333,0.0343,0.0622
Baseline,0.872,0.3265,0.0333,0.0604
Baseline,0.872,0.3299,0.0333,0.0604
Baseline,0.873,0.3333,0.0333,0.0605
Baseline,0.874,0.3263,0.0322,0.0587
Baseline,0.874,0.3298,0.0322,0.0587
Baseline,0.874,0.3226,0.0312,0.0569
Baseline,0.874,0.3261,0.0312,0.0569
Baseline,0.875,0.3187,0.0301,0.0551
Baseline,0.875,0.3111,0.0291,0.0532
Baseline,0.875,0.3146,0.0291,0.0533
Baseline,0.876,0.3068,0.0281,0.0514
Baseline,0.876,0.3103,0.0281,0.0515
Baseline,0.877,0.314,0.0281,0.0515
Baseline,0.877,0.3176,0.0281,0.0516
Baseline,0.877,0.3214,0.0281,0.0516
Baseline,0.877,0.3253,0.0281,0.0517
Baseline,0.877,0.3171,0.027,0.0498
Baseline,0.878,0.321,0.027,0.0499
Baseline,0.878,0.325,0.027,0.0499
Baseline,0.878,0.3291,0.027,0.05
Baseline,0.878,0.3205,0.026,0.0481
Baseline,0.878,0.3117,0.0249,0.0462
Baseline,0.878,0.3158,0.0249,0.0462
Baseline,0.879,0.32,0.0249,0.0463
Baseline,0.879,0.3108,0.0239,0.0444
Baseline,0.879,0.3151,0.0239,0.0444
Baseline,0.879,0.3194,0.0239,0.0445
Baseline,0.88,0.3239,0.0239,0.0445
Baseline,0.88,0.3286,0.0239,0.0446
Baseline,0.88,0.3188,0.0229,0.0427
Baseline,0.88,0.3235,0.0229,0.0427
Baseline,0.88,0.3284,0.0229,0.0428
Baseline,0.88,0.3182,0.0218,0.0409
Baseline,0.881,0.3077,0.0208,0.0389
Baseline,0.881,0.2969,0.0198,0.037
Baseline,0.881,0.3016,0.0198,0.0371
Baseline,0.881,0.3065,0.0198,0.0371
Baseline,0.881,0.2951,0.0187,0.0352
Baseline,0.881,0.3,0.0187,0.0352
Baseline,0.882,0.2881,0.0177,0.0333
Baseline,0.882,0.2931,0.0177,0.0333
Baseline,0.882,0.2807,0.0166,0.0314
Baseline,0.883,0.2679,0.0156,0.0295
Baseline,0.883,0.2727,0.0156,0.0295
Baseline,0.883,0.2778,0.0156,0.0295
Baseline,0.883,0.2642,0.0146,0.0276
Baseline,0.884,0.2692,0.0146,0.0276
Baseline,0.884,0.2745,0.0146,0.0276
Baseline,0.885,0.28,0.0146,0.0277
Baseline,0.885,0.2857,0.0146,0.0277
Baseline,0.885,0.2917,0.0146,0.0277
Baseline,0.885,0.2979,0.0146,0.0278
Baseline,0.885,0.2826,0.0135,0.0258
Baseline,0.885,0.2889,0.0135,0.0258
Baseline,0.886,0.2955,0.0135,0.0258
Baseline,0.887,0.2791,0.0125,0.0239
Baseline,0.888,0.2857,0.0125,0.0239
Baseline,0.888,0.2927,0.0125,0.0239
Baseline,0.889,0.3,0.0125,0.024
Baseline,0.889,0.3077,0.0125,0.024
Baseline,0.889,0.3158,0.0125,0.024
Baseline,0.89,0.3243,0.0125,0.024
Baseline,0.89,0.3333,0.0125,0.024
Baseline,0.891,0.3143,0.0114,0.0221
Baseline,0.892,0.3235,0.0114,0.0221
Baseline,0.892,0.303,0.0104,0.0201
Baseline,0.892,0.2812,0.0094,0.0181
Baseline,0.893,0.2903,0.0094,0.0181
Baseline,0.893,0.2667,0.0083,0.0161
Baseline,0.894,0.2759,0.0083,0.0161
Baseline,0.894,0.25,0.0073,0.0141
Baseline,0.895,0.2593,0.0073,0.0142
Baseline,0.896,0.2308,0.0062,0.0121
Baseline,0.896,0.2,0.0052,0.0101
Baseline,0.896,0.2083,0.0052,0.0101
Baseline,0.897,0.2174,0.0052,0.0102
Baseline,0.898,0.2273,0.0052,0.0102
Baseline,0.901,0.1905,0.0042,0.0081
Baseline,0.903,0.2,0.0042,0.0081
Baseline,0.903,0.2105,0.0042,0.0082
Baseline,0.904,0.2222,0.0042,0.0082
Baseline,0.906,0.2353,0.0042,0.0082
Baseline,0.906,0.25,0.0042,0.0082
Baseline,0.907,0.2667,0.0042,0.0082
Baseline,0.908,0.2857,0.0042,0.0082
Baseline,0.91,0.3077,0.0042,0.0082
Baseline,0.911,0.3333,0.0042,0.0082
Baseline,0.913,0.3636,0.0042,0.0082
Baseline,0.915,0.4,0.0042,0.0082
Baseline,0.918,0.4444,0.0042,0.0082
Baseline,0.919,0.375,0.0031,0.0062
Baseline,0.925,0.4286,0.0031,0.0062
Baseline,0.926,0.5,0.0031,0.0062
Baseline,0.931,0.4,0.0021,0.0041
Baseline,0.932,0.5,0.0021,0.0041
Baseline,0.947,0.6667,0.0021,0.0041
Baseline,0.95,1.0,0.0021,0.0041
Baseline,1.0,1.0,0.001,0.0021
