category,true_label,pred_label,confidence,text_len_words,text
TP,1,1,0.5217,15,"good , i love hiking ! . i take my dogs to the lake often"
FP,0,1,0.5755,10,"it is , but my roommates help out sometimes ."
FP,0,1,0.9179,7,interesting . how old are you ?
TP,1,1,0.8221,15,i am studying for my masters . fortunately mom lets me live with her .
TP,1,1,0.9363,9,i want to teach kids in elementary school .
TN,0,0,0.4804,17,"maybe along with that pie you can take a pic of my cat , love him ."
FP,0,1,0.8866,8,i catch the football and hockey games .
TP,1,1,0.7642,5,hi i have four siblings
TN,0,0,0.4318,14,that's probably entirely true . unless i were a rich dog . . .
FN,1,0,0.4997,8,"i am well , how are you ?"
TP,1,1,0.5641,8,i love chocolate ice cream . you .
FN,1,0,0.492,14,i'm so sorry to hear that . do you ever drink and drive ?
FP,0,1,0.9522,5,why do you hate it
TP,1,1,0.8407,11,i just got my rejection letter from the gifted program .
TN,0,0,0.2154,16,healthy ! i stay at home with my two kids while my husband makes the living
FP,0,1,0.9598,7,where do you live at then ?
FP,0,1,0.8403,9,going to the city that would be fun !
TP,1,1,0.7473,8,i enjoy the occasional drink with friends .
TP,1,1,0.5773,13,i also give blood monthly in honor of my sister who died .
FP,0,1,0.5545,12,"kinda , i been in the game since i was four ."
FP,0,1,0.5372,11,"what do you like ? iced coffee , i hope !"
TP,1,1,0.8696,4,i love cooking .
FP,0,1,0.5942,14,"the plot thickens lol how cool , did you get his number or anything"
FP,0,1,0.9005,6,do you like meat lovers pizza
TP,1,1,0.6008,19,oh no ! but how can you be sure ? ! i'm under a bridge on 59th street .
TP,1,1,0.8339,6,i dyed my hair pink .
FN,1,0,0.341,18,i'm sure your ego is from mommy issues ? maybe a pet can help calm you down .
FP,0,1,0.6766,9,first yr ! do you have any hobbies ?
TP,1,1,0.5029,11,definitely . i love dragons . wish i had one .
TP,1,1,0.591,17,i have a car . i drive to the school my boyfriend goes to learn acting .
FN,1,0,0.4064,19,"ll well that's interesting . you like dogs ? pugs are so loyal , i have one name biscuit"
TP,1,1,0.6258,8,i joined a new team last month .
FP,0,1,0.6718,17,i had to call 911 once it was so bad . do you have any pets ?
FP,0,1,0.5878,14,yes they are . i will name mine charlie daniels he is my favorite
TN,0,0,0.4259,10,are you hungry ? i can bake you something .
TP,1,1,0.7443,14,any books in about horses ? i love horses mines name is beauty .
TN,0,0,0.4531,15,i trust only you . my vera is nice . why is yours dead ?
TP,1,1,0.9112,12,i am going to watch football . what are you canning ?
TP,1,1,0.9037,5,my major is business .
FP,0,1,0.5922,12,cool . . . i followed my father and became an author
FN,1,0,0.414,16,"i know , right ? that is why culinary school was where i ended up ."
FP,0,1,0.8898,11,"oh , you can never be too tall to dance !"
TN,0,0,0.1244,18,maybe i could introduce you to my sister in law . she's all wrong for my brother .
TP,1,1,0.9278,5,i never eat veggies .
FP,0,1,0.6288,6,how does that feel for you
TP,1,1,0.7292,4,i love animals .
FP,0,1,0.9389,9,how so ? organic food is not nice .
TP,1,1,0.9248,11,"i hate my parents , but i love my job ."
TP,1,1,0.7735,12,hi . i love to garden . what do you do ?
TN,0,0,0.3845,17,sounds like we have a lot in common . how do you feel about urban farms ?
TP,1,1,0.9537,5,i work in a factory
TN,0,0,0.442,14,"if i were a fish , i would be all over fried chicken ."
TP,1,1,0.8456,6,i am a guitar player .
TN,0,0,0.4162,9,make sure you spell the food right ! d
FN,1,0,0.3741,14,"its nice to have simple pleasures , i love the simple things in life"
TP,1,1,0.8683,8,i climb trees because i'm a spider monkey
TP,1,1,0.6239,6,i graduated college in 2016 .
FP,0,1,0.6582,9,"that is good , salads all day everyday ."
TP,1,1,0.8731,10,"i love pizza , but my favorite cuisine is thai"
TP,1,1,0.6941,8,i am getting married in six months .
TP,1,1,0.8468,4,i am thin .
TP,1,1,0.9393,10,i am not really sure . whenso your birthday ?
FP,0,1,0.7993,9,i've a girlfriend very in love hope to marry
TN,0,0,0.2127,19,"you got it , that is why i can not stand skiing . can not wear the boots ."
FP,0,1,0.696,15,fill out the necessary paperwork and send it to the rector of your parrish .
TP,1,1,0.9321,9,i try i like video games and race cars
FP,0,1,0.5626,9,amazing have any pets ? i've three cats .
FP,0,1,0.6383,14,"i really enjoy free diving , how about you , have any hobbies ?"
TP,1,1,0.9435,6,nachos are my favorite food .
TP,1,1,0.9169,5,i'm from the planet saturn
TN,0,0,0.1716,8,good luck . that's a rough thing .
FP,0,1,0.5369,10,no i don't have any it was boring growing up
TP,1,1,0.6668,10,i did a few small roles in tv series .
TP,1,1,0.8694,6,i like to write poetry .
TP,1,1,0.6259,8,i used to be in the marines .
TP,1,1,0.887,14,"my mom works as a cashier at walmart , i live in her basement"
FP,0,1,0.8688,13,"not necessarily , but if i stole something that was originally mine ?"
FP,0,1,0.9321,6,i bet that it really hurts
TN,0,0,0.4978,23,6 foot . my girl friend is 6 2 . love those long legs . she is beautiful . how about you ?
TP,1,1,0.7698,9,i do also . where do you live ?
FN,1,0,0.4564,8,i love to do yoga . you ?
FP,0,1,0.8283,12,totally . i always look for ways to make money easily .
FP,0,1,0.5512,16,"i went to the salon , i fit in with the other girls at school ."
FP,0,1,0.9038,6,my granny loves to cliff dive
FP,0,1,0.7618,6,"did i say beer , lol"
TP,1,1,0.823,7,my grandmother lives in my guesthouse .
TP,1,1,0.7049,6,i am good thanks for asking
TP,1,1,0.6693,15,i agree . i like having a picnic and looking at the cloud shapes .
FP,0,1,0.648,8,i would love to travel as well .
TP,1,1,0.7377,7,madonna is my all time favorite .
TP,1,1,0.8487,7,my mother was born in ireland .
FN,1,0,0.2767,13,"i am well , what do you do in your spare time ?"
FP,0,1,0.8737,17,"saving for college . my parents kicked me out at 14 , so its been rough ."
FN,1,0,0.2645,17,oh okay . that is interesting . i live by myself and work on cars a lot
FP,0,1,0.9465,5,do you get free pizza
TP,1,1,0.9034,12,i'm doing good should be sleeping i have school but cant sleep
FP,0,1,0.6992,17,"no just cats . i travel a lot , traveled around world on boat last year ."
FP,0,1,0.6396,6,that does sound fun take me
FN,1,0,0.4607,8,yeah it is because people can talk .
TN,0,0,0.0782,19,"yea . not to mention , i get made fun of a lot . not happy with my image"
TP,1,1,0.8224,9,i like to go fishing on the lake .
TN,0,0,0.3678,13,"very good , lots of downtime for reading . how about you ?"
TP,1,1,0.8928,7,i love to cut down trees .
TP,1,1,0.8058,11,starbucks ! i love the atmosphere and they treat employees great
TN,0,0,0.1225,13,"awww , that's precious . i feel the same way about my mom"
FP,0,1,0.6423,14,wish i can site it at the beach love reading books at the beach
FN,1,0,0.2461,16,"i love animals , so much so i'm vegan . you know what that is ?"
FP,0,1,0.9319,6,do you know mike trout ?
TP,1,1,0.8457,5,i love to sing .
FP,0,1,0.5464,13,how nice . once i get my bachelors degree a great honeymoon spot
FP,0,1,0.8649,14,"music ? my fav singer of forever is ke ha , like wow ."
TP,1,1,0.7847,19,when i am not chasing my siberian huskies 2 of them ! i like to play the guitar .
TP,1,1,0.6843,11,i am not into meat and cut back stayed vegan .
FP,0,1,0.6656,10,that is very true . do you ever donate ?
TP,1,1,0.9222,5,i m from texas .
FP,0,1,0.8101,9,i suppose i should . got any hobbies ?
TP,1,1,0.8157,6,my favorite color is blue .
TP,1,1,0.7132,12,i live in providence and work at a publishing building downtown .
FN,1,0,0.0788,18,"hello , i am doing well . another day , another dollar , driving for the man ."
FP,0,1,0.7731,13,"my brother does too , especially since our parents moved to florida recently"
FP,0,1,0.7191,15,savage ? do you like death metal ? i know a member of martius .
FP,0,1,0.7342,9,halo is fine . where are you from ?
FP,0,1,0.6317,16,they're great . my mom and dad got it for me i still live with them
FN,1,0,0.4619,6,i've a cat named leela .
FN,1,0,0.2539,13,i am spending time with my 4 sisters what are you up to
TP,1,1,0.868,8,i'm enrolled in several college credit courses .
TP,1,1,0.676,12,i sleep 10 hours every day because my work is tiring .
TN,0,0,0.4183,12,sounds super cool . i once created a dragon themed website .
TN,0,0,0.1393,15,"lol , i can imagine . i'll be reading a lot when football is over"
TP,1,1,0.787,4,i'm very athletic .
FP,0,1,0.766,9,me to ! i u don't like meat anymore
TP,1,1,0.5272,16,i'm heading to work but stopping to pick up a birthday gift for my husband .
FP,0,1,0.7649,9,"no , i do not make enough money ."
FP,0,1,0.5248,9,so are you in an orchestra or something ?
FP,0,1,0.5395,11,"hello , how are you doing tonight ? its midnight here"
FP,0,1,0.7741,10,do you write for a living or as a hobby
TP,1,1,0.8319,6,my favorite band is tool .
TP,1,1,0.8761,13,i only use apple products because i feel everything else is inferior .
FN,1,0,0.1537,14,i am okay . i wish i was more tired though . you ?
FP,0,1,0.6696,14,my pet snake makes me smile . do you guys have any kids ?
TP,1,1,0.8788,10,ke ha is my favorite singer of all time .
TP,1,1,0.8322,8,i work as a stand up comedian .
TP,1,1,0.8371,5,i need some new friends
TP,1,1,0.684,5,i have four sisters .
FN,1,0,0.4614,9,"i'm sad as well , missing my father today"
FN,1,0,0.127,19,oh okay . i will hurry . i work for a non profit organization that helps children in need
FP,0,1,0.896,6,you play tennis or coach ?
TN,0,0,0.2658,14,oh that could be a problem lol . what do you do for fun
TP,1,1,0.9371,6,i have a boxer dog .
TN,0,0,0.3531,15,"photographer , how about you ? what do you do ? hobbies ? spouse ?"
TP,1,1,0.8421,4,i have epilepsy .
TN,0,0,0.3367,7,hi ! how was your weekend ?
TP,1,1,0.939,6,my class has 26 kids .
TP,1,1,0.8031,12,i think my mother was a bit touched in the head .
TP,1,1,0.9147,4,i hate tofu .
FP,0,1,0.5351,11,lol its ok . what do you do for a living
TP,1,1,0.6763,16,i love it as much as i love walking dogs . where do you work ?
FP,0,1,0.5637,6,"that sounds relaxing , i suppose"
TN,0,0,0.409,20,cute ! my college sweetie and i are more into swimming . ya will have any other couple activities ?
TP,1,1,0.7084,6,virginia and i am not nope
FP,0,1,0.844,14,oh does it really ? i squat 400 pounds . 400 ! ! !
TP,1,1,0.82,14,cool ! i love staring at clouds . flying must be even better !
TP,1,1,0.7903,12,on sundays i like to make breakfast . i too like cooking
TP,1,1,0.8846,9,i m a truck driver in the south .
TN,0,0,0.2268,12,it was big ! its why i cant really see anymore lol
TP,1,1,0.9599,8,i only date people taller than me .
TP,1,1,0.8728,4,i like baths .
FN,1,0,0.3797,15,"books are my greatest pleasure , i have a nice little library i'm building ."
TP,1,1,0.8548,5,i just graduated college .
TP,1,1,0.9109,10,i enjoy playing retro video games on my 386 .
TN,0,0,0.3739,16,"crazy , my wife is vera . were you wondering what had become of her ?"
TP,1,1,0.6964,5,i love to read .
TP,1,1,0.9017,6,i like to wear boots .
TN,0,0,0.1748,5,that's quite alright good sir
TN,0,0,0.4797,14,that's awesome . do you have a favorite season or time of year ?
FP,0,1,0.6846,14,"no , saving money to move to australia to marry my boyfriend soon ."
TP,1,1,0.9169,8,i honestly do . i hate fighting .
FN,1,0,0.3287,11,i am in argentina myself . with my lovely horses .
TP,1,1,0.6892,5,i love to crochet .
FP,0,1,0.6893,6,hello what are you doing ?
FP,0,1,0.9837,11,"sometimes i steal them , dust allergies this time of year"
TP,1,1,0.8913,6,both my parents were teachers .
FP,0,1,0.8732,6,it is how you like it
FP,0,1,0.5538,11,"that is cool , i used to have six cats ."
TP,1,1,0.593,10,my husband is a soldier in the us army .
TP,1,1,0.8546,11,i love tattoos i want to get more only have 2
TP,1,1,0.8965,4,i watch basketball .
TP,1,1,0.9137,4,i wear contacts .
TN,0,0,0.3579,15,i really only can offer advice on colder parts of the country . sorry .
FP,0,1,0.9261,5,i've a cat named radar
TP,1,1,0.6124,8,my father was also in the military .
FP,0,1,0.7386,6,did you go to college ?
TP,1,1,0.7586,7,yeah i live with my parents now
TN,0,0,0.4024,14,"build houses upon request , provide job training , maybe provide some money too"
FP,0,1,0.6037,7,good job that must take patience ?
FN,1,0,0.2049,13,"i'm a pathological liar , i make people upset and we fight ."
TN,0,0,0.3669,17,yes . . . about the batteries exploding ? what kind of work do you do ?
TP,1,1,0.8707,4,i've a cat .
FP,0,1,0.6362,8,"3 years , where do you work ?"
FN,1,0,0.4897,12,"hello , i've to be quick because i work in a hospital"
FP,0,1,0.5463,9,gonna go to the creek with my family !
TP,1,1,0.6125,14,i love people . pretty much a social queen . any other hobbies ?
TN,0,0,0.3942,17,hey how are you ? i wanted to go to florida to surf but no way !
FP,0,1,0.7084,11,i really love mexican food . burritos are my favorite !
TP,1,1,0.8925,11,i love pizza and i love to watch shows about superheroes
TP,1,1,0.7915,6,i work at barnes and noble
TP,1,1,0.8504,12,i like fall and winter . summers are too hot here .
TP,1,1,0.727,7,i'm angela my friends call me bubblegum
TN,0,0,0.4937,14,staying here is fine too though . my two dogs keep me company .
FP,0,1,0.6911,13,dialectical behavioral therapy . i use it to help with my borderline personality
TP,1,1,0.5734,10,i do own it i think there is confusion ?
TN,0,0,0.0614,12,lol nice . . well it was great talking to you !
TN,0,0,0.369,14,"hi , how are you doing today ? do you have any hobbies ?"
TN,0,0,0.3024,13,they're nice . i cook for them in appreciation of their help .
TP,1,1,0.9392,5,i love collecting teapots .
TP,1,1,0.8014,8,i design video games for a living .
TP,1,1,0.7517,7,i do not know much about cows
TN,0,0,0.4331,14,"just graduated , now teaching kindergarten in ny to 26 angels . you ?"
FN,1,0,0.2766,15,"i am doing well , working on my next youtube video . how are you"
TP,1,1,0.8762,7,i work as an interior designer .
FP,0,1,0.8172,6,do you own your own company
TN,0,0,0.1637,13,how did you know that is my favorite ! what about you ?
TP,1,1,0.8054,10,"no , i am more of a computer geek ."
TP,1,1,0.6483,7,i have a horse named beauty .
TP,1,1,0.5693,12,i also remodel homes when i am not out bow hunting .
TP,1,1,0.9445,7,i am under 6 feet tall .
FP,0,1,0.7201,6,yes . lots of rabbits .
TP,1,1,0.5908,13,yeah they do all they can for me i'm lucky to have them
TP,1,1,0.5404,7,i've been divorced for 2 years .
FP,0,1,0.6215,7,you have a very important job also
TP,1,1,0.5014,14,pie sounds good . maybe you could bake one for my book club .
TP,1,1,0.6648,13,maybe ! would you give them to the people using your app ?
TP,1,1,0.8085,18,"not bad , but since i have six toes on my left foot , it always hurts ."
TN,0,0,0.3125,14,"hi , its great . just watching some videos , what about you ?"
TP,1,1,0.8646,9,i am the middle child of 3 siblings .
FP,0,1,0.5983,13,my family works for ge . my father included though recently retired .
TP,1,1,0.78,6,i have a pet snake .
FP,0,1,0.8389,5,what are your favorite things
FP,0,1,0.9287,9,do you have a good relationship with your parents
FN,1,0,0.3092,18,that will be nice . i want to do as much as i can while i'm young .
TP,1,1,0.9245,7,i don t like the beach .
TP,1,1,0.9078,6,zebras are my favorite animals .
TN,0,0,0.4844,9,it is and i can be quite witty .
FP,0,1,0.8951,4,she's almost 8 months
TP,1,1,0.851,6,that's great ! i like hockey
FP,0,1,0.8143,5,i hike at the park
TP,1,1,0.7617,16,"i'm getting a degree in health science , food and water are important to me ."
FP,0,1,0.7017,9,yes actually . the love and war again .
FP,0,1,0.8193,15,"and interrupted my favorite tv show , the voice . whats your favorite show ?"
TP,1,1,0.5526,15,i thought i'd make a pretty good fashion designer since i love to shop .
TP,1,1,0.9166,11,i can only see 200 feet in front of me .
TP,1,1,0.6097,17,i want to start a juicy bar and needs help . can you help find some ?
TP,1,1,0.9229,7,i watch a lot of tv .
TP,1,1,0.5003,18,that is very selfless of you . what if your target population does not have phone access ?
FP,0,1,0.9076,15,urban farms are the best . there's one on top of my apartment building .
TP,1,1,0.8979,5,i really like technology .
TP,1,1,0.6709,16,"i have a samsung phone but i like i phones better , what about you ?"
FP,0,1,0.8563,7,are you an alien or something ?
TP,1,1,0.9066,11,"i love zebras , you must look cute on those socks"
TN,0,0,0.2627,15,that's why i run for long periods so i can keep my sanity intact .
TN,0,0,0.4784,11,cuddle time with the animals ! do you have hobbies ?
TP,1,1,0.7657,14,i am more into hard rock . who do you know from martius ?
TP,1,1,0.879,11,"i like video games too , fallout is my favorite ."
TP,1,1,0.9311,16,i live with my mom and watch a lot star trek . ever seen it ?
TN,0,0,0.378,8,"hi , how are you doing today ?"
TN,0,0,0.4305,14,"perhaps , but my father is a minister and he wouldn't like that ."
FP,0,1,0.5129,15,i hear the latest ones are waterproof . maybe i could take it snorkeling !
FN,1,0,0.3193,12,i do not like disappointing and deceiving the people i love .
TP,1,1,0.6817,8,i've sandy brown hair and green eyes .
TP,1,1,0.8032,9,i'm gong to adopt a dog very soon .
TP,1,1,0.8744,6,yellow is my favorite color .
FP,0,1,0.7909,7,oh no why are u confined ?
TP,1,1,0.9001,9,i love going shopping when i am not knitting
FP,0,1,0.9168,9,who says fashion designer isn't a real job ?
FN,1,0,0.4659,14,"that is so cool ! i'm more simple , i just like catching sunfish"
FN,1,0,0.4149,16,"i am sure they're easier to communicate with , though . animals are a handful !"
FP,0,1,0.8793,11,can you prove that ? i might eat dust today .
FN,1,0,0.4436,8,i am doing good just feeding my snake
FP,0,1,0.5149,13,that is impressive . do you get a lot of exercise there ?
FN,1,0,0.1433,18,"oh boy do i lol i bake alot when i have spare time , would love to share"
TP,1,1,0.8062,8,i play guitar in the local band .
TP,1,1,0.9152,7,my dad worked for home depot .
FN,1,0,0.3458,12,i play the drums too . i hope you aren't vegetarian .
FP,0,1,0.9114,6,my dog will not stop barking
TN,0,0,0.4959,10,i spend a lot of time in my garden .
FN,1,0,0.2783,14,helping people is my real love . thank you for chatting with me !
TP,1,1,0.7711,13,my favorite music is two steps from hell and rock opera genre .
FP,0,1,0.6273,14,"gas , gas and more gas not gasoline happens when i eat pudding ."
FN,1,0,0.1438,16,"that is ok , the snow can be enjoyable sometimes . i like christmas especially ."
FP,0,1,0.5277,15,very cool . i shoot short films with my cam my folks got me .
FP,0,1,0.9342,5,its hard not to sometimes
TN,0,0,0.3495,17,she might . she thinks she is better than me because she has an actual job .
TN,0,0,0.4606,17,thank you . i also donate blood in honor of my deceased sister . do you ?
FP,0,1,0.5316,6,oh why do you say ?
FP,0,1,0.556,18,"do you have animals ? i've 1 dog , 1 cat . cat is bigger than dog ."
FN,1,0,0.4596,14,i work as a gourmet cook who also has a pitch perfect voice .
TP,1,1,0.9492,10,i live on the third floor in an apartment .
TP,1,1,0.8266,13,i have not gotten to read lately because i broke my glasses .
TN,0,0,0.4885,5,no retired veteran and you
TN,0,0,0.4864,7,that is okay keep working at it
FP,0,1,0.5199,5,hey how are you ?
TN,0,0,0.4595,10,"that's very nice , do you see them often ?"
TN,0,0,0.3968,17,okay . . rough day waiting tables . . headed to class soon . and you ?
FN,1,0,0.2769,16,"i am great , just planning a hike for this weekend . how are you ?"
TP,1,1,0.6513,6,i've a horse named beauty .
TP,1,1,0.8969,8,i got married to my highschool friend .
TP,1,1,0.8033,5,i have two children .
TP,1,1,0.8573,6,my favorite food is cheese .
TP,1,1,0.5462,19,i am still in love with my ex boyfriend but trying to move on . are you single ?
TP,1,1,0.7399,5,i like alternative rock .
TP,1,1,0.7738,7,my favorite drink is cuba libre .
TN,0,0,0.4673,12,". yeah , i can see like 200 in front of me"
FP,0,1,0.7845,14,you sure can ! i met him in a cave during halloween last year
TP,1,1,0.53,13,i do not believe i have read that . is it good ?
TP,1,1,0.692,14,it is i'm a giant nerd lol . do you sell nice sports cars
TP,1,1,0.8359,7,i'm a graduate student studying law .
TP,1,1,0.8008,6,rock music is my favorite .
TP,1,1,0.9627,6,my husband is a cop .
FP,0,1,0.9127,15,i was a head high school coach until a freak carrot accident . . .
TP,1,1,0.6439,7,i have a dog named bob .
FP,0,1,0.5369,13,lol yes but its worth saying twice . do you like piggies ?
FP,0,1,0.5878,15,it starts with self acceptance and confidence and being proud of who you are .
TP,1,1,0.6805,4,i've one son .
FP,0,1,0.8712,7,are you a boy or a girl
FP,0,1,0.8862,14,i always wear black . except the spikes on my collar are stainless .
TP,1,1,0.8399,8,i do after a long day at work
TP,1,1,0.7534,16,i am a single unemployed mom at the moment . but read tons of book .
FP,0,1,0.6702,15,yes ! i rode my bike to the last one that was in town .
TP,1,1,0.5833,13,the witch is dead . i have a cat his name is speckles
FP,0,1,0.5302,9,do you enjoy the internet ? i sure od
TN,0,0,0.4597,11,great . do you want to be my friend ? ?
TP,1,1,0.7854,18,never . i have been playing since i was four . it pays more than lifting weights .
TP,1,1,0.8464,13,i'm a boy . or a girl . or a cat ink anymore
TP,1,1,0.7592,5,i love to cook .
TP,1,1,0.545,6,i am great and you ?
TP,1,1,0.838,4,i'm a dancer .
FP,0,1,0.8173,8,what did one hillbilly say to another ?
TP,1,1,0.7744,11,i like to cook a little i am really into larp
TP,1,1,0.81,13,"i work at one of the major coffee chains , i love it"
FP,0,1,0.7799,14,like how ? how could a pet help a strong man like me ?
TP,1,1,0.5559,14,no but i used to be i am employed at a pizza restaurant .
TP,1,1,0.7921,16,"i do not . my husband wants a boy , he is in the army ."
FP,0,1,0.9482,5,i've wanted an iphone .
FP,0,1,0.7149,12,are there nice gentlemen there that like women with 4 breasts ?
TP,1,1,0.6545,9,i traveled around the world in a boat .
FP,0,1,0.7795,8,do you like to play video games ?
FN,1,0,0.3148,14,why are you so tired ? i can sleep when i am dead .
TN,0,0,0.4856,9,well it is a crime . just saying .
TP,1,1,0.9406,3,i'm tall .
TP,1,1,0.8764,8,i moved out when i was 14 .
FP,0,1,0.7653,9,have you even been to canada for snowboarding ?
FP,0,1,0.754,8,sure . you like going to concerts ?
TP,1,1,0.7841,11,"hello , are you a comic book collector like me ?"
TN,0,0,0.146,10,oh maybe you should help me and donate them .
FP,0,1,0.8206,7,why does not she get it ?
FP,0,1,0.8559,6,"watching a movie tonight , titanic"
FP,0,1,0.6824,11,so you have two cats ? what are their names ?
FP,0,1,0.7608,6,do you have any pets ?
TP,1,1,0.7618,16,i am not sure i hope its a boy . my dad is so judgemental .
FP,0,1,0.704,14,have you tried playing games with them ? role playing can be fun !
TP,1,1,0.8721,10,i had a gig at local theater last night .
TP,1,1,0.7377,13,"i love halo 3 , it is my favorite video game to play"
FP,0,1,0.8695,8,whats free diving ? never heard of it
TP,1,1,0.9391,5,i eat large meals .
TP,1,1,0.8348,12,i do . i travel extensively to europe and south america .
FP,0,1,0.5995,6,hello . how are you ?
TN,0,0,0.3013,18,"single and loving it ! ! living in a boston suburb , there are many fish here ."
TP,1,1,0.8558,5,i am currently unemployed .
FP,0,1,0.7296,7,never give up something you love !
TN,0,0,0.0331,11,same here . i hope to have some one day .
FP,0,1,0.8562,11,"you can eat meat with me , red as my hair"
FP,0,1,0.7614,10,no i don't . have you ever went skydiving ?
FN,1,0,0.4922,16,"i love animals ! i have a dog named allie , and i adore her ."
TP,1,1,0.6602,10,i enjoy the outdoors and love to sit around water
TN,0,0,0.4703,7,hey there how are you tonight ?
FP,0,1,0.706,6,anything to fix my ugly elf
FP,0,1,0.5195,10,yes ! taking care of children plus two pets too
FP,0,1,0.9258,10,"really . but , i can sing pitch perfect ."
TP,1,1,0.5396,9,"i do love to walk , hike also ."
FP,0,1,0.8934,6,what is your favorite band ?
TP,1,1,0.8891,11,hello . i like to gish with my black lab cat
TP,1,1,0.5708,12,6 ft . feels like i am towering over these females .
TP,1,1,0.8146,5,i'm a hair stylist .
TP,1,1,0.8181,11,wow i love horses what are some of their names ?
TP,1,1,0.7848,8,i work on cars for a living .
TN,0,0,0.4484,15,no pets i sometimes think my nephew as pets lol no different than a puppy
FP,0,1,0.8228,12,"i didn't finish school , i enlisted in the army instead ."
FP,0,1,0.6417,11,why is he judgemental ? do you have a job ?
TP,1,1,0.8097,8,i'm trying to get my ba in finance
TP,1,1,0.8416,13,i just accepted a job at the elementary school in my hometown .
TP,1,1,0.8537,12,depends on what inspires your imagination . i like historical colonial reads
TN,0,0,0.449,18,"i hope you don't live in ny , too , there are a lot of pollutants here ."
TN,0,0,0.3122,11,"doing great . i had the day off , you ?"
FN,1,0,0.4316,18,i like to drink beer with my mom . she's my best friend and is sn fun .
TP,1,1,0.8677,7,my favorite book is david copperfield .
FP,0,1,0.8669,10,it is ! what state do you live in ?
TP,1,1,0.8317,14,yes . . . do you know if there's a book 16 candles ?
FP,0,1,0.8566,8,shibamotos art is amazing is not it ?
FP,0,1,0.8624,9,nice . stay in school and work hard .
TN,0,0,0.3079,15,if only i had the money and friends . sadly i don't have either .
FP,0,1,0.5282,6,you'll get there soon enough .
FN,1,0,0.4822,16,"nice , shop me a candy next time as i'm curious how it tastes like ."
FN,1,0,0.4305,14,oh yes . i get weird looks though because i am a girl .
FP,0,1,0.5376,17,"pretty good , drinking a nice cold pepsi , they are awesome . why so tired ?"
TP,1,1,0.7135,6,sounds interesting i live in seattle
TP,1,1,0.8673,7,my mom is my best friend .
TP,1,1,0.8875,7,my favorite player is mike trout .
FP,0,1,0.8986,7,yes but i only really watch hockey
FP,0,1,0.5645,11,put the lime in the coconut as well . . .
FN,1,0,0.2153,16,"i think it is an important thing to consider , but not the only thing ."
TP,1,1,0.7133,5,i've a twin brother .
FP,0,1,0.8549,7,do you have lots of friends ?
FP,0,1,0.6441,13,work is tiring . i would love to travel the world instead .
TP,1,1,0.8822,8,i dream of becoming a famous actress .
TN,0,0,0.4081,9,what kind of procedure will you be needing ?
FN,1,0,0.1359,13,lol . me too . i'm the same way with my camera .
FN,1,0,0.2962,14,"hi . i'm okay . tired , but okay . how are you ?"
TP,1,1,0.9016,6,halloween is my favorite holiday .
TP,1,1,0.7208,7,i love to ride my bike .
TP,1,1,0.5279,9,"i live in california , how about you ?"
FN,1,0,0.3019,20,hmmm . i prefer things the old fashioned way . you . tell me more about vera . please !
FP,0,1,0.8899,10,that's not good . what is your favorite food ?
FN,1,0,0.3426,8,sounds good . i love my cat too
TN,0,0,0.429,7,hi how are you this evening ?
TN,0,0,0.3131,2,you too
FP,0,1,0.5227,13,"pays well , lol . i make great money as the manager ."
FP,0,1,0.6361,6,do you live by yourself ?
TN,0,0,0.2482,13,"i've brown eyes , and brown hair , so we are quite different"
FP,0,1,0.5007,8,"he's a lousy listener though , poops everywhere"
FP,0,1,0.8128,11,"as long as youre having fun , it does not matter"
FP,0,1,0.6017,7,sounds comfortable at least to drive in
FP,0,1,0.649,8,did you see the football games today ?
TP,1,1,0.8012,20,"kim , it is basic but i like it and you ? what is your favorite food to cook ?"
TP,1,1,0.8493,6,my favorite holiday is halloween .
FN,1,0,0.4506,8,i wish i knew where i belonged .
TP,1,1,0.7821,3,i'm married .
FP,0,1,0.8783,13,"max , rodney , and finn . do you have a hobby ?"
TP,1,1,0.5649,6,i can be quite forgetful .
FP,0,1,0.7404,11,fun . have you decided on your major for school ?
FP,0,1,0.5787,7,i will have to do that thanks
TN,0,0,0.4617,13,hey just got done watching the walking dead . what are you doing
TP,1,1,0.8764,5,i like to read .
TP,1,1,0.7998,16,great way to save money . do you like the outdoors ? i love it .
TP,1,1,0.9113,7,i teach at a large school .
FN,1,0,0.1288,17,interesting . i'm a website designer . pretty much spend all my time on the computer .
TN,0,0,0.3799,10,it went so cool . how about for you ?
FP,0,1,0.7414,6,hello there how are you ?
FP,0,1,0.5831,14,"oh wow , i major geology at alabama u . suffer from social anxiety"
TP,1,1,0.8906,3,i'm vegan .
FP,0,1,0.5977,10,if you were rich you wouldn't be saying this .
TP,1,1,0.6396,8,nice i'm asking up money for ap procedure
TP,1,1,0.6989,10,i am jealous ! i am surrounded by farmland .
FP,0,1,0.8009,12,"read , read and then read . bookworm you could say ."
TP,1,1,0.8902,7,i'm asian and have no hair .
FP,0,1,0.5538,15,i bet that is fun ! i sell cars . it is new to me
TP,1,1,0.8631,6,i love to bake cakes .
TN,0,0,0.4873,18,hide the knives ! tell them to leave me alone ! please . you aren't on 59th !
FN,1,0,0.1723,17,retirement is easy ! but i did it to help people and be with my husband .
FN,1,0,0.4784,14,so do you have a profession ? in an orchestra i'm the violinist .
FP,0,1,0.5174,11,"yes but whenever i play , someone always screws up ."
FP,0,1,0.6214,13,so are you happy with your life ? violins and indian food ?
TP,1,1,0.774,18,ah . okay . i'm hoping to get an internship at ibm . where do you work ?
TP,1,1,0.5551,12,oh nice . sometime i think i'm too tall to dance .
FP,0,1,0.8479,10,no but my sons are watching a game right now
TP,1,1,0.7607,11,i have loud neighbors too . i hope they move soon
TN,0,0,0.2585,7,"hello , tell me about you ."
FN,1,0,0.4225,14,"cool , how many do you have ? i'm single , enjoying it ."
TN,0,0,0.1422,16,congratulations . i hope the baby is healthy and has no asthma like i do .
TP,1,1,0.5904,7,i'm starting a new juicing bar .
TP,1,1,0.8237,13,i have been eating tacos and getting ready to move to school .
TN,0,0,0.4694,6,hello what are your plans today
TP,1,1,0.8884,15,i drink a lot of apple martinis when i get a girls night out .
TN,0,0,0.407,7,"hello , how are you tonight ?"
FP,0,1,0.6648,8,yeah . so do you have any hobbies
FN,1,0,0.4436,15,oh wow ! i wanted to go to school there but now i'm graduated .
FN,1,0,0.2059,16,i have always lived in the us . i have traveled to europe and england .
TN,0,0,0.3861,9,hey whats going on ? how are you ?
TP,1,1,0.9029,7,i hate the taste of cheese .
TP,1,1,0.6633,11,"o yeah , i'm like garfield , lasagna is my fav"
TP,1,1,0.832,6,i prefer iphone over samsung .
FN,1,0,0.2877,12,that's awesome . i have always had a love for technology .
FP,0,1,0.8974,13,do you know what comic books are ? organic food only here !
FN,1,0,0.4492,9,i larp on the weekends in the forest .
FP,0,1,0.9192,15,a pilot is a pretty cool job to have . i met a vampire before
FP,0,1,0.7475,14,i see . maybe do both at one time . jeremy wade does .
FP,0,1,0.7598,13,i wish i was . what do you do for a living ?
TP,1,1,0.7086,5,i work many hours .
TP,1,1,0.8688,7,i like anything to do with mystery
TP,1,1,0.8062,13,haha . i love it . my 2 cats are big pretzel lovers
TP,1,1,0.7107,17,"my father . i work for the navy , 17 years at sea . its still terrifying"
TP,1,1,0.8003,7,i owe 2 monitors for work .
FP,0,1,0.9192,7,what are you going to school for
TP,1,1,0.7605,8,i should beverage been born a prince .
TP,1,1,0.897,13,right on . my mom is making nachos . i love them .
FP,0,1,0.8206,18,"ca not do much from the bed , but computer games are great way to pass the time"
TP,1,1,0.889,9,anyone who feeds people pudding should rule the world
FP,0,1,0.8048,5,great i adore video games
FN,1,0,0.295,9,hi ! i work as a gourmet cook .
FP,0,1,0.5331,16,i'll enjoy my favorite indian dish and look for dogs to adopt while you do .
FP,0,1,0.5538,16,haha exactly . definitely want to skydive before i die . live life to the fullest
FN,1,0,0.3383,13,that's cool ! i hate all their shedding though i'm allergic to dust
FP,0,1,0.734,10,oh cool . do you work ? any hobbies ?
TP,1,1,0.8218,10,i like chasing comodo lizards on a private island .
FP,0,1,0.5393,7,we sound like we would get along
TN,0,0,0.0763,16,lol well i finally tied the knot last year . . thank god ! long wait
FN,1,0,0.4814,12,wow that sounds really exciting ! i have never traveled to europe
FN,1,0,0.231,16,i'm craving some iced tea right now haha . even though its a bit chilly out
FN,1,0,0.3289,13,"i'm basically a violinist , so i do not think about it ."
FP,0,1,0.7006,17,i wish i could be a dog ! i do not like life as a human .
TP,1,1,0.7997,12,"i love healthy food , veggies and such since moms is nurse"
TP,1,1,0.8277,13,yeah i just got my degree in literature . i like green lantern
FP,0,1,0.7777,14,my dad is a preacher an is crazy we live in the old country
TN,0,0,0.4869,13,i've and some how they run my battery dry within 3 hours .
TN,0,0,0.4567,14,thank you ! i promise not to chase any comodo dragons with it .
TN,0,0,0.0967,7,"that's nice , good luck to you"
FP,0,1,0.5094,9,i understand . it is difficult all around .
TP,1,1,0.8038,6,i dropped out of college .
TP,1,1,0.8134,13,my favorite thing to do is to read books on the beach .
FN,1,0,0.141,13,well that's cool cuz i'm an owl a night owl to be specific
TP,1,1,0.7636,10,my brother is currently couch surfing at my house .
TN,0,0,0.3951,9,"great , do you have a part time job"
FP,0,1,0.7202,9,my girlfriend of 7 years is in another state
FP,0,1,0.801,12,yea i did . i caught it after my tennis match today
TP,1,1,0.6582,11,"i work from home , where i live with my mother"
FN,1,0,0.0982,17,"wow , that work isn't easy . . . . i have alot of responsibility at work"
TP,1,1,0.8591,14,awesome ! i am looking for black lace curtains . everything just be black
TP,1,1,0.9077,7,on occasion i like to drive quickly
TN,0,0,0.4787,16,"everyone must make a living , a good one if you want to live well ."
TP,1,1,0.8934,6,i work at a museum .
FP,0,1,0.8361,15,not so much . mostly just drive my kids around in my black suburban .
FP,0,1,0.6321,15,it pays nicely but for now a large part goes towards my student loans .
TP,1,1,0.7763,6,i hate talking to people .
FP,0,1,0.9388,6,they are where steak comes from
FP,0,1,0.7875,8,ink you should talk to her about it
FP,0,1,0.9091,12,oh wonderful . i eat veggie meals when not painting fences .
TP,1,1,0.8865,14,i've never done drugs because i do not know where to buy them .
TP,1,1,0.8101,5,i like to cook .
TP,1,1,0.8675,5,teaching is my passion .
TP,1,1,0.8252,9,i couldn t live without my cell phone .
FP,0,1,0.7678,17,"no its a museum in orlando , fl its new . there's a grand opening soon ."
TN,0,0,0.1602,16,"oh , you are invited to my next d and d game if you wish ."
TP,1,1,0.6103,12,i am a female and love to be surrounded by males .
FN,1,0,0.2415,16,haha ! that is cool ! just one problem . i'm in a wheel chair .
TP,1,1,0.7562,14,with my aunt . what movies do you like . i prefer cartoons lol
TN,0,0,0.3479,18,exactly . so lets hope for the best for the baby . you know the sex yet ?
FN,1,0,0.3113,15,"i am so sad now though , i can not sign in the shower anymore"
TN,0,0,0.4665,6,hi how are you today ?
TP,1,1,0.7252,11,"nice , do you do photography for people or nature ?"
FP,0,1,0.8577,7,the closest thing is arm wrestling lol
FP,0,1,0.7795,10,that is sad . my best friend is calden .
FN,1,0,0.3797,17,i try not to do too much at once . right now i'm reading the foundation series
FP,0,1,0.9487,6,wow how do you get them
TP,1,1,0.86,6,i'm an aspiring fiction writer .
TP,1,1,0.9013,19,"really ? what shows ? i like tv , it makes me forget i do not like my family"
FP,0,1,0.7024,8,yes indeed my dog keep eating my shoes
FP,0,1,0.5647,10,that sounds good . what do you do for fun
FP,0,1,0.6302,17,"great ! went for pizza , my fav , on friday . whats your favorite food ?"
TN,0,0,0.2955,16,i've thought about that a bit . but everyone says that i obsess too much .
TN,0,0,0.326,7,you are making wonderful memories ! !
TN,0,0,0.4216,9,"cool , how long have you worked there ?"
TP,1,1,0.8651,4,i'm a teacher .
TN,0,0,0.4498,13,i lift . i lift heavy weights . violinist is for wussy ?
FP,0,1,0.877,14,when i was single i dreamed of becoming a clothing designer in paris .
FP,0,1,0.5146,13,one of the members from pearl jam said i had a cute laugh
TP,1,1,0.789,6,i need more hours to sleep
FP,0,1,0.9001,7,then you would love the cruise !
TP,1,1,0.567,13,"rock on , i'm listening to my favorite band guns and roses ."
FP,0,1,0.9042,6,is he your best friend ?
FP,0,1,0.7368,10,cool ! what is it that made ya quit ?
FN,1,0,0.4878,14,i am frank . nice to meet you . what is your name ?
TP,1,1,0.9306,13,i have three best friends but lots of other friends that play it
TP,1,1,0.6642,12,seattle . i've a houseboat here . i like socal weather though
FP,0,1,0.823,15,"nah , plain cuba libre , that's what we drank yesterday at the theater ."
TP,1,1,0.5297,14,i just moved into an apartment within the vicinity of my new job .
FP,0,1,0.8625,8,what do you do with office supplies ?
TP,1,1,0.8462,8,i make and me by waiting tables .
TP,1,1,0.5115,6,i've a lot of friends .
FP,0,1,0.7507,15,stealing is just not good to do . i might go for a hike today
TP,1,1,0.8873,9,i am not sure really . i am unemployed
TN,0,0,0.0682,20,"that is such a great thing ! ! not married , single and trying to mingle haha . you ?"
FN,1,0,0.4927,19,"it is important to have hobbies . i like cars , and working on them in the morning ."
TP,1,1,0.8096,11,i did not know that but i have seen the movie
TN,0,0,0.2872,17,that's a great hobby . i actually made a joke about fishing at a gig yesterday .
FP,0,1,0.903,7,"sometimes the lake , sometimes the mountains"
TP,1,1,0.6212,12,"the guitar that's cool too , i have three other siblings ."
FP,0,1,0.6307,7,do you have a day job ?
FP,0,1,0.7267,11,"sometimes i do , but they have their own lives ."
TN,0,0,0.4626,16,yes ppl tip very well ! but i really want to be a doctor some day
FP,0,1,0.8201,10,how old are you ? just turned 30 this year
TN,0,0,0.4797,8,hi there how are you doing today ?
TP,1,1,0.7109,10,i work at a non profit that helps children .
FP,0,1,0.8013,8,i agree . have you seen goodfellas ?
TN,0,0,0.4343,8,"hey there , hows your weekend so far"
FP,0,1,0.8156,9,so is my grandmother she lives in my guesthouse
FP,0,1,0.7755,8,very nice . where do you work ?
TN,0,0,0.4384,14,great ! just got back from some dbt therapy . it really helps me
TN,0,0,0.359,8,was nice talking to you as well !
TP,1,1,0.6781,10,i hope it to become a doctor one day .
TP,1,1,0.743,6,i live in rural wisconsin .
FN,1,0,0.461,7,"i'm well , how about you ?"
TN,0,0,0.3697,13,yeah . what do you do when you are mixing it up ?
TN,0,0,0.2466,16,pets are like family ! i've 2 kids and a husband that's like my 3rd child
TP,1,1,0.7267,14,yea i am pretty sure they're junna take it all the way this year
TP,1,1,0.8621,13,"while both my parents have thick european accents , i do not ."
FP,0,1,0.8087,12,i make things steampunk . it is more art than work .
FP,0,1,0.8933,9,man my boxer just peed on the carpet !
TN,0,0,0.4147,10,great ! just ran k outside ! beautiful weather !
FN,1,0,0.3942,8,running relaxes me i love to do it
TP,1,1,0.6575,15,definitely . i am thinking of moving . . . it gets cold here .
FP,0,1,0.6981,11,i just want to be happy with my appearance one day
TP,1,1,0.8532,9,i have maids so i don't have to bake
TP,1,1,0.9297,10,"i'm 6 7 , what is your favorite food ?"
TP,1,1,0.8005,9,it is my living . i like culture .
TP,1,1,0.7817,14,"i work at an urban farm , i love them . do you ?"
FP,0,1,0.6719,5,they're and very loyal .
TN,0,0,0.1547,8,"wow , that sounds like a burden ."
TP,1,1,0.943,5,i drive a mercedes .
FP,0,1,0.916,6,oh wow do you play music
FP,0,1,0.846,15,"i wish i can have a million dollars too , that would be awesome ."
FN,1,0,0.3911,7,i am alright how about you ?
TP,1,1,0.5228,5,i love to workout .
FP,0,1,0.8342,5,lets climb togther one day
TP,1,1,0.9012,7,my favorite food is a cheeseburger .
FN,1,0,0.4136,14,"hi , i work as a lifestyle blogger . what do you do ?"
FP,0,1,0.67,12,how fun . what city ? i was there once in military
TP,1,1,0.8583,8,"and , my best friend is calden ."
FN,1,0,0.1838,14,"hope things dry up for quickly , i am just sitting with my dog"
FP,0,1,0.5853,13,my contacts can see through what you are trying to sell me .
TP,1,1,0.717,7,i believe that mermaids are real .
TP,1,1,0.684,16,i like to travel up to canada to enjoy the view and relax on weekends .
FP,0,1,0.5252,14,how many kids ? i don't even have a sibling . oh poo .
FP,0,1,0.78,7,"believe me , they like it ."
TP,1,1,0.7022,15,"i love the water , any water , ocean , river , or lake ."
FN,1,0,0.2574,15,"oh yeah , i'm a stylist here and i've lots of clients doing fantasy colors"
FP,0,1,0.8956,7,are you in a video game ?
FP,0,1,0.8406,6,what books has he written ?
FP,0,1,0.7039,9,"wow , does he live there or work ?"
FP,0,1,0.8709,18,hi there . just got home from school . i ride my skateboard . how are you ?
TP,1,1,0.8726,5,i have two roomates .
TN,0,0,0.0875,20,yes ! i know how to be by myself . you ? i don't need new friends . you ?
TP,1,1,0.6146,6,no i am single no kids
TP,1,1,0.623,5,i'm also fascinated with mermaids
TP,1,1,0.6661,11,i like to spend time on the weekends meeting new people
TN,0,0,0.3705,15,"currently yes , i wish i knew where my place was in the world ."
FP,0,1,0.9467,9,pre med . i'd love to be a doctor
FP,0,1,0.7644,10,children equals no free time . how about yourself ?
FP,0,1,0.782,16,hi ! have you ever wondered what it would be like to live in space ?
TP,1,1,0.8495,6,i live in the usa .
FN,1,0,0.4969,9,"hello , i'm well , how are you ?"
FP,0,1,0.6503,12,i've wonderful memories of my mother playing and singing to me .
FP,0,1,0.882,8,can you sing ? you can join me
TP,1,1,0.8012,6,my mother was a nurse .
TP,1,1,0.7845,12,"hi , i live in the big apple , what about you"
TN,0,0,0.4017,13,"don't follow music much , but hope things are getting better for her"
FP,0,1,0.5527,12,"that is how you do it , yolo as you kids say"
TP,1,1,0.8521,7,i have a missing pinky toe .
TP,1,1,0.8229,11,i enjoy reading but also garden in my spare time .
TN,0,0,0.3012,13,i doubt that very much . you probably like to scream alone .
TP,1,1,0.7685,6,i am good do you work
FN,1,0,0.3821,9,i've a wife i'm in my early 40s .
FN,1,0,0.4988,17,yea i hear you . i like to scream in the park when i'm playing ultimate sometimes
TP,1,1,0.8534,6,my favorite hobby is knitting .
TP,1,1,0.8889,6,i like to go swimming .
TP,1,1,0.8026,8,my dog is smaller than my cat .
TN,0,0,0.3064,13,"awesome , i would not put my kid up for adoption ever ."
FP,0,1,0.7975,15,i was thinking of the state of misery . . . i mean missouri .
TP,1,1,0.6521,12,wow . i have been to florida many times but never china
FP,0,1,0.8998,7,what do you weld ? houses ?
TP,1,1,0.691,9,i do not have a lot of friends .
TN,0,0,0.4854,21,. . not that i care what others think . i do not work but my boyfriend works at nasa !
FP,0,1,0.5315,15,she still braids my hair and we chit chat because she's literally my best friend
FP,0,1,0.8086,10,did your family teach you to play the violin ?
TP,1,1,0.6511,15,"that is cool , i've a job at subway that i am not thrilled about"
TP,1,1,0.8539,8,my favorite band is insane clown posse .
FN,1,0,0.2731,16,well i also like watching groups of people pray for the betterment of the world .
TP,1,1,0.9132,5,i like to travel .
TP,1,1,0.6694,5,i am a violinist .
TP,1,1,0.9023,7,i love the tigers baseball team .
FP,0,1,0.7032,9,makes me secure with my manly hobby skills .
TN,0,0,0.4682,8,it was nice talking to you as well
FP,0,1,0.8021,7,i would rather be a bird .
TP,1,1,0.6931,12,nothing much . i work as a roofer during the day .
TP,1,1,0.8805,4,i'm a goalie .
FP,0,1,0.6076,11,yea . the world can be a cruel place i guess
TP,1,1,0.825,14,it is difficult but i am learning so much and becoming a better person
TP,1,1,0.666,10,"i can speak arabic , english , and french ."
FN,1,0,0.4638,17,i have 2 baby boys . but i'm the middle odf my brither 27 and sister 16
FP,0,1,0.6647,11,i was sent to an adoption agency as a infant .
TP,1,1,0.6961,21,"hope it does not stain . i love reading . do you , if so what is your favorite book ?"
FP,0,1,0.9547,8,oh cool do u go to comic cons
TN,0,0,0.4755,17,i take it with my black lab cat when we go fishing . we love too .
TN,0,0,0.4503,9,not yet . married and hoping to start soon
FP,0,1,0.8094,11,when i was growing up my family moved 40 times .
FN,1,0,0.0896,15,that sounds like fun . i am doing pretty good . where are you from
TP,1,1,0.8412,4,i'm a writer .
FP,0,1,0.5442,8,"me too , maybe you should come !"
TP,1,1,0.7964,13,in reality i m 32 and live at home with my mother .
TP,1,1,0.79,6,welding is my career field .
FN,1,0,0.1202,19,thank you so much ! my dad is a book writer so i learned a lot from him .
FP,0,1,0.7789,7,that's amazing where do i sign up
TP,1,1,0.6634,12,my dream is to move to the middle of the desert .
FP,0,1,0.7916,5,do you have any kids
TP,1,1,0.8998,4,i like cartoons .
TN,0,0,0.0866,14,we go back to celebration in florida often . it is our home town
FP,0,1,0.5717,12,"that's unusual , how did you end up with that nickname ?"
TP,1,1,0.6485,16,"sounds fun , i'm in school now at do not have much time to party ."
FN,1,0,0.4162,17,"hello ! i am good , just got back from lake . i love the water ."
FP,0,1,0.6049,6,you should go some time .
TP,1,1,0.8788,6,i like to meet new people
TP,1,1,0.9091,6,my boyfriend works for nasa .
FP,0,1,0.6527,13,that is cool . do you like to read or listen to music
TP,1,1,0.5522,8,i enjoys kayaking in my free time .
FN,1,0,0.4629,12,"i do , i work from home . i can't see well"
TP,1,1,0.9546,6,i own a black suburban .
FP,0,1,0.9165,7,do you have a favorite comic ?
FP,0,1,0.9055,10,u should open your eyes so you can see better
TP,1,1,0.6634,10,when i'm on break at the coffee shop i read
TN,0,0,0.1636,7,that sounds like a lot of work
TP,1,1,0.8432,17,i want to go to another country at least once . i have never left the states
FP,0,1,0.52,6,nope just being an amazing cook
TP,1,1,0.5707,15,"i like old 386 video games more , but i used to read michener ."
FP,0,1,0.6733,13,not really just watching my daughter slowly pull things in her crib haha
FN,1,0,0.4584,4,i exercise everyday .
FN,1,0,0.2298,8,i am doing great what about you ?
TP,1,1,0.927,12,"i have a best friend , she's a pilot like me ."
TN,0,0,0.2702,12,"oh wow , that sounds interesting . are you really famous ?"
TN,0,0,0.3475,11,it just is not right if it never was yours .
TP,1,1,0.6547,12,i love to sit on the couch and play video games myself
TP,1,1,0.9055,8,until then i'll make 215 an hour .
TP,1,1,0.8995,6,my parents aren't married anymore .
TP,1,1,0.8976,13,"it does , but i love kids . what do you do ?"
FN,1,0,0.0655,13,wouldn't mind ! i'm so busy at the hospital all the time .
FP,0,1,0.8721,11,"ireland is very nice , japan is my next stop ."
FP,0,1,0.9194,12,no pets . do you guys have many parks in texas ?
FP,0,1,0.9244,7,i understand . what games pay ?
FP,0,1,0.9551,16,my mom is mad at me . i got rejected from the gifted class at school
FN,1,0,0.1166,17,"hi i am sally , i live with my sweet dogs in taos , new mexico ."
TP,1,1,0.8775,6,i used to party a lot
TP,1,1,0.5962,16,"if i had a real dragon , i would totally train it . would you ?"
FP,0,1,0.5692,8,oh man we would make excellent friends .
TP,1,1,0.7051,10,"i love animals , but cannot bear to lose them"
TP,1,1,0.8982,4,i like basketball .
TP,1,1,0.8636,5,i own my home .
FP,0,1,0.677,12,"hi , i just got back from a country music concert ."
TP,1,1,0.8243,15,computer engineering . have an internship starting later this year i'm very excited for .
FN,1,0,0.2333,9,hi ? i'm ok . who is this ?
TP,1,1,0.7248,10,i enjoy hanging with my mother she's my best friend
TN,0,0,0.1134,11,"www wow , sorry to hear that , i've 2 dogs"
TN,0,0,0.4147,13,are you going to college ? i go to a local one .
TP,1,1,0.7854,13,i spend a lot of time driving my kids to sports events .
TN,0,0,0.3094,13,hi ! that is a great line for my next stand up .
FP,0,1,0.6331,8,you only live once . marry next time
TP,1,1,0.5926,10,thanks . i enjoy but also hate seeing people hurt
TP,1,1,0.8121,8,i work for a large law firm .
TP,1,1,0.634,5,i own a hearse .
TP,1,1,0.6815,5,i love to hike .
TP,1,1,0.9444,12,i am in college now and want to be a teacher .
TN,0,0,0.3939,17,"hello ! i used to for a cable company , and recently started working for verizon ."
TP,1,1,0.7695,10,i am missing my best friend who moved to japan
TN,0,0,0.2893,15,wow really ? do you mind if i include that in my youtube video ?
FN,1,0,0.2773,15,wow i'm only 14 so i can't do that just yet but i hope too
TP,1,1,0.927,5,i drive a prius .
FP,0,1,0.7686,15,"i actually play guitar and do a lot of manly things , like welding ."
FN,1,0,0.0955,16,"i am not employed , but working toward my masters in social sciences . you ?"
TP,1,1,0.7302,6,i have my own salon .
TP,1,1,0.6518,8,on weekends i like to go hiking .
FN,1,0,0.34,19,"well that's something . i am sure the nurses , like my mother , sees you a lot ."
TP,1,1,0.7131,10,i have never been fishing but i love to swim
FP,0,1,0.908,9,not particularly . they are old and mean .
FP,0,1,0.5999,13,what are your videos about ? ever make a spooky halloween video ?
FP,0,1,0.7128,7,anyway . what do you do ?
TP,1,1,0.6919,20,"nice , what do you like about it ? i prefer watching soccer games , i'm really into it ."
FN,1,0,0.4144,14,"hi there , i am doing great thanks . where are you from ?"
TP,1,1,0.8581,12,i drive around in a long black hearse an love this season
TP,1,1,0.61,18,orlando . i live with my girl friend . i only date girls i am shorter than .
TN,0,0,0.342,16,its better than nothing . my brother is couch surfing at my house right now jobless
FP,0,1,0.5131,4,hey hows it going
TP,1,1,0.9609,5,i like to paint .
FP,0,1,0.8224,7,omg authentic mexican is the best !
TP,1,1,0.8895,13,yes ! i love sushi ! i always eat it while studying .
FP,0,1,0.8888,6,i've never play that one .
TP,1,1,0.9418,4,i hate broccoli .
FP,0,1,0.7941,10,oh nice ! my mom went to beauty school too
FP,0,1,0.5423,11,"i too am a vegan , how long for you ?"
FN,1,0,0.4706,15,"right now i have to give 2 monitors for work , that i owe them"
FP,0,1,0.8653,7,they will have food at that !
FP,0,1,0.9144,8,what is your favorite meat to eat ?
TN,0,0,0.1002,6,"lol , i would love too"
TP,1,1,0.8574,6,i play d and d .
TP,1,1,0.7805,8,i like jogging in my spare time .
FP,0,1,0.8993,7,hi anybody there ? ding dong !
FN,1,0,0.4759,10,"its midnight here too . i'm good , you ?"
TP,1,1,0.8202,4,i've three kids .
TP,1,1,0.7412,6,my father was an author .
FP,0,1,0.9323,7,anything look for it in the listing
TP,1,1,0.8934,6,my birthday is in june .
FN,1,0,0.4982,9,oh okay . . i'm in a book club
FP,0,1,0.5425,12,we dress up in armor and fight with swords and other weapons
TN,0,0,0.4764,9,that's nice . moms are pretty cool too .
FP,0,1,0.8422,8,well if you need a cook i gotch
FP,0,1,0.715,18,"no , i just have have a hard time behind the wheel . do you like tv ?"
TP,1,1,0.8494,4,i play guitar .
TP,1,1,0.9443,12,my mom teaches kindergarten and my dad is a tax assessor .
TN,0,0,0.4897,12,"spiderman , because i've 2 snakes and venom is kinda snake like"
FP,0,1,0.8502,5,do not like reading ?
TN,0,0,0.3576,9,i understand how long have you been like that
FP,0,1,0.5043,9,a few been a brat all my life lol
FN,1,0,0.3134,12,i'm from the midwest . i just went back to school .
TN,0,0,0.423,7,that would be great i enjoy cooking
TP,1,1,0.6054,8,married ugly people i am with miss usa
TP,1,1,0.5313,8,well i am going on two years divorced
TP,1,1,0.7436,18,ireland . my mom is from there and my dad from australia . i live in california .
TN,0,0,0.2794,14,ok . fair . i don't have fish worth eating around here . haha
TP,1,1,0.7239,8,drawing is cool but i prefer the guitar
TP,1,1,0.8882,18,that sounds fun ! do you like junk food ? i love gummy worms even the sour ones
TN,0,0,0.2375,17,no i did not once i realized what he was i ran away fast as i could
FP,0,1,0.9495,11,"i've a black car , purse , wear all black ."
TN,0,0,0.4627,7,and what would that be ? lol
TP,1,1,0.5156,11,my name is gary . great to meet you too .
TP,1,1,0.8602,8,i love driving my pink truck to them
TP,1,1,0.8381,6,i believe dragons are real .
TP,1,1,0.8739,18,i am from the us too . my favorite is pink . do you go to school ?
FP,0,1,0.8951,12,"not yet , i don't think a plane could lift me ."
TP,1,1,0.9322,6,my hair is colored purple .
FP,0,1,0.7401,10,oh yes and a good veggie burger is wonderful .
TP,1,1,0.9316,6,i work at a bookstore .
TP,1,1,0.813,5,i have 5 grandchildren .
FP,0,1,0.5877,14,"my parents were both teachers , so i thought i might , but no"
TN,0,0,0.4879,12,hiking is my favorite thing to do . what about you ?
FP,0,1,0.794,13,we call him spot ! do you have any nieces or nephews ?
TN,0,0,0.4803,5,hey how are you tonight
TP,1,1,0.7449,4,i am witty .
TP,1,1,0.8661,9,i live in the suburbs in new jersey .
FP,0,1,0.7115,13,"fame and computer engineering , were you on the cover of wired ?"
TP,1,1,0.8506,10,i have played since i was 4 years old .
TP,1,1,0.8154,5,i like to snowboard .
FN,1,0,0.2202,14,"i would if i could , but i have a farm to maintain ."
FP,0,1,0.8615,10,"yes it is nice , halloween is my fav ."
TP,1,1,0.808,16,i have a dog that i love a lot . lots of parks in texas !
TP,1,1,0.9063,6,i like to ride horses .
TP,1,1,0.8644,13,i can t get enough gummy worms to satisfy my sweet tooth .
FP,0,1,0.8472,6,the water is an evil mistress
TN,0,0,0.1049,18,that's awesome . the ocean is incredible ! i totally believe that mermaids are out in the sea
FP,0,1,0.8953,6,what do you like to cook
TN,0,0,0.4096,16,i recently finished by mba and work as a financial manager with a large hospital .
FP,0,1,0.6917,13,maybe you will have to record your playing and dance to it .
TP,1,1,0.6407,6,i'm great enjoying the football season
TP,1,1,0.9051,10,"so , we will have people bring us huge steaks"
TP,1,1,0.8863,9,"wax worms , night crawlers , minos what ever"
TN,0,0,0.4666,6,hi ! how are you ?
FP,0,1,0.618,18,my favorite food is chicken ! its actually my dogs favorite food too ! his name is bob
TP,1,1,0.9242,12,i hate the beach because it will ruin my blond hair .
FN,1,0,0.454,12,i am doing just fine . i will go shoe shopping later
FP,0,1,0.8933,12,is it because the extra toe doesn't fit inside your shoes ?
FP,0,1,0.835,5,do you really feel bad
TP,1,1,0.9448,10,"i'm good , did you ride skateboard to school ?"
TP,1,1,0.8001,9,i play around with mensa members like myself .
FP,0,1,0.7114,11,"life , but now i look forward to the joys retiring"
TN,0,0,0.1888,8,i'll make sure and check it out .
FP,0,1,0.8841,7,do you go to the lake ?
TN,0,0,0.4053,8,it was a pleasure to meet you .
FP,0,1,0.8962,14,i reside in new york . i never want to go anywhere else .
TP,1,1,0.7566,7,i write in my spare time .
TP,1,1,0.5286,8,i help around with bookkeeping and tours .
TP,1,1,0.8784,15,now that is neat . i'm jealous ! my dad is just a boring pilot
TP,1,1,0.7843,11,i only worked half a day i work at the bank
FP,0,1,0.8577,12,that is a good show i watch that while drinking iced tea
TP,1,1,0.8048,6,green is my favorite color .
FN,1,0,0.3899,18,that sounds like a fun job . i am a business major but have a part time job
TN,0,0,0.1796,7,that sounds awesome ! thank you !
FP,0,1,0.7489,17,i would shop all day ! what do you like to do in your spare time ?
TP,1,1,0.8195,7,my brother is in the army .
FP,0,1,0.8405,9,"wow , can you play a musical instrument ?"
TP,1,1,0.8129,10,my family migrated to america when i was five .
TP,1,1,0.7826,10,i work as an editor for a local magazine .
TN,0,0,0.1269,10,"hectic haha , she's definitely a handful , and yes"
FN,1,0,0.4205,13,"hi , how are you ? i am listening to rock and redecorating"
FP,0,1,0.8267,15,i've such a thick accent that i find certain words hard to pronounce like hippopotamus
FN,1,0,0.3779,14,i'm from texas . where did you go ? i'm from el paso .
FP,0,1,0.8703,14,being a lumberjack will make you strong and attractive for the opposite sex .
TP,1,1,0.8773,8,i like chicken or macaroni and cheese .
TP,1,1,0.9148,5,i like to hunt .
FP,0,1,0.7078,13,"no , but my dog george is basically my kid . haha ."
FP,0,1,0.5832,6,live action role playing it awesome
TP,1,1,0.6554,15,"i am a burger kind of gal , and grew up on a ranch ,"
TN,0,0,0.4208,11,"oh yeah , i still need to get my passport ."
FP,0,1,0.6049,17,i try to work out everyday . do you have a lot of friends on base ?
FP,0,1,0.5954,11,ok . my 23 cats are having a good day .
FP,0,1,0.9336,10,"sounds a bit crazy , and hard on a child"
TN,0,0,0.4208,16,"another cat lover , awesome . we have to meet and have a drink soon ."
TP,1,1,0.9153,6,i like to work puzzles .
FP,0,1,0.8378,14,pretty ! mine is streaked purple and blue . my kids are horrified .
FP,0,1,0.9501,8,that's cute ! how old are they ?
TN,0,0,0.4733,12,oh that's far away . i married my friend from high school
FP,0,1,0.9021,7,i didn't get to finish college .
TP,1,1,0.6994,16,"september of 1972 . in 1960 was hurricane donna . fortunately , i love to swim"
TP,1,1,0.9218,6,my favorite food is popcorn .
TP,1,1,0.7259,8,"i am good , are you into music"
TP,1,1,0.7608,7,my favorite band is imagine dragons .
FP,0,1,0.8212,12,that is my favorite color . have you seen the new iphone
TP,1,1,0.8793,15,"i do , but prefer the movies . have you heard of 16 candles ?"
FN,1,0,0.3688,14,nice to meet ya sally ! i am sean and i am a student
TN,0,0,0.3343,18,"oh , well that still might be useful . i really like putting on makeup for costumes ."
TP,1,1,0.9005,7,i like cartoons more than movies .
TP,1,1,0.8128,10,i love shoes ! do you have any hobbies ?
FP,0,1,0.9079,7,my gf just does not get it
TP,1,1,0.9049,10,i read sci fi space adventures with a passion .
FN,1,0,0.4226,11,yeah well i have to go was nice chatting with you
TP,1,1,0.8791,6,i can play the piano .
TP,1,1,0.8662,9,sometimes the strongest men are the weakest people .
FP,0,1,0.5122,7,there's joy to be found as well
FP,0,1,0.6449,16,well true . but being athletic and a runner . sports is a good thing .
FN,1,0,0.3644,9,lol that's very funny . i like that one
TP,1,1,0.7302,11,hope you get them fixed soon . are they expensive ?
FP,0,1,0.5567,11,"no , my hobby is collecting autographs i've over 2000 !"
FP,0,1,0.9691,11,maybe ? a black iphone would match my black purse though
TP,1,1,0.8066,8,i play jazz piano in a band .
FN,1,0,0.2596,17,"wow . that's too bad . i don't have kids . i have brothers , twins ."
TP,1,1,0.5064,7,"i am from socal , yourself ?"
FP,0,1,0.8969,7,"oh , i enjoy flying airplanes ."
TP,1,1,0.5249,13,"i work at the mall , so i'm close to the venue ."
TP,1,1,0.9469,7,well i like sherlock holmes and others
FP,0,1,0.5869,15,we have a kenyan sand boa . its really cute . that's too cool !
FP,0,1,0.7553,17,"usually i do , once i went to texas with a friend . how about you ?"
FP,0,1,0.7125,13,what do you do for a living ? i proofread for hallmark .
TP,1,1,0.8285,13,"i enjoy being a red head , what color is your hair ?"
FP,0,1,0.8374,10,"really , i also like listening to music especially country"
TP,1,1,0.7084,5,i love to larp .
FN,1,0,0.3877,18,"i am with you i am a big nature nut , i love kayaking ! do you ?"
FN,1,0,0.1917,16,"basically , all i need to do now is adopt a dog and i'm set ."
FP,0,1,0.8485,6,you can milk anything with nipples
TP,1,1,0.8231,11,they are to me too . i'm a dental assistant .
FP,0,1,0.5174,7,"hello friend , how is it going"
TP,1,1,0.6556,18,"i want to try drugs , but i don't know where to buy them , do you ?"
TP,1,1,0.5248,14,"i'm a bit of a science fiction nerd , but historical books are interesting"
TP,1,1,0.7753,9,"i am great thanks , do like boating ?"
TP,1,1,0.8564,6,i live on a boat .
TP,1,1,0.8253,5,i miss my dad .
TN,0,0,0.366,9,www true and sorry to hear your confined .
TN,0,0,0.4174,17,"sadly my parents were drunks and we did not see eye to eye , and thank you"
TP,1,1,0.8735,12,my brother is in a metal band and travels the world .
TP,1,1,0.7656,4,i am married .
TP,1,1,0.6536,15,"yes , i am going to university of michigan . what year are you ?"
FN,1,0,0.2608,4,i'm sorry about that
FP,0,1,0.8307,8,i read all the time . bu ?
TN,0,0,0.3893,10,i'd say so . i bake alot of pies .
TP,1,1,0.7506,10,yes i do but mostly vegetarians because i'm one too
TP,1,1,0.7622,12,i am good but my shoulders hurt . what about you ?
TP,1,1,0.5681,10,"interesting , i'm a struggling artist and part time tutor"
TP,1,1,0.9035,9,i have ink stains on all my shirts .
TP,1,1,0.7124,11,i do . i'm very tech savvy how about yourself ?
FP,0,1,0.7597,14,dive off cliffs into the ocean . what do you like to do ?
TP,1,1,0.9155,10,"i write , but i want to be an actress"
FP,0,1,0.842,13,1 of each ! what part of texas do you live in ?
FP,0,1,0.8339,9,i teach japanese to children and just got done
TN,0,0,0.1927,7,you should take a vacation out here
TP,1,1,0.5699,18,laguna beach . take a lot of ocean pics on my cell phone or and cat pics .
FP,0,1,0.8376,9,when my cats don't hog it all . day
TN,0,0,0.2712,11,awesome . . . nothing like filling your mind with literature
FP,0,1,0.8483,14,i just got back from the london college of fashion in the uk .
TP,1,1,0.7658,7,i am primarily a meat eater .
FP,0,1,0.6748,15,thriller was a great album . it always has me dancing in my boots .
TP,1,1,0.5343,18,i like to sit and just chill out . because my two nephews can be a handful .
TP,1,1,0.8342,18,"i like to do ink artwork of dragons , but i keep getting it on my shirts ."
TP,1,1,0.7797,10,"i love all rap , do you do other stuff"
FP,0,1,0.5803,11,"wow , four sisters . just watching game of thrones ."
FP,0,1,0.7994,7,what do you do for work ?
TP,1,1,0.9288,11,i want to go to one but i am only 10
FN,1,0,0.1957,15,"uh thanks , i'm sure i do too lol . do you have any hobbies"
TP,1,1,0.9071,4,i am chubby .
FN,1,0,0.4168,14,i'm a personal chef for a family of 4 . what about you ?
TP,1,1,0.8565,7,i like going to the beach .
FP,0,1,0.5234,13,it is so cool i've some courses college courses that i m thinking
TP,1,1,0.8477,4,i'm an insurance salesman
FP,0,1,0.5096,12,well this will be exciting . do not forget your passport .
TP,1,1,0.7792,14,ah . i'm really old but my kids visit me all the time .
FN,1,0,0.4402,11,i'm a researcher i'm researching the fact that mermaids are real
TP,1,1,0.642,7,i'm good . how about yourself ?
FP,0,1,0.8079,7,like playing the witch part ? lol
FP,0,1,0.5205,9,oh no i hope she finds relief soon .
TP,1,1,0.5108,12,coolness . i love being one with nature and being savage .
FP,0,1,0.8322,11,he ate all his food and now will not stop barking
FP,0,1,0.8839,13,"yes , coach cheerleading . i used to be one in high school"
FP,0,1,0.795,8,did you put any cheese on it ?
TP,1,1,0.7098,13,do you have any hobbies ? i like to ready and go cycling
FP,0,1,0.6491,8,you better not make any spelling mistakes .
TP,1,1,0.7541,5,i love the beach .
FP,0,1,0.9438,6,i would have to say bagels
FN,1,0,0.397,14,as good as can be expected . i'm pregnant for the first time .
FP,0,1,0.898,8,have you seen any great movies lately ?
TP,1,1,0.9365,6,i don t eat meat .
FN,1,0,0.3702,7,running is my way to relax .
TP,1,1,0.7834,8,i like watching movies with my wife .
TP,1,1,0.5596,18,i love to travel and read . i have been to ireland and australia and love both .
TP,1,1,0.8247,8,lady gaga is my current favorite singer .
TN,0,0,0.4408,10,"very good , just went for a nice run ."
TP,1,1,0.8483,15,"very rarely , i'm happy when we do . i like to paint sports cars"
FN,1,0,0.4694,16,maybe i can borrow something as i am packing to visit my dad in china .
TN,0,0,0.434,16,lol your spelling error made me giggle . i just love boating so florida is great
TN,0,0,0.4672,9,"hey , there . how are you today ?"
FP,0,1,0.5999,8,nice ! do you have any children ?
TP,1,1,0.845,14,when i'm not working i play basket ball what do you do for fun
FP,0,1,0.7109,10,i really love the beach and cooking italian food !
FP,0,1,0.7884,13,i wish i could get rid of my social anxiety . . .
FP,0,1,0.8521,7,nice ! do you love books ?
FN,1,0,0.1429,9,i'm alright . i just got done writing .
TP,1,1,0.8379,10,oh do you like to swim ? i love singing
TP,1,1,0.8914,11,i am going to school to get my bachelors degree .
FP,0,1,0.8895,10,no still in school work at pizza hut part time
TP,1,1,0.649,14,hi wow i like comic books too . i don't collect them tho .
FP,0,1,0.7424,15,only two months ! i actually have to take them for a walk right now
FN,1,0,0.433,4,i'm doing very well
FP,0,1,0.51,5,tell me more about yourself
TN,0,0,0.2596,17,"ooh that's super awesome ! just eating some organic kale right now , only organic for me"
FN,1,0,0.2589,11,i do not have good vision lol youre so positive !
TN,0,0,0.2779,6,how are you doing today ?
FN,1,0,0.212,20,yes . absolutely . my girlfriend helps me scavenge cool art things i think i need to marry her .
FP,0,1,0.6907,8,what did they do that disappointed you ?
TP,1,1,0.8078,11,not much of a tv guy since i am always traveling
FP,0,1,0.5414,17,"a different kind of designer then , fun . i enjoy working out , do you ?"
FP,0,1,0.6402,9,"oh no , my parents would kill me haha"
FP,0,1,0.8113,11,did you catch him ? will you let him out ?
FP,0,1,0.651,16,iphone for me . have you heard all the bad news about samsung this year ?
TN,0,0,0.412,8,hahahahaha . i laugh in your face !
TP,1,1,0.832,7,i work at a smoothie shop .
TP,1,1,0.9223,8,pasta is my favorite and it is cheap
TP,1,1,0.7866,14,i love nature and it keeps my mind off things . do you travel
FP,0,1,0.7683,17,"you should at least try to go up in a plane , it is a blast ."
TP,1,1,0.9187,11,"still in highschool , hope to because astronaut when i'm older"
TN,0,0,0.4241,15,doing good ! just finished my day of work . how are you doing ?
TP,1,1,0.9356,4,i'm in college .
FP,0,1,0.5256,5,hi how are you tonight
TP,1,1,0.8169,12,hi i am great just finishing up some homework how are you
FN,1,0,0.4537,11,i don't remember haha . i'm a bit forgetful like that
TN,0,0,0.4795,16,i've never been there but i've heard it rains a lot . is this true ?
TP,1,1,0.7122,8,i have a wife and two kids .
TN,0,0,0.087,17,hmm that seems a little too simple for me . we need to make giant changes !
TN,0,0,0.1202,16,aww those dogs are beautiful . i take my boat out or go to the beach
TP,1,1,0.7043,5,pudding makes me gassy .
FP,0,1,0.6069,8,my day is not going too great .
TP,1,1,0.8376,9,i love going to concerts and dancing hard .
TN,0,0,0.3101,16,cool hobby . i enjoy winter . i read a lot when it is cold .
FN,1,0,0.4487,15,i used to train football players ! now i just ride my bike for excercise
FP,0,1,0.7699,16,yes i did . one of my mothers taught me how ! she's a great cook
TP,1,1,0.5216,12,really ? i'm scared of horror novels my imagination is vivid !
TN,0,0,0.4135,16,shhh . . . they can hear us . i do not need new friends !
TP,1,1,0.886,10,wheres that ? is there a good restaurant there ?
TP,1,1,0.6433,18,"a famous one , milk makes me sick , are you allergic to it , i am ."
FN,1,0,0.473,18,it is so crazy there . my whole family and i left . i have a huge family
FP,0,1,0.9354,8,"no , i wear low cut socks ."
TP,1,1,0.6515,5,i am a youtuber .
FP,0,1,0.7289,5,sure if they requested them
FP,0,1,0.6466,14,i hope to eventually . what do you like to do for fun ?
TP,1,1,0.7324,8,i read every night . horror stories !
TP,1,1,0.9083,8,"insane clown posse , i love there shows"
TN,0,0,0.3295,13,i see . thanks for the chat . nachos call my name .
TN,0,0,0.1848,20,"well , we have bought the house she grew up in , and she stays home with the kids ."
FP,0,1,0.8785,6,have you ever traveled before ?
FP,0,1,0.9243,10,although i do not like to work super long hours
FP,0,1,0.6486,12,about to smash some pretzels . can't get enough of them .
TN,0,0,0.4508,14,great idea ! love staying up late so i could do that even tonight
TN,0,0,0.4602,7,they seem to be very nice .
FP,0,1,0.6769,8,hello how is life treating you today ?
FP,0,1,0.547,13,"yes they are , oh wow your first ? boy or girl ?"
TN,0,0,0.2266,14,oh great . and you help me select the right music to always play
FP,0,1,0.8771,14,"we all live in a yellow submarine , a yellow submarine . morning !"
TP,1,1,0.793,8,my best friend is my dog allie .
TP,1,1,0.7628,8,i want to get a truck one day
TP,1,1,0.7729,12,"i'm bill , and i grew up in the state of alabama"
TN,0,0,0.1262,12,"yes , yes you are . not all are as fortunate ."
TP,1,1,0.5362,13,when do you run ? i like being busy in the morning .
TP,1,1,0.7078,15,do you like animals ? ? cats and dogs are my fav i love them
TP,1,1,0.702,13,what do you like to read ? i like rock alternative music .
TP,1,1,0.8456,9,i work part time at a pizza restaurant .
FP,0,1,0.5001,10,"that is funny , cool , what your fav food"
TP,1,1,0.9055,5,i was born in june
FP,0,1,0.7654,15,no . kiddos are into sports . soccer mom here . how about you ?
FP,0,1,0.7024,8,"that's cute , i fish a lot ."
FP,0,1,0.6899,12,"my mother is an attorney , she used to be the da"
TP,1,1,0.6521,12,i'm hoping to move to australia soon to marry my boyfriend .
TP,1,1,0.871,6,i m allergic to milk .
TP,1,1,0.8396,5,i am a fisherman mainly
FP,0,1,0.5603,5,hello how are u tonight
FP,0,1,0.8616,7,how many dogs do you have ?
FN,1,0,0.3868,8,my wife stays home with our kids .
FP,0,1,0.5512,9,that is good . do you volunteer there ?
TN,0,0,0.482,11,do you have a family ? never got to know mine
TP,1,1,0.9308,5,my number is 42 .
FP,0,1,0.8518,13,"a bomber , it is awesome . do you want to take lessons"
FP,0,1,0.5267,7,funny i mean i know that much
TP,1,1,0.7566,9,i am not afraid of what others think .
TP,1,1,0.7835,5,i love to dance .
FP,0,1,0.5615,14,nice ! wish i could go anywhere ! i've been confined to a bed
FP,0,1,0.7582,12,"oh neat , i went there once pre katrina . beautiful city"
FP,0,1,0.8295,8,skiing in the winter is one of mine
TN,0,0,0.4795,5,hi good and you ?
FP,0,1,0.5459,11,oh ok . i hope to be teach 2nd grade soon
FN,1,0,0.4988,10,"hello , i am well , how are you ?"
FP,0,1,0.6277,14,nice . maybe a future hockey player to . i use to play .
FP,0,1,0.7068,9,would you like to move to san francisco ?
FN,1,0,0.131,17,wonderful . i've a big slice of chocolate cake and i am ready to dig in !
TP,1,1,0.9667,4,i fly airplanes .
TP,1,1,0.5326,10,that is cat like . wow i am confused .
FP,0,1,0.9278,5,yeah do you eat meat
TP,1,1,0.5943,7,i am great how are you ?
FN,1,0,0.3126,11,"i do too , are you a man or woman ?"
TN,0,0,0.3852,7,great ! how about with you ?
TP,1,1,0.8432,6,i work for a magazine .
TP,1,1,0.8614,5,i like listening to music
TN,0,0,0.4327,6,hey how are you today ?
TN,0,0,0.3184,8,you have plenty of space for them .
FP,0,1,0.7003,7,cool . chocolate is his favorite .
TP,1,1,0.8296,14,my dog like the night air he just lay on the porch at night
TP,1,1,0.8194,7,i do this mostly and watch football
TN,0,0,0.3938,11,"good , i just finished swimming , how about you ?"
TN,0,0,0.1132,16,that's epic ! me and my four sisters would totally do the same thing ! !
FP,0,1,0.6101,14,from your mouth to gods ear . that trophy needs to come home .
FP,0,1,0.629,13,"i've never driven , so no drive thus , my dog died recently"
TP,1,1,0.9548,5,i m really short .
TP,1,1,0.578,11,"hello , how are you tonight ? i'm a blonde ."
FP,0,1,0.7521,13,just 2 years . my boss at my bookkeeping job got me started
TP,1,1,0.6814,7,i am in sales . you ?
FN,1,0,0.4395,17,haha . i have a girlfriend . she's the best . she helped me dye it .
FN,1,0,0.445,9,"i love in hawaii , its beautiful here !"
FN,1,0,0.3549,10,i am in florida but i am orginally from china
TP,1,1,0.9553,9,i am going to be the starting shortstop .
TP,1,1,0.8242,6,i love dogs and cats .
FP,0,1,0.5991,20,"its okay . pays the bills . tried to get to the nfl , but it did not happen ."
FP,0,1,0.527,8,me either . we could go together !
TP,1,1,0.6057,17,well i'm into black everything . so at least it wouldn't show on my black carpet .
TN,0,0,0.1021,10,that would be amazing . have you been before ?
TN,0,0,0.2896,6,that's ok everything in moderation !
TP,1,1,0.9283,12,i have a friend named james who secretly rules the world .
TP,1,1,0.8305,6,i work as a bartender .
FN,1,0,0.4169,16,is that your favorite ? i am so tired i am expecting my first child .
TP,1,1,0.9289,5,i am a lumberjack .
FP,0,1,0.9028,10,hello ! what is your favorite thing to eat ?
FP,0,1,0.666,12,while singing in the shower i took my findings to the lab
TP,1,1,0.9501,6,i live in a house .
TN,0,0,0.485,11,"thanks , eating ice cream always make me feel better ."
FP,0,1,0.9289,10,"oh , that's weird . how do you hunt ?"
TP,1,1,0.8549,6,i am a cat person .
TP,1,1,0.856,4,i love children .
TN,0,0,0.3629,7,"you as well , stay safe !"
TP,1,1,0.7429,8,oh that makes swimming hard ? i'm sorry
TP,1,1,0.9238,2,i'm hungry
FP,0,1,0.7177,12,probably dragons . com it was such a long time ago .
TP,1,1,0.8774,6,i love living in texas .
TN,0,0,0.4702,11,great ! i had won an award for spelling bee .
FP,0,1,0.5676,10,you should . so what do you look like ?
TP,1,1,0.8896,5,i have brown hair .
FP,0,1,0.7557,12,i route for the greenway packers because my favorite color is green
FP,0,1,0.8618,11,good riddance . any sports ? i've done karate for years
TP,1,1,0.742,10,i'm sorry . is he allergic to shellfish too ?
FP,0,1,0.7503,8,once i lived where i should have died
FP,0,1,0.5329,13,that is also really cool . i was interested in that during college
TN,0,0,0.0779,17,"no problem . well , it definitely sounds more interesting than my real estate office job ."
FN,1,0,0.439,17,"i am worried about the situation in florida . the hurricane , its terrible , you know"
TP,1,1,0.6515,6,i still live at home .
TP,1,1,0.7286,6,i got married last year .
FN,1,0,0.1135,16,that is great . car needs love too . i work as a graphic designer .
TP,1,1,0.7111,14,"i love to laugh ! ! ! and hike and bike , too ."
TN,0,0,0.428,11,wow that's cool are ou a twin too or just them
FP,0,1,0.9542,16,"my folks don't like it . i dislike my parents , but adore my job ."
TP,1,1,0.81,7,my father was born in australia .
FN,1,0,0.3209,11,i'm more of a cat person than a dog person .
FN,1,0,0.4886,7,i am also a famous character online
FP,0,1,0.526,14,that's great . i fish in my free time and enjoy a good burger
FP,0,1,0.8504,15,madonna is my first favorite . do you go to a lot of concerts ?
FP,0,1,0.7816,7,what else would you try to do
FP,0,1,0.6472,10,hi how are you doing let us get friendly .
TP,1,1,0.5886,17,"i work as a teacher so the money is not much , but i like it ."
TP,1,1,0.7242,6,i love chocolate milk shakes .
FP,0,1,0.8933,12,japanese is a hard language to learn . do you like sports
FP,0,1,0.8337,11,i got to go work at the movie theater today .
FP,0,1,0.5753,8,that's cool my mom does the same thing
FP,0,1,0.6836,14,make sure you keep your roots covered ! the beach is so pretty .
FP,0,1,0.6477,3,that's old school
TP,1,1,0.7984,7,i have a cat named speckles .
TP,1,1,0.8385,6,i m scared of clowns .
FP,0,1,0.8289,13,my friend james rules the world in secret and feeds me pudding .
FN,1,0,0.4932,10,i'm going well ! just turned my hair pink !
TP,1,1,0.6309,10,i have a son myself . kids are fun .
FP,0,1,0.6017,7,i don't have fish around here .
FP,0,1,0.5498,16,that's neat . when i was in high school i placed 6th in 100m dash !
FN,1,0,0.3999,21,"hi , i live in houston tx ; its flooded right now , but makes me think of the ocean ."
FP,0,1,0.7418,6,what else do you enjoy ?
TP,1,1,0.7388,7,i use to own 6 cats .
TP,1,1,0.7682,9,i'm the ultimate . the alpha and the omega
TP,1,1,0.6793,15,i am ! for my hobby i like to do canning or some whittling .
TP,1,1,0.8265,5,i own a boat .
TP,1,1,0.9055,5,i love hot wings .
TN,0,0,0.3559,16,me either i spend most of my time out in the wood cutting down trees .
FN,1,0,0.2753,16,if i have time outside of hunting and remodeling homes . which is not much !
FP,0,1,0.6511,9,yea we don't live in a very good neighborhood
FP,0,1,0.815,7,what is your secret that you have
TP,1,1,0.7253,9,i ride my red bike to work everyday .
FP,0,1,0.8807,10,but i can cook really good i enjoy it .
TP,1,1,0.947,3,i'm young .
FN,1,0,0.2834,16,i am doing well . wedding planning . yay ! 6 more months . you ?
FP,0,1,0.8318,14,"my 2 children love that show , but i would rather be out hunting"
TN,0,0,0.2009,17,"that is great . i can sing , but cooking . . . not my specialty ."
TN,0,0,0.3543,14,oh awesome ! well you guys are all set ! are you married ?
FP,0,1,0.8577,6,is it far far away ?
TP,1,1,0.733,13,are you vera ? i love library shopping . we aren't alone .
TP,1,1,0.7437,10,i recently discovered a new love for indian food .
TP,1,1,0.8578,15,"yes , it is a book series by isaac asimov about human like robots ."
TP,1,1,0.9206,6,i never knew my dad .
FP,0,1,0.6514,17,i dress steampunk . my girl and my older brother run around the city like that .
FP,0,1,0.9063,7,"tokyo , my best friend lives there"
TP,1,1,0.9031,7,my parents recently moved to florida .
TN,0,0,0.4975,11,"those are really yummy too , but not my favorite ."
TP,1,1,0.9328,6,i do not understand anything .
TP,1,1,0.8144,20,"at night , i party hard in the atlanta club scene , and i never miss a music festival ."
TP,1,1,0.7379,12,that is a very interesting hobby . i like office supplies .
TP,1,1,0.7144,7,i have an anaconda and a python
FN,1,0,0.1349,17,hi . doing well . sleeping off a girls night out . apple martinis are awesome .
FP,0,1,0.8853,13,i hear you . maybe if we play the stock market well .
FP,0,1,0.9166,8,that's really sweet how old is he ?
TP,1,1,0.8829,16,my favorite book i have read twice is twilight . i like old games too .
FN,1,0,0.4753,16,"hello ! how are you ? i'm about to have pizza , i'm excited ! !"
TP,1,1,0.842,16,i do not read books much just sheet music . i want to be a singer
TP,1,1,0.6357,17,no i am scared of needles . i just got the iphone but a later model .
TP,1,1,0.7373,13,i also enjoy other rap artists too . i like them also .
FP,0,1,0.7769,15,i m good i m going to going to my private school high school later
TP,1,1,0.5159,9,oh that's great i like to spend time drawing
TP,1,1,0.6666,14,"what is your ethnicity ? i'm white , and my hair is brown ."
TP,1,1,0.6215,8,how is you night going so far ?
TP,1,1,0.905,9,i like the tv show the walking dead .
TN,0,0,0.3607,18,do you have any dreams ? i hope to compete professionally or qualify for an event one day
TP,1,1,0.874,5,i do not drive .
FP,0,1,0.9004,12,oh just let them drive . they love my rock stations .
TP,1,1,0.8023,16,i play it in my freetime . i'm an aspiring singer so hoping to become famous
TN,0,0,0.3324,13,very cool . thanks for the chat . have a great day .
TP,1,1,0.7937,19,i do not . but i do have a favorite meat since that is all i eat exclusively .
TN,0,0,0.3925,16,"oh , she works for the man . two by two , hands of blue ?"
TP,1,1,0.748,6,i make videos about makeup .
FP,0,1,0.6016,11,"if i had him , i'd play soccer with him ."
TP,1,1,0.9418,4,i teach kindergarten .
TP,1,1,0.8916,9,"i like that , also . all pizza ."
TP,1,1,0.635,13,i do ! i am only on season 3 so far though .
TP,1,1,0.8499,8,i love chocolate cake with extra frosting .
TP,1,1,0.6737,8,my suspenders sometimes make my shoulders hurt .
TN,0,0,0.3811,8,"hey , what are you up to ?"
FP,0,1,0.9295,6,i was writing to my grandchildren
FP,0,1,0.5797,16,lol definitely ! i just dyed my hair mermaid purple from free samples at my salon
TP,1,1,0.7569,11,never been there . i heard they are very friendly people
TP,1,1,0.7916,8,i am alright do you like music ?
TP,1,1,0.6309,10,of course . i love to listen to rock .
FN,1,0,0.1539,17,i am okay . i was prepping dinner and stopped to complete a couple of hits .
TP,1,1,0.8221,5,i've two siberian huskies .
TN,0,0,0.2476,14,that's so cool . how do you like to spend your free time ?
TP,1,1,0.8186,11,"me , i love dogs , so walking them is fun"
TN,0,0,0.4834,6,yeah i will during the holidays
FP,0,1,0.5173,11,"my wife showed me that , she makes me smile ."
TP,1,1,0.7083,10,i love to cook for my family and friends .
TP,1,1,0.8191,8,i'm max . i live in oregon .
FN,1,0,0.3907,15,everything ! i am actually manly . but i've a secret i am hiding .
TP,1,1,0.9532,5,i'm seven years old .
FP,0,1,0.9439,11,i've a black iphone . apple makes such fantastic products .
TP,1,1,0.9078,5,i like free diving .
TN,0,0,0.048,18,yessir . well i gotta go take care of my animals now so i will see ya later
TP,1,1,0.889,11,i am basically 22 and recently started eating indian food .
TP,1,1,0.7001,15,"it is my universe , and everyone else is just a character in it ."
TN,0,0,0.3862,8,good afternoon . how are you today ?
TN,0,0,0.3101,9,oh that takes a while better go soon .
FN,1,0,0.4448,15,"i love making boats in my spare time on weekends , what about you ?"
TP,1,1,0.8983,10,"hello my name is sally , i am a baker"
TP,1,1,0.8407,5,i like horseback riding .
FN,1,0,0.3877,13,"i'm good , getting ready to head to the bookstore where i work"
FP,0,1,0.9448,16,but sometimes i fly to them since my father is a pilot for a major airline
TP,1,1,0.8792,14,i bumped my head on a door frame because i'm 6 foot tall .
TP,1,1,0.7214,15,i agree and hopefully my kid likes horses . i have one named beauty .
FP,0,1,0.8859,5,what do you do ?
FN,1,0,0.4109,14,what are you up to today ? i'm going to the race track .
FP,0,1,0.607,13,sounds like a lot of work ! do they have any pets ?
FP,0,1,0.8689,8,hi there ! do you watch got ?
FP,0,1,0.7876,6,what job do you have ?
FP,0,1,0.6673,16,it was . it was so warm though that it melted my cheese i was eating
TP,1,1,0.8989,6,i love watching superheroes shows .
FN,1,0,0.3141,14,wow thanks for your service i am a trauma doctor at las vegas general
FP,0,1,0.5052,5,hey how are you doing
TP,1,1,0.7646,13,cat and dog makes a fun household . i am watching anime .
FP,0,1,0.8603,15,on a teacher salary and cop salary international travel can be out of the budget
TP,1,1,0.6089,10,hello . i'm jake . nice to meet you .
TP,1,1,0.9393,5,i am in college .
FN,1,0,0.0894,18,that is great . how old are you ? i am a woman and a little older .
TN,0,0,0.3787,12,maybe we can going fishing and i can cook for you .
TP,1,1,0.8407,13,"well not too much crime there , but a lot of people ."
TP,1,1,0.8333,14,"no , i'm home schooled i do not leave the house i live in"
FP,0,1,0.8688,11,parents can be a bummer . you live with them ?
TP,1,1,0.5083,5,my name is omar .
TP,1,1,0.8397,13,i am weird i like pineapple and ham on mine . pepperoni sometimes
TP,1,1,0.5071,12,i'm going to listen to some rock today how are you ?
TP,1,1,0.8156,5,i'm an aspiring singer .
TP,1,1,0.8965,9,my favorite pass time is gazing at clouds .
TP,1,1,0.7811,16,bobby and billie . i got them at the shelter i like to donate time to
TP,1,1,0.7416,9,i like to make boats on the weekends .
TP,1,1,0.8122,7,i working in a publishing building .
TN,0,0,0.4723,9,hey there bro . how is it going ?
FP,0,1,0.8397,12,"cool , i do not think my middle school had cheerleaders ."
TP,1,1,0.902,8,i eat lots of pancakes and syrup .
TP,1,1,0.5613,11,that's quite a trip i am saving to go to paris
FN,1,0,0.3882,13,i think so ! its hard to see where i am going sometimes
FN,1,0,0.4977,16,hello . i'm sad so i'm eating ice cream . what are you up to ?
FP,0,1,0.8277,8,ireland and australia are my go to places
TP,1,1,0.9336,5,i like to party .
FP,0,1,0.6536,8,lol really ? what was the joke ?
TN,0,0,0.1234,10,that is so nice ! i wish you luck .
TN,0,0,0.3355,14,"not much , just seen both my children off to school , you ?"
FN,1,0,0.4437,17,"of course . i hate to admit this , but i am a college drop out ."
FN,1,0,0.366,15,"hi , i'm doing good . just enjoying my favorite food , spaghetti and meatballs"
FP,0,1,0.6582,10,"lol , oh i see , taught you own it"
FP,0,1,0.8182,9,were u the coach or more of an assistant
FP,0,1,0.7305,12,but all i wanted to be really is have my own band
TN,0,0,0.4138,15,"the revelation came to me in the shower yes , what is your name ?"
TP,1,1,0.8475,8,sometimes i volunteer at an urban farm .
FP,0,1,0.5004,11,that's a neat name . read any good books lately ?
TN,0,0,0.4608,16,"oh okay , totally . so do i , but i get paid for it ."
FN,1,0,0.3691,8,i'm doing well . how are you ?
TP,1,1,0.8556,5,i love iced tea .
FN,1,0,0.339,19,"do you have time to eat enough , being so busy ? i love to eat . clot ."
TN,0,0,0.4651,11,i agree . what do you do for a living ?
TP,1,1,0.8582,18,he recently just wrote a book on time travel . mostly fiction . where do you live ?
TP,1,1,0.8558,11,"when i've nothing else to do , i read books ."
FP,0,1,0.6608,14,live . moved there about ten years ago for a computer tech job .
FP,0,1,0.6494,15,well if the pudding tastes good and james can handle you . . . .
TP,1,1,0.8414,14,"i cut down trees very fast , because i have a large ax ."
TP,1,1,0.8661,8,i prefer mojitos . watermelon or cucumber .
FP,0,1,0.5381,6,pretty good just got off work
FP,0,1,0.8777,9,"very nice , any sports that you play ?"
FP,0,1,0.8103,11,"san francisco , lots of nice hills to go running on"
FN,1,0,0.0868,19,accident . so i just stay in bed . good thing i work from home ! . you ?
FP,0,1,0.5041,9,"very nice , how did you do that ?"
FN,1,0,0.2494,19,"lol . i am shy , anything to break the ice , and i am a beatles fan ."
FN,1,0,0.4376,13,i am from the united states i live in jersey and you ?
TP,1,1,0.6204,11,i am great thanks . do you have a nickname ?
TP,1,1,0.8485,7,i come from a small town .
TP,1,1,0.9294,7,i work at a comic book store
TP,1,1,0.8426,4,i'm a vegetarian .
TP,1,1,0.861,7,i still live with my parents .
FP,0,1,0.8519,14,"i personally like any eat or pasta , keep me away from veggies though"
FN,1,0,0.486,20,"for sure ! do you have any other hobbies ? i am in a jazz band , i play piano"
FP,0,1,0.8105,6,oh no why is that ?
TP,1,1,0.5236,11,"me too , i work at the bank in my neighborhood"
FP,0,1,0.6419,10,exercise is great . i get my exercise by partying
FN,1,0,0.488,9,i am good and i hope you are too
FP,0,1,0.8435,5,are you from japan ?
FP,0,1,0.7681,16,that is amazing what kind of snakes are they ? we have one in our class
TP,1,1,0.9754,8,i go to a private high school .
TP,1,1,0.501,17,"i am a member of four book clubs , the pta , and two bunch groups ."
FP,0,1,0.8997,12,i was refering to bears and i drive to go get sunfish
TN,0,0,0.2233,18,ugh i wish . my wedding is in 6 months . ferrari has to wait . . .
TP,1,1,0.9027,5,i like to watch kids
TP,1,1,0.9186,10,some really prolific comic book writers i collect those too
TP,1,1,0.7109,12,"i'm sitting here listening to pearl jam , my favorite band ."
FP,0,1,0.5911,17,i did too . i do not get along with mine . they have no class .
TP,1,1,0.5406,14,i play the drums every now and again too . what is larp ?
TP,1,1,0.8269,5,i like my job .
FP,0,1,0.9054,11,"i wanna go to the city one day , never been"
FP,0,1,0.6246,13,the only thing i've is my dog his name is won won lol
FP,0,1,0.7514,10,i understand that . my church has a pantry .
TN,0,0,0.3126,14,i'd if i could but i got to watch jimmy fallon its my fav
TP,1,1,0.8817,7,i'm a nurse who teaches nutrition classes
TP,1,1,0.8492,10,i have not heard of those . science based ?
FN,1,0,0.4002,13,"i'd not know , i have never been out of the us ."
TP,1,1,0.7197,14,i love red . i also like to jog in my free time .
FP,0,1,0.5445,12,that is nice my boss at the grocery store is nice too
TP,1,1,0.7717,13,what do you do for a living ? i am in texas .
FP,0,1,0.7636,6,what are you studying there ?
FP,0,1,0.8807,6,what city are you from ?
TP,1,1,0.8533,9,i cannot wait to start my new life .
TN,0,0,0.3372,16,"we were near corpus christi , victoria i believe was the name of the town ."
TP,1,1,0.7548,4,i've two dogs .
TN,0,0,0.1865,18,"mmmm chocolate cake with lots of extra frosting . . . oh , sorry , got distracted ."
FP,0,1,0.786,6,"labor work , very energy demanding"
FN,1,0,0.4234,15,i work as a general manager at a grocery store . what about you ?
FP,0,1,0.8919,15,once . you cannot even throw a gum wrapper or you can get arrested .
TP,1,1,0.702,15,wow exciting . i don't like the creek at night i'm scared of the dark
FP,0,1,0.7593,6,are you male or female ?
TN,0,0,0.4383,13,looking online for some new shoes . are you up to anything ?
FP,0,1,0.8169,18,"wow , maybe you can get them interested in some other hobbies . do they like cars ?"
FN,1,0,0.2579,5,oh no i am sorry
TP,1,1,0.8182,6,i've a dog named george .
FP,0,1,0.9681,8,i don't but my dad is a cop
TP,1,1,0.921,6,i listen to death metal .
FP,0,1,0.6907,11,i'll let you borrow my black car to get there !
TP,1,1,0.8662,5,i like to swim .
FP,0,1,0.708,14,i really really like love living in texas . tell me about yourself .
TP,1,1,0.8468,8,i ve never been to the city .
TP,1,1,0.8178,14,"it is hard to swim since i am missing a toe , pinky ."
FN,1,0,0.4621,14,hey i'm doing great . pizza sounds good i really like tuna fish salad
FP,0,1,0.8952,16,"starbucks , tim hortons , or dunkin . perhaps a place i do not know ."
TP,1,1,0.8982,4,i've two nephews .
FP,0,1,0.751,7,hi there ! tell me about yourself
TP,1,1,0.9156,5,my car is pink .
TN,0,0,0.2799,14,i've not ventured into employment yet in fashion . too much to do .
TP,1,1,0.739,6,i'm a 19 year old alcoholic
TN,0,0,0.478,7,"hi , how are you today ?"
FP,0,1,0.6223,10,no all my videos are of how to apply makeup
TP,1,1,0.8869,14,"people though i should play basketball because of my height , i prefer weightlifting"
FP,0,1,0.9619,5,well maybe they like it
FP,0,1,0.5908,5,that's really nice of them
FP,0,1,0.6936,12,"every place has fish , you just have to find the ponds"
FP,0,1,0.7081,9,okay but i was published in new yorker once
TP,1,1,0.8113,7,i like to shoot a bow .
FN,1,0,0.4852,13,i am a college student who is a full time working mom .
TN,0,0,0.4728,9,"yeah , its been tough and feeling quite paranoid"
TP,1,1,0.9392,13,i am kinda afraid of heights so not sure flying is for me
FP,0,1,0.51,16,"coolio . i play this video game character online , pretty famous for it now ."
TP,1,1,0.934,7,i love owning nice office supplies .
TN,0,0,0.1388,11,"how lovely , mine is 2 miles up the road ."
TN,0,0,0.4075,18,cool ! i watched a video on dc about gravity last week instead of my favorite futurama .
FN,1,0,0.3717,13,i am good ! it is summer time the best time of year
TP,1,1,0.8678,12,i'm always baking for the old people in my retirement home .
FP,0,1,0.682,8,all i can think about is moving away
FN,1,0,0.4463,14,since being a vegetarian i feel its important to instruct people how to eat
FN,1,0,0.4236,15,hello do u like animals i have a kitten named leela very cute kitten too
TP,1,1,0.8644,11,i have never traveled to japan i'd like to some day
TP,1,1,0.5268,16,i'm 29 now and have adored them for years . i'm near boston . you ?
TP,1,1,0.5034,7,i know . i'm a parent too
FN,1,0,0.2033,20,yeah i bet we would . i like hunting but i do not kill animals . i'm weird like that
TP,1,1,0.9501,7,i never learned how to write .
TN,0,0,0.3609,13,you are most welcome . my children are my reason for living .
TP,1,1,0.9151,11,i love baseball and am a die hard tigers fan .
TP,1,1,0.5108,13,i'm doing great ! i just got a red pair of headsets .
FN,1,0,0.2739,18,you aren't the kids father . vera isn't nice . i'm at the library now . you ?
TP,1,1,0.522,11,nope i am not . where are you working now ?
TP,1,1,0.8237,8,"i am from british colombia , in vancouver"
FN,1,0,0.2552,16,i've visited new york and i agree it is nice i prefer to be rural areas
FN,1,0,0.4729,9,i'm in the virginia . where are you ?
TN,0,0,0.467,10,it is just really entertaining to watch to be honest
FN,1,0,0.2978,18,"i don't work , i guess i am an investor . i've waited tables in the past ."
FP,0,1,0.5697,16,"no , just them . it was lonely growing up . do you have siblings ?"
FP,0,1,0.879,16,"no i had to learn in school , my mother would drop me off before nursing"
TP,1,1,0.7928,13,on the island that i live on there are many places to shop
FP,0,1,0.6765,9,"the shadowy horses , horror novels are my favorite"
FP,0,1,0.8108,12,"28 , and it is a learned lesson as a mother ."
TN,0,0,0.3835,7,peace and luck be with you .
FN,1,0,0.427,10,i'm doing good . just cooking dinner . love cooking
FP,0,1,0.8484,13,it is he loves it i also read shark books to him .
TN,0,0,0.4224,15,i really like it so far . i enjoy writing in my spare time .
TP,1,1,0.7352,15,not today . i like it dipped in sauce bang bang shrimp is the recipe
FN,1,0,0.3509,11,"i enjoy making friends and exercising , how about you ?"
TP,1,1,0.9451,4,i hate carrots .
TN,0,0,0.4407,7,"hello , how are you today ?"
FP,0,1,0.6307,10,wow got some height on you . do you work
TP,1,1,0.8812,7,i train horses for a living .
FP,0,1,0.8164,14,christmas is great . do you spend it at home with your parents ?
TP,1,1,0.8564,7,i live alone in a cabin .
FP,0,1,0.7954,7,hi . where are you from ?
TP,1,1,0.8917,16,i like seafood but my favorite is meat and pizza . what do you do ?
FP,0,1,0.8835,10,i force it to watch game of thrones with me
FP,0,1,0.8682,13,it is . my mom reads palms at a fortune telling place .
FP,0,1,0.6346,14,thank god the witch is dead . but the cat is not obviously .
FP,0,1,0.547,15,"how cool is that , all i wanted to be was a yoga instructor ."
FP,0,1,0.9289,14,"i've to admit , i always opted for hte movie versions of books ."
TP,1,1,0.7621,11,i wish i had a real dragon i could train .
FP,0,1,0.8039,11,that is a cute name what kind of dog is her
TP,1,1,0.758,3,i'm strong .
FN,1,0,0.4558,17,"i own a pug , and he is the most loyal pet you will ever have ."
TP,1,1,0.8048,10,i start an internship in engineering later this year .
FN,1,0,0.3814,11,what was it called ? i have probably been there .
TP,1,1,0.9521,11,i like dogs sometimes but other times i just wanna scream
TP,1,1,0.5849,11,i think i've just found a cure for the common cold
TN,0,0,0.4474,10,thanks for not reacting negatively about me having 2 moms
FP,0,1,0.5218,11,just taking care of my mother . she's very sick .
TP,1,1,0.7469,16,"i train horses as a career , so i wish the cold would stay away ."
TN,0,0,0.2687,8,that's about all you really need to know
FP,0,1,0.7202,13,"yes lots of children , my wife cares for them at home ."
FP,0,1,0.7954,13,the bass player . he's the one who introduced me to anime .
FP,0,1,0.851,6,what do you do for fun
FP,0,1,0.6439,7,she's a golden retriever very nice dogs
TP,1,1,0.747,12,i live out the the country so asthma wouldn't be good .
TN,0,0,0.2886,17,good and you ? i just got done with my waitress job at a houston club .
TP,1,1,0.871,7,i work at the grocery store .
FP,0,1,0.7305,12,just drink some cola with rum and you'll forget about them !
TP,1,1,0.8241,7,i go to a local college .
FN,1,0,0.2797,16,are you a guy ? i love to be around guys . they're so sexy .
FP,0,1,0.9036,9,"hockey is cool , my dad likes hockey ."
FP,0,1,0.8068,6,please do not trust anyone .
TP,1,1,0.5582,6,i'm a little rich i suppose
FP,0,1,0.655,8,do you have any humans around you ?
TP,1,1,0.8336,12,i am great at catching a wave with my high school sweetheart
FP,0,1,0.8216,10,how to milk a cow it what i don't know
TP,1,1,0.8363,6,i have an older brother .
TN,0,0,0.1965,16,no kidding ? i was just listening to the same thing while taking a bath .
TP,1,1,0.8992,7,i wish i could live forever .
FN,1,0,0.1114,16,"have fun , i love to live life to the fullest . . . . enjoy"
FN,1,0,0.3247,18,do you have anything planned for today ? i think i am going to do some canning .
TP,1,1,0.8937,6,i like to remodel homes .
FP,0,1,0.8047,14,"i wish i can sing , when i sing my four dogs howl ."
TN,0,0,0.2288,10,sounds a bit scary . i ve never been .
TN,0,0,0.2679,14,you must be very fast . hunting is one of my favorite hobbies .
FP,0,1,0.8673,6,where do you live at ?
TP,1,1,0.7794,6,i love to run fast .
FP,0,1,0.6527,15,"haha , that is helps with the fast food , do you have animals ?"
TN,0,0,0.2428,9,sounds like it could be a good time .
FP,0,1,0.9312,6,i watch kids for a living
TP,1,1,0.9144,6,i like to play soccer .
TP,1,1,0.7837,6,i am in the army .
FP,0,1,0.6668,20,i got a new fly rod and reel for my wife . . . best trade i ever made .
FP,0,1,0.9297,6,no i do not follow baseball
TP,1,1,0.8068,10,i like rap music i like micheal jackson too .
TN,0,0,0.3885,15,great commitment to your beliefs . i admit i still eat meat only less .
TP,1,1,0.8853,7,i'm stuck in a wheel chair .
TP,1,1,0.8021,12,i like rock opera my favorite song is two steps from hell
TN,0,0,0.149,14,"no , not much , but i've lots of friends . i can ask"
TN,0,0,0.3325,18,"oh , that is cool . the career highlight of my schooling was winning a spelling bee ."
TN,0,0,0.4005,8,hi . how are you doing today ?
TP,1,1,0.895,6,i am a soccer player .
TP,1,1,0.8058,13,what do you do for a living ? i'm in the army .
FP,0,1,0.6451,10,he definitely does ! do you have any hobbies ?
TP,1,1,0.7056,13,i was born male and transitioned to female when i was 17 .
FN,1,0,0.2428,17,"i've got a belly full of shrimp , so i'm fabulous . tell me about yourself ."
FP,0,1,0.9196,12,a noble pursuit . what kind of bait do you use ?
FP,0,1,0.8342,5,good i despise cheese greatly
TP,1,1,0.9507,8,i like to read books but not games
FP,0,1,0.8268,5,what artist of the usual
FP,0,1,0.7561,13,good because i eat steak often . are you in a band ?
FP,0,1,0.9064,11,they're both greyhounds . their names are tom and jerry .
FN,1,0,0.2577,9,i'm good . just listening to some tool .
TP,1,1,0.8027,5,we own our home .
FN,1,0,0.1467,8,i'm great today . such a nice day
FN,1,0,0.4814,18,what do you do for career ? i have a ton of hobbies if you are interested !
FP,0,1,0.8724,6,what is your favorite food ?
TP,1,1,0.8299,10,i am still in love with my ex boyfriend .
TP,1,1,0.9483,6,i am tall and blonde .
TP,1,1,0.931,4,i'm a babysitter .
TP,1,1,0.9002,12,not like i want being a nurse on the military base .
FP,0,1,0.8552,12,"studying in college for phys ed , what do you do ?"
TP,1,1,0.6954,4,i've three tattoos .
FP,0,1,0.7818,13,that sounds cute ! so what else do you do for fun ?
TP,1,1,0.83,13,i love baking . maids huh ? fancy . are you rich ?
FN,1,0,0.4729,20,me too . i love technology . i wish i would never die . i wanna free dive forever .
TP,1,1,0.7439,5,hi there . i'm vegan
FP,0,1,0.745,16,nothing really . i just like having nice new office supplies around . and books .
TN,0,0,0.3971,10,"cool , i play the drums every now and again"
FP,0,1,0.627,12,"yes , cooking for family get togethers is one of my favorites"
FP,0,1,0.8062,18,"well i despise tofu and have never found any friends in it try tofu , for security ."
TN,0,0,0.4493,8,what changed your mind about doing it ?
FN,1,0,0.4175,12,"be careful , my area is a little iffy at night ."
FN,1,0,0.1755,14,i am great just about to head out fishing one of my favorite pastimes
TP,1,1,0.8394,9,i have always wanted a pot bellied pig .
TP,1,1,0.7122,9,"i prefer rock music , like led zeppelin ."
FP,0,1,0.5062,17,"not much . just work , hang out with my boyfriend , singing lessons . . ."
FP,0,1,0.6107,14,you took your findings to the lab while you were in the shower ?
FN,1,0,0.2574,8,i'm quite the coffee drinker myself . !
TP,1,1,0.5656,12,i love doing anything outdoors . especially in summer . you ?
TN,0,0,0.4445,8,hello ! how are you doing today ?
TN,0,0,0.1189,17,hello there . how are you ? i got off from creating videos for discovery channel .
FP,0,1,0.5865,13,giant changes won't work without a strong foundation and evidence for initial success
FP,0,1,0.8246,16,being an author must be really neat . what type of books do you write ?
TN,0,0,0.3561,14,"wow , that sounds like an awesome job ! does he like it ?"
TP,1,1,0.8829,6,i am huge but act kindly
TP,1,1,0.7431,10,i love anime . my favorite is trinity blood .
FP,0,1,0.9263,5,i bet that it does
FP,0,1,0.6025,6,"good , how are you ?"
FP,0,1,0.6196,16,lol ! are there any places you guys like to go to as a family ?
TP,1,1,0.5076,13,i have not . i can cook any word you want me to
TP,1,1,0.7035,11,i like to donate time at the local animal shelter .
TP,1,1,0.7598,5,i am a veteran .
FP,0,1,0.5539,20,maybe i can get onw as a wedding gift . . being the middle kid sucks . parents neglect ya
TP,1,1,0.5081,14,"my mom is proud , i have the easter bunny hiding in my closet"
FN,1,0,0.4686,13,i'm sure he does like it . what else do you do ?
FN,1,0,0.4903,19,"yeah . dreaming , sigh . now it is the pta and book clubs , four of them ."
TP,1,1,0.9162,12,i had to call 911 when i had a terrible headache .
TN,0,0,0.4344,16,i would love to have you as my chef during my summer vacation on lake michigan
TP,1,1,0.8889,10,when i am not singing i am playing tennis .
TP,1,1,0.5741,7,i am in so cal inland empire
TP,1,1,0.607,9,i am in my late forties and live alone
FN,1,0,0.417,15,i will be graduating in september and hope to get a teaching job soon .
TP,1,1,0.7084,9,my favorite book is anne of green gables .
FN,1,0,0.4031,11,"hi katie , i'm lucy . how was your weekend ?"
TP,1,1,0.905,10,i like to build computers on the side too .
TN,0,0,0.2912,13,that's interesting . i would love to start my own insurance company .
TP,1,1,0.7025,10,i think it would be cold there too misery .
FP,0,1,0.8903,10,i give my family the top priority in my life
TP,1,1,0.8944,9,i live on a small farm in ohio .
FP,0,1,0.8275,8,a bank teller is a good job .
FP,0,1,0.6693,7,have you visited him there before ?
FP,0,1,0.861,12,stealing isn't nice . dust makes my allergies act up too sometimes
TP,1,1,0.7907,16,i think i will can some jam . do you also play footfall for fun ?
FP,0,1,0.7343,4,do you work ?
FP,0,1,0.7261,7,that sucks you should go see her
FP,0,1,0.8736,11,"okay , its not a super fun gig but pays decent"
TP,1,1,0.7518,5,i live in vermont .
FP,0,1,0.5204,5,hey there hows it going
TP,1,1,0.8662,5,i am a barista .
FN,1,0,0.2184,20,"you are never alone , and the law firm i work for knows it . we fight for you ."
TP,1,1,0.5939,4,i've a daughter .
FP,0,1,0.5377,8,"alaska , you ? are you married ?"
TP,1,1,0.6459,7,i am good and yourself friend ?
FP,0,1,0.8599,7,was that in 3rd game ? p
TP,1,1,0.5961,8,pretty . i like mountains alot you ?
FP,0,1,0.7591,13,eating healthy is easy for me cause i do not have a car
TP,1,1,0.6938,17,yeah . i always bake cookies when i am bored . do you have a hobby ?
TP,1,1,0.7967,6,my father worked for ge .
TP,1,1,0.7192,9,hi i am katie . i am a transgender
TP,1,1,0.7858,7,i like snowboarding and horseback riding .
TP,1,1,0.772,13,i want to get a horse . i love to go horseback riding
FP,0,1,0.8234,14,"yes , pizza is my vice ! sour candy is good , also ."
TP,1,1,0.5281,9,where do you live ? i'm in vermont .
TP,1,1,0.756,17,i have not read twilight yet but really want to . used to read black stallion .
TP,1,1,0.9457,7,fun i like to collect rare teapots
TP,1,1,0.8642,6,i live in the city .
TN,0,0,0.465,10,that sounds exciting ! ! do you have any tatoos
TN,0,0,0.3372,7,thanks . tell me about you ?
FP,0,1,0.5818,10,if they have a good day i do too .
TP,1,1,0.8204,13,whats the dogs name ? i have visited like 12 national parks .
TP,1,1,0.7509,7,people say i've a cute laugh .
FP,0,1,0.6966,11,i'll bake you a cake when you start your band .
FP,0,1,0.6833,7,me also what is your favorite ?
TN,0,0,0.4912,7,not yet . have you decided ?
TP,1,1,0.7533,5,i love to surf .
TP,1,1,0.9245,9,i'm a waitress at a popular houston club .
TP,1,1,0.8369,9,i like to cook but not with cheese obviously
FP,0,1,0.8014,9,sweet ! do you feed your snake beer ?
TP,1,1,0.6646,8,i've traveled to both ireland and australia .
TP,1,1,0.8968,9,i am a state trooper state of michigan !
FP,0,1,0.8951,6,i bet he loves it !
TP,1,1,0.7194,10,i love dogs ! what kind do you have ?
FN,1,0,0.1019,19,well if your sure i will keep dancing . i love it too hate to give it up .
TP,1,1,0.9605,6,i like to eat beef .
TP,1,1,0.8967,17,"wow ! i need to get outside , my school is huge . any good autographs ?"
TP,1,1,0.9419,9,i drive a motorcycle instead of a car .
TN,0,0,0.4345,17,its so interesting . the way computers work . i hope to own a repair shop .
FP,0,1,0.8757,11,"not really , in my spare time i write fictional novels"
TP,1,1,0.8203,10,i eat tuna fish salad at least every day .
FP,0,1,0.5898,7,do you have family in there ?
TP,1,1,0.8757,10,i love hairless asians . do you like carrots ?
FP,0,1,0.8546,14,i cannot ride horses . being that high off the ground is terrifying .
FP,0,1,0.8373,10,he will not lay on the porch no other time
TP,1,1,0.8876,5,i've borderline personality disorder .
FP,0,1,0.5628,17,"no way . that's my favorite team too . although , not cause of the colors ."
FP,0,1,0.7392,10,do u believe you can achieve anything because i do
FP,0,1,0.894,6,do you enjoy eating cakes ?
FN,1,0,0.1075,20,"i am so great . for sure , no fl now . unless you are really good at swimming ?"
TN,0,0,0.0787,14,do not trust anyone ! is your vera nice ? ours is dead .
TP,1,1,0.8546,12,"no , i've no clue , pretty strict laws where i live"
TP,1,1,0.527,6,i'm in to the photography business
FP,0,1,0.8261,12,well it takes a bus or a car to get there .
FP,0,1,0.8473,8,what do you do for a living ?
TP,1,1,0.6738,9,i like to go hiking on the weekends .
TP,1,1,0.6813,10,my children let me down so i have been better
TN,0,0,0.4764,14,nice . i don't have any pets . do you have any kids ?
FP,0,1,0.813,10,i give deep sea fishing tours at the beach sometimes
FN,1,0,0.4238,7,i'm from alabama . how about you
TN,0,0,0.2347,13,"that's good . i play sports , it helps me stay balanced ."
TP,1,1,0.505,11,"congratulations , i'm single and hope to go to japan soon"
TP,1,1,0.8273,6,i'm a michigan state trooper .
TN,0,0,0.1867,13,"hopefully it gets better with time , wish i could meet her haha"
FP,0,1,0.7072,11,teachers are the foundation of our world . that's great .
FP,0,1,0.8236,6,good where do you work ?
TP,1,1,0.8067,5,i've a pet snake .
TP,1,1,0.8159,8,my favorite food is spaghetti and meatballs .
FP,0,1,0.7359,14,"only you , master . only you . the knives are now secured ."
TP,1,1,0.8321,15,do you see a lot of animals around your garden ? i love seeing animals
FP,0,1,0.8185,14,yes and ceo in prison for 5 years for bribery . retired here .
FP,0,1,0.9255,7,wow that must be insanely well paying
TP,1,1,0.9451,8,how tall are you ? i'm 5 5
FP,0,1,0.867,8,"hey sean , what are you studying ?"
TP,1,1,0.9377,6,my mom is a janitor .
TN,0,0,0.309,12,that was probably wise . i'd have wanted to know more though
FN,1,0,0.3661,10,that is a good one . i have kids too
FN,1,0,0.1261,16,"wow that is intense , i am too much of scary cat to do that ."
TN,0,0,0.171,12,now that is really cool . what else to you like ?
FN,1,0,0.4554,10,"i am always so tired , how are you ?"
TP,1,1,0.9191,7,i'm in college to become a teacher
TN,0,0,0.3796,14,yeah it is . i really hope they have a frat party again soon
FP,0,1,0.5328,7,oh well that isn't a good combination
FP,0,1,0.9177,6,why how tall are you ?
FP,0,1,0.7707,14,my younger brother is a cod player too . he is pretty good .
FP,0,1,0.6071,13,doesn't have to be chocolate . i can bake anything . sure !
FP,0,1,0.6383,10,yummy ! mine is pasta . it is delicious .
FP,0,1,0.6871,7,"hi , what is your name ?"
TP,1,1,0.8532,7,i attend book club every week .
TP,1,1,0.8402,8,my major was american literature and education .
TN,0,0,0.0466,17,ambitious . i feel like you should focus on needs assessment and connection to services first .
FN,1,0,0.1186,17,that . s cool . . . i love to cook for my friends and family .
FP,0,1,0.6696,8,"aw , how old is your daughter ?"
TP,1,1,0.8777,7,i work at the local bank .
TP,1,1,0.8079,7,i grew up on a farm .
FN,1,0,0.235,8,that is nice . i work a lot
TP,1,1,0.8512,18,"that sounds fun ! i'm not sporty , aside from biking . do you coach high school ?"
TN,0,0,0.3849,9,idon't know i just worry about it constantly .
TP,1,1,0.7946,9,its a beautiful night i love the night air
FP,0,1,0.6065,5,hello how are you today
TP,1,1,0.8862,11,i prefer hiking outdoors and photography rather than crowded malls .
FP,0,1,0.5238,14,i'd rather spend my money on going to concerts where i dance hard !
TP,1,1,0.6081,14,"i go almost every weekend , it is one of my favorite past times"
TP,1,1,0.9306,11,my parents don't know that i'm . . . homosexual .
FP,0,1,0.8548,8,do you usually make bank waiting tables ?
FN,1,0,0.4271,16,"its fun during the day , i like it esp when i can bring beer !"
TN,0,0,0.1127,19,"wow , i wish i had a big family . i grew up in a very small town ."
FN,1,0,0.4116,17,sounds relaxing . i am going on a cruise in a month . hoping to relax there
FP,0,1,0.7937,14,"i mostly enjoy painting , but will often listen to music . you ?"
TN,0,0,0.0818,17,"hello , so glad to chat with you i do not do person to person contact well"
TP,1,1,0.7999,5,i'm an environmental activist .
FP,0,1,0.5298,6,hey there how are you ?
TP,1,1,0.877,6,my mom is a nurse .
TP,1,1,0.9419,9,i live in a house in the country .
FP,0,1,0.9483,12,yeah the exploding ones left cool black marks on my wall though
TN,0,0,0.0986,9,same here . better days ahead i hope .
FP,0,1,0.7246,13,dang they do move on to 5 letter words then . rough .
FN,1,0,0.1622,11,neat ! are you married ? i'm 35 and single .
TN,0,0,0.4893,13,oh my i've never had green eggs . what is your name ?
TN,0,0,0.4653,14,we can be one . love surfing the internet so we can always chat
FN,1,0,0.4782,9,i know what you mean i'm just so simple
TP,1,1,0.5516,8,what is that ? i'm not familiar .
FP,0,1,0.6878,15,"up north normally . dragons are cold blooded , even though they breathe fire ."
FP,0,1,0.5075,6,hi how are you doing ?
FP,0,1,0.701,8,oh great ! we can garden too .
TP,1,1,0.8273,12,i'm a bad driver and have been in a few crashes .
TN,0,0,0.4612,9,oh no it isn't it is my car lol
TP,1,1,0.8967,8,me too . i like repairing busted ones
TP,1,1,0.7776,6,i live on an island .
FP,0,1,0.5082,7,"how fun , are you single ?"
TN,0,0,0.4951,13,"well , my bf studies so i thought i'd try as well ."
TP,1,1,0.5377,17,does she like to fish ? that is a deal breaker for me . i love fishing
FP,0,1,0.7262,15,"nah . but i do not drink it , i stick to almond milk ."
FP,0,1,0.9141,5,do you like computers ?
FP,0,1,0.5682,17,my prius will not fit all our children so we are upgrading to a van soon .
TP,1,1,0.8279,8,i had when i wrote my first book
FP,0,1,0.6494,6,its was very warm outside today
FN,1,0,0.4339,17,"i am sorry . have your parents taught you about philosophy , i study it a umass"
FP,0,1,0.6768,11,"i volunteer at a farm , do you like animals ?"
TN,0,0,0.2423,9,oh that sounds like a lot of fun .
TP,1,1,0.8971,4,i'm large but harmless
TP,1,1,0.8733,17,i am studying forestry management . i do not want to be a custodian like mom .
TP,1,1,0.7257,10,yes i am . i don't care for sports much
TP,1,1,0.9023,11,my favorite holiday is halloween because i like dressing up .
TN,0,0,0.4195,13,great ! just go off work at the smoothie shop . you ?
FP,0,1,0.859,8,canada is great for winter sports too .
TP,1,1,0.8297,9,i want to be in a band someday .
FN,1,0,0.484,17,comedies ! i like when my dog and cat come to bed with me to watch movies
FP,0,1,0.7148,6,he's so weird i tell you
TP,1,1,0.8587,5,i enjoy playing tennis .
TN,0,0,0.4612,19,"what did you do to get kicked out ? props to you for planning for college , btw !"
TP,1,1,0.7813,6,i am an aspiring singer .
TP,1,1,0.7999,5,i do welding mostly yeah
TP,1,1,0.5859,17,"i like rock too , but sometimes i listen to gary human with my hipster friends ."
FN,1,0,0.1109,13,"sorry to hear , i work for a large adoption law firm ."
FP,0,1,0.943,6,how old are you now ?
TP,1,1,0.7566,11,gosh that's creepy . i'm going to watch baseball now .
FP,0,1,0.514,11,witty is good that means you have a sense of humor
TP,1,1,0.9128,6,i love the game halo .
TP,1,1,0.7997,4,i live alone .
TN,0,0,0.4256,6,hello how are you today ?
FP,0,1,0.9721,9,do you follow baseball at a ; ; ?
FN,1,0,0.3818,7,"very nice , i am vegetarian too"
FP,0,1,0.9527,14,"girl power ! that is so cool , do you wear zebras socks ?"
TP,1,1,0.8467,5,i am a veterinarian .
TN,0,0,0.4559,7,hello how are you this evening ?
FN,1,0,0.4694,9,nice to meet you too ! i'm vladimir .
TP,1,1,0.7885,6,i am a night owl .
TP,1,1,0.7837,13,i'm a call of duty girl i cant wait for the new one
TP,1,1,0.8909,8,i'm going on a cruise next month .
FP,0,1,0.5903,12,you said that before . haha . where are you from ?
TP,1,1,0.8174,10,"sweet , i like sweet potatoes and jumping off cliffs"
FP,0,1,0.9395,10,i don't like carrots . i throw them away .
TP,1,1,0.643,9,yes i like to entertain playing the drums .
FP,0,1,0.9146,10,is your hair color blonde ? tv loves blondes .
TN,0,0,0.2831,14,it can be fun but i do have to mix it up a ton
FP,0,1,0.7416,7,sounds painful how big was the carrot
TN,0,0,0.2744,14,greetings . . today would be wonderful if i were royalty . . .
TP,1,1,0.7204,15,i'm sure i can lift 10 nurses . bring on the nurses ! ! !
TP,1,1,0.9217,6,i am 19 years old .
FP,0,1,0.6522,8,"ok i see , that's your halloween costume"
TP,1,1,0.8032,12,i love watching college basketball and rocking out to classic rock .
FP,0,1,0.5471,15,pig would be fun . i wonder if one would free dive with me ?
FP,0,1,0.8906,6,"i see , i play guitar"
TN,0,0,0.4934,7,you work for a funeral home ?
FN,1,0,0.3873,7,i'm doing good how about you ?
TP,1,1,0.7365,5,i have three tattoos .
FN,1,0,0.0948,20,"hi , how are you doing ? i'm getting ready to do some cheetah chasing to stay in shape ."
TP,1,1,0.9036,6,i like to go hunting .
FP,0,1,0.5259,12,"that's awesome , when i was young like that i tried acting"
TP,1,1,0.7321,14,"i struggle to maintain a constant eye contact with people , my eye wanders"
TP,1,1,0.6294,18,i love to go dancing . i love eating out . do you have any favorite foods ?
TP,1,1,0.9728,6,i am ten years old .
FN,1,0,0.0569,16,"hi , i am a mechanic who lives alone . . . how about you ?"
TP,1,1,0.6127,5,i love my girlfriend .
FP,0,1,0.8987,11,i've never tried to garden but my mom loves it .
FP,0,1,0.9258,9,"ll i've 3 , my parents do not know"
FP,0,1,0.5141,10,okay that's ridiculous lol . why so many moves ?
TP,1,1,0.8371,10,i go to at least 10 concerts a year .
TP,1,1,0.6451,4,i am argentinian .
TP,1,1,0.7554,9,going snorkeling is my favorite thing to do .
FN,1,0,0.4951,10,well then . . . i do i love it
TP,1,1,0.9026,9,i do not like green eggs and ham .
TN,0,0,0.4714,5,that is a good start
TN,0,0,0.0649,11,"true , very true , so what are you doing ?"
FP,0,1,0.6168,13,is it all organic ? i found that sometimes chemicals are necessary .
FP,0,1,0.9155,16,i would have to say its prime rib . do you have any favorite foods ?
TP,1,1,0.7169,10,yeah i need to get away from all these cows
FN,1,0,0.4655,14,you will be blown away by the ending ! i love that show .
FP,0,1,0.5131,7,200 of what i don't get it
TP,1,1,0.8428,5,i am a vegan .
FP,0,1,0.7597,7,it is fun i can't get enough
